{
    "1": [
        {
            "t_loss": [
                0.13781711386241777,
                0.06132029302729898,
                0.026214509920144326,
                0.012263445601149534,
                0.007055320553540384,
                0.0044427005494720555
            ],
            "t_accuracy": [
                53.7490134175217,
                83.10970797158643,
                94.08050513022889,
                98.02683504340963,
                99.05288082083662,
                99.28966061562747
            ],
            "t_precision": [
                57.289235294954935,
                83.1461787778424,
                94.08856970584436,
                98.03184877468571,
                99.05730208087058,
                99.2927295252261
            ],
            "t_recall": [
                53.400852688400455,
                83.09084540127594,
                94.10819196338527,
                98.04129188142947,
                99.06201506290633,
                99.29173139659552
            ],
            "t_F1_measure": [
                53.119008907981204,
                83.0877585572366,
                94.08644889096108,
                98.03380800523259,
                99.05953918655024,
                99.29210446913386
            ],
            "e_loss": [
                0.04490818365327191
            ],
            "e_accuracy": [
                89.58990536277602
            ],
            "e_precision": [
                89.93162062267753
            ],
            "e_recall": [
                89.6884047571507
            ],
            "e_F1_measure": [
                89.58164197698278
            ],
            "epoch": [
                6
            ]
        }
    ],
    "2": [
        {
            "t_loss": [
                0.14387748325162736,
                0.06464424186578019,
                0.029085654600713794,
                0.012646490178749425,
                0.008333199892719382,
                0.004340951900632248
            ],
            "t_accuracy": [
                51.22336227308603,
                83.34648776637727,
                93.44909234411998,
                97.71112865035516,
                98.65824782951854,
                99.21073401736385
            ],
            "t_precision": [
                51.527833018360944,
                83.4309014339247,
                93.44556265355544,
                97.71064747653473,
                98.65666038223853,
                99.20823855085914
            ],
            "t_recall": [
                51.09412870975694,
                83.3164214295652,
                93.44130943343824,
                97.71282743363572,
                98.65752918084618,
                99.20823855085914
            ],
            "t_F1_measure": [
                50.26541651914428,
                83.33106836130912,
                93.44008197387528,
                97.71027659634133,
                98.65453203168377,
                99.20823855085914
            ],
            "e_loss": [
                0.0368466890073302
            ],
            "e_accuracy": [
                90.85173501577287
            ],
            "e_precision": [
                90.73066667598073
            ],
            "e_recall": [
                90.63276397515527
            ],
            "e_F1_measure": [
                90.6460598335073
            ],
            "epoch": [
                6
            ]
        }
    ],
    "3": [
        {
            "t_loss": [
                0.1514584627222996,
                0.09342710961953052,
                0.04823063514779756,
                0.025240682544746828,
                0.013825538358706231,
                0.007712785330995764,
                0.00548185979037442
            ],
            "t_accuracy": [
                45.38279400157853,
                72.61247040252564,
                87.60852407261247,
                94.63299131807419,
                97.47434885556433,
                98.97395422257301,
                99.4475138121547
            ],
            "t_precision": [
                46.51830227400468,
                72.9443350354528,
                87.60200935792196,
                94.68020621536077,
                97.471148215011,
                98.97554766123106,
                99.43962951863887
            ],
            "t_recall": [
                45.24063019912655,
                72.49857024019964,
                87.64473068524488,
                94.65262523396069,
                97.51120249298118,
                98.9930023006135,
                99.45743865030676
            ],
            "t_F1_measure": [
                45.23929013441174,
                72.50397010474563,
                87.62043718450596,
                94.6500683614126,
                97.48762265963748,
                98.98262723207748,
                99.44723022196689
            ],
            "e_loss": [
                0.027093576138092892
            ],
            "e_accuracy": [
                92.42902208201893
            ],
            "e_precision": [
                92.48394462680177
            ],
            "e_recall": [
                92.24311255822381
            ],
            "e_F1_measure": [
                92.3124384525969
            ],
            "epoch": [
                7
            ]
        }
    ],
    "4": [
        {
            "t_loss": [
                0.15908766752542616,
                0.09505184184121822,
                0.04354536595688905,
                0.020753579115717073,
                0.011794513153190113,
                0.006835797600207032,
                0.003422042341710266
            ],
            "t_accuracy": [
                41.91002367797948,
                72.21783741120758,
                90.13417521704814,
                95.97474348855565,
                97.55327545382794,
                99.05288082083662,
                99.76322020520915
            ],
            "t_precision": [
                42.44106319471284,
                73.0793063029427,
                90.15517972851593,
                95.96380732942109,
                97.56658656690522,
                99.0513575096993,
                99.7567459703359
            ],
            "t_recall": [
                41.73577937976126,
                71.96294190901611,
                90.0998101337834,
                95.98178538698383,
                97.54402910625947,
                99.06057518600659,
                99.75857475857475
            ],
            "t_F1_measure": [
                41.91295513953159,
                72.10683354617117,
                90.1190935642849,
                95.9693129451194,
                97.55350126999609,
                99.05453604930698,
                99.75752940580816
            ],
            "e_loss": [
                0.0341480959189192
            ],
            "e_accuracy": [
                92.11356466876971
            ],
            "e_precision": [
                92.00281820826545
            ],
            "e_recall": [
                92.2225832759895
            ],
            "e_F1_measure": [
                92.06467043990207
            ],
            "epoch": [
                7
            ]
        }
    ],
    "5": [
        {
            "t_loss": [
                0.1352120608984484,
                0.057141482072062676,
                0.024447680518548197,
                0.00998937720814808,
                0.005442801547128037
            ],
            "t_accuracy": [
                51.97160883280757,
                84.70031545741325,
                94.79495268138801,
                98.65930599369085,
                99.44794952681389
            ],