{
    "1": [
        {
            "t_loss": [
                0.14412737991175692,
                0.06296950371108284,
                0.02543243430055025,
                0.010727674995079319,
                0.005558230688511714,
                0.0038182902816556626,
                0.0031080532039132708,
                0.002883486109385127,
                0.002253172456065594,
                0.0018467246834115193,
                0.0015087180716539096,
                0.0013339203371112872,
                0.001119018475368513,
                0.0010812439720183846,
                0.0008048526292200764
            ],
            "t_accuracy": [
                49.09234411996843,
                84.0568271507498,
                94.63299131807419,
                98.73717442778216,
                99.52644041041832,
                99.68429360694554,
                99.76322020520915,
                99.60536700868192,
                99.76322020520915,
                99.84214680347277,
                99.84214680347277,
                99.92107340173638,
                99.92107340173638,
                99.92107340173638,
                99.92107340173638
            ],
            "t_precision": [
                52.72528462191023,
                84.12928602087698,
                94.63652191915075,
                98.74596995582041,
                99.52830188679245,
                99.68552215189874,
                99.76108294523756,
                99.60359911523081,
                99.76582905342883,
                99.84276107594935,
                99.84276107594935,
                99.9221183800623,
                99.9221183800623,
                99.9221183800623,
                99.9221183800623
            ],
            "t_recall": [
                48.93551628497878,
                83.97965938850388,
                94.62278240369501,
                98.73195991720284,
                99.52927215189872,
                99.68552215189874,
                99.76463607594937,
                99.60739715189874,
                99.76463607594937,
                99.84276107594935,
                99.84276107594935,
                99.92088607594937,
                99.92088607594937,
                99.92088607594937,
                99.92088607594937
            ],
            "t_F1_measure": [
                49.00818540510931,
                83.9955461308824,
                94.6229530321667,
                98.73782519399582,
                99.52829722219475,
                99.68552215189874,
                99.76273214967284,
                99.60537096427635,
                99.76511272617329,
                99.84276107594935,
                99.84276107594935,
                99.92137878859053,
                99.92137878859053,
                99.92137878859053,
                99.92137878859053
            ],
            "e_loss": [
                0.04369494247790837
            ],
            "e_accuracy": [
                93.37539432176656
            ],
            "e_precision": [
                93.42083902939166
            ],
            "e_recall": [
                93.42904810661915
            ],
            "e_F1_measure": [
                93.40500238335972
            ],
            "epoch": [
                15
            ]
        }
    ],
    "2": [
        {
            "t_loss": [
                0.15169841860257083,
                0.0871918146169929,
                0.043268850289326345,
                0.020352398848782965,
                0.010503921368921611,
                0.006569495701746341,
                0.004527958116590412,
                0.0029290201952467776,
                0.002020326073280732,
                0.0014720955880501417,
                0.0012936462621015645,
                0.0011298168099969743,
                0.0009247953095712244
            ],
            "t_accuracy": [
                45.61957379636937,
                75.5327545382794,
                90.52880820836621,
                96.36937647987372,
                98.50039463299132,
                99.13180741910024,
                99.52644041041832,
                99.76322020520915,
                99.92107340173638,
                99.92107340173638,
                99.92107340173638,
                99.92107340173638,
                99.92107340173638
            ],
            "t_precision": [
                46.600142378023875,
                76.39762660790684,
                90.54414189723771,
                96.34966590501813,
                98.49203840761274,
                99.12713098138993,
                99.52216316528597,
                99.7597687400319,
                99.91776315789474,
                99.91776315789474,
                99.92063492063492,
                99.91776315789474,
                99.92063492063492
            ],
            "t_recall": [
                45.24580357505109,
                75.36681732933224,
                90.54681705062885,
                96.37879716631296,
                98.50108765059366,
                99.1384740966859,
                99.52882877261631,
                99.76643434736224,
                99.92447129909365,
                99.92447129909365,
                99.92447129909365,
                99.92447129909365,
                99.92447129909365
            ],
            "t_F1_measure": [
                44.87386694968374,
                75.29259017722323,
                90.51138201078197,
                96.35385454740013,
                98.49620975857984,
                99.13219700463758,
                99.52537149309846,
                99.76297706784439,
                99.92099235594813,
                99.92099235594813,
                99.92243288941695,
                99.92099235594813,
                99.92243288941695
            ],
            "e_loss": [
                0.030090711963853625
            ],
            "e_accuracy": [
                93.05993690851734
            ],
            "e_precision": [
                93.06665556665557
            ],
            "e_recall": [
                93.34815280636623
            ],
            "e_F1_measure": [
                93.02868890757874
            ],
            "epoch": [
                13
            ]
        }
    ],
    "3": [
        {
            "t_loss": [
                0.16438274733551675,
                0.109838947336224,
                0.05551789004146911,
                0.02442400091884168,
                0.010456022266195623,
                0.005533578966603847,
                0.0034070338843641738,
                0.0022316336368622984,
                0.0016450142868645284,
                0.0014464629023102859,
                0.0012735214959844747,
                0.001116422749982284,
                0.0010242805740521852,
                0.0009559529580634554
            ],
            "t_accuracy": [
                35.91160220994475,
                67.16653512233623,
                84.68823993685872,
                94.71191791633781,
                98.57932123125494,
                99.36858721389108,
                99.76322020520915,
                99.84214680347277,
                99.92107340173638,
                99.92107340173638,
                99.92107340173638,
                99.92107340173638,
                99.92107340173638,
                99.92107340173638
            ],