{
    "1": [
        {
            "t_loss": [
                0.16848712717348324,
                0.14098801500889477,
                0.08430508534176291,
                0.04542065356823527,
                0.024342614603129635,
                0.014179036372591871,
                0.008920347312172755,
                0.006547197885517305
            ],
            "t_accuracy": [
                32.28097868981847,
                51.93370165745856,
                74.58563535911603,
                88.39779005524862,
                95.02762430939227,
                97.55327545382794,
                98.34254143646409,
                99.13180741910024
            ],
            "t_precision": [
                34.15547972399104,
                51.86820967437799,
                74.55727346978391,
                88.38227513185734,
                95.03040267429972,
                97.54519987837035,
                98.34702365376278,
                99.12390826553425
            ],
            "t_recall": [
                32.02047174009791,
                51.562285066957955,
                74.37644131569364,
                88.34365011935105,
                95.01183396043209,
                97.54718412428693,
                98.35325889064207,
                99.13344054699195
            ],
            "t_F1_measure": [
                31.55698179306806,
                50.58263733063113,
                74.27613174696951,
                88.35312696820596,
                95.00071567645702,
                97.53830083504666,
                98.34126157125992,
                99.12645923363503
            ],
            "e_loss": [
                0.07173844543799805
            ],
            "e_accuracy": [
                83.59621451104101
            ],
            "e_precision": [
                83.66232788296043
            ],
            "e_recall": [
                83.5933851061977
            ],
            "e_F1_measure": [
                83.54334381371157
            ],
            "epoch": [
                8
            ]
        }
    ],
    "2": [
        {
            "t_loss": [
                0.14913149833114672,
                0.08933757011497125,
                0.05275818736137324,
                0.02884168977589709,
                0.015987047380176037,
                0.008131799252076044,
                0.006818697002775902
            ],
            "t_accuracy": [
                46.64561957379637,
                74.19100236779795,
                86.74033149171271,
                93.0544593528019,
                96.92186266771903,
                98.97395422257301,
                99.13180741910024
            ],
            "t_precision": [
                47.04856906687547,
                75.40727047541968,
                86.70456109551748,
                93.02206278583249,
                96.90024651335929,
                98.97694637348857,
                99.14509739736188
            ],
            "t_recall": [
                46.01540285286859,
                73.74792908415368,
                86.64210292908481,
                93.00058376912524,
                96.91585302396923,
                98.98942141060564,
                99.12469899876353
            ],
            "t_F1_measure": [
                44.22526576030969,
                73.66514885524101,
                86.65355336932,
                93.00806079828527,
                96.90559219495665,
                98.98212791136378,
                99.13427546796753
            ],
            "e_loss": [
                0.05586923963804538
            ],
            "e_accuracy": [
                84.22712933753944
            ],
            "e_precision": [
                84.10362569003186
            ],
            "e_recall": [
                84.33348257486156
            ],
            "e_F1_measure": [
                84.08093555773395
            ],
            "epoch": [
                7
            ]
        }
    ],
    "3": [
        {
            "t_loss": [
                0.15259100516762616,
                0.08684608433175106,
                0.045855639218672486,
                0.027618577384817006,
                0.014633698443328666,
                0.00900607016275695,
                0.006310038733124827
            ],
            "t_accuracy": [
                42.14680347277032,
                74.74348855564325,
                88.63456985003947,
                92.73875295974743,
                97.3164956590371,
                98.73717442778216,
                98.97395422257301
            ],
            "t_precision": [
                41.41557060342548,
                74.80047945036074,
                88.70313662882795,
                92.70905737960717,
                97.31106730975252,
                98.7325481303013,
                98.97181207697339
            ],
            "t_recall": [
                41.94417809600082,
                74.62391668304922,
                88.5980787714305,
                92.71275962229392,
                97.3172089309959,
                98.73886645712906,
                98.97381772776971
            ],
            "t_F1_measure": [
                41.330726754345456,
                74.5585566438424,
                88.60359664898803,
                92.708585583211,
                97.31153792393353,
                98.7348266868911,
                98.9724389511224
            ],
            "e_loss": [
                0.0530489343233195
            ],
            "e_accuracy": [
                86.1198738170347
            ],
            "e_precision": [
                86.3317379744391
            ],
            "e_recall": [
                85.97451258611308
            ],
            "e_F1_measure": [
                86.05823199979416
            ],
            "epoch": [
                7
            ]
        }
    ],
    "4": [
        {
            "t_loss": [
                0.16389427188822106,
                0.11854747824529634,
                0.06951337110695165,
                0.0376488730434884,
                0.021542759966502154,
                0.013090387618885138,
                0.009342937988994295,
                0.006108563474211151
            ],
            "t_accuracy": [
                36.858721389108126,
                63.77269139700079,
                82.08366219415943,
                91.16022099447514,
                95.89581689029202,
                98.10576164167324,
                98.65824782951854,
                99.36858721389108
            ],
            "t_precision": [
                38.38408087623383,
                65.66699856022487,
                82.18011722954796,
                91.16708367229764,
                95.89526197377938,
                98.10227988384914,
                98.66169990445152,
                99.36975428161543
            ],
            "t_recall": [
                36.79542455675456,
                63.48311769739148,
                82.00310779306965,
                91.14266869073388,
                95.89343507103186,
                98.10912493694502,
                98.66021832843418,
                99.36975428161543
            ],
            "t_F1_measure": [
                36.97474300397596,
                62.29651703109265,
                81.96744110995843,
                91.14878708712723,
                95.89374972604065,
                98.10372128196742,
                98.65973198541646,
                99.36975428161543
            ],
            "e_loss": [
                0.06261067315701055
            ],
            "e_accuracy": [
                82.96529968454259
            ],
            "e_precision": [
                83.15710616438356
            ],
            "e_recall": [
                82.76298803089766
            ],
            "e_F1_measure": [
                82.84441299365842
            ],