{
    "1": [
        {
            "t_loss": [
                0.0679088946440696,
                0.028173682101264936,
                0.011251064990636111,
                0.004894114891838962,
                0.0026898475484400633,
                0.0014169426464373518,
                0.0011660299769616683,
                0.0007339854481767484,
                0.0006288344925526756,
                0.0005434371048441979,
                0.0005614018424589778,
                0.00048051945568924594,
                0.0004354752874003331,
                0.0003918474435368178,
                0.00033467528413931217,
                0.00027538047814572666,
                0.0002253053648487004,
                0.00020438590878657498,
                0.00020267046442594975,
                0.00018515211607946264
            ],
            "t_accuracy": [
                54.301499605367006,
                85.39857932123125,
                94.94869771112864,
                98.10576164167324,
                99.21073401736385,
                99.68429360694554,
                99.68429360694554,
                99.84214680347277,
                99.84214680347277,
                99.84214680347277,
                99.84214680347277,
                99.84214680347277,
                99.84214680347277,
                99.84214680347277,
                99.84214680347277,
                100.0,
                100.0,
                100.0,
                100.0,
                100.0
            ],
            "t_precision": [
                56.2588679850724,
                85.41568073086223,
                94.93425616861147,
                98.09540157571068,
                99.21596897477434,
                99.67943448956107,
                99.6789505920784,
                99.83818770226537,
                99.83971724478053,
                99.84227129337539,
                99.83971724478053,
                99.83818770226537,
                99.83971724478053,
                99.84227129337539,
                99.83971724478053,
                100.0,
                100.0,
                100.0,
                100.0,
                100.0
            ],
            "t_recall": [
                54.16734131094374,
                85.36865490367359,
                94.93183515227292,
                98.10694703980671,
                99.20323528625488,
                99.68271771864052,
                99.68553459119497,
                99.8427672955975,
                99.8427672955975,
                99.8427672955975,
                99.8427672955975,
                99.8427672955975,
                99.8427672955975,
                99.8427672955975,
                99.8427672955975,
                100.0,
                100.0,
                100.0,
                100.0,
                100.0
            ],
            "t_F1_measure": [
                54.090095628190184,
                85.37714014811148,
                94.92870295992522,
                98.09757131129606,
                99.20870374926034,
                99.68070042251614,
                99.68059658483044,
                99.83996681551886,
                99.84086558883656,
                99.84202172263707,
                99.84086558883656,
                99.83996681551886,
                99.84086558883656,
                99.84202172263707,
                99.84086558883656,
                100.0,
                100.0,
                100.0,
                100.0,
                100.0
            ],
            "e_loss": [
                0.01589571004615926
            ],
            "e_accuracy": [
                93.69085173501577
            ],
            "e_precision": [
                93.68226972932379
            ],
            "e_recall": [
                93.67888219544847
            ],
            "e_F1_measure": [
                93.67531645036946
            ]
        }
    ],
    "2": [
        {
            "t_loss": [
                0.07374932101230125,
                0.035659568309313494,
                0.015585650033490247,
                0.006157663281074921,
                0.002611182700627981,
                0.0013521611047342666,
                0.0012468547790348765,
                0.0008656782342154818,
                0.0005628570284688553,
                0.0004873031519879694,
                0.0003896107663412967,
                0.0003410837647594047,
                0.00030837538846913246,
                0.0002740625164897167,
                0.0002488434743268479,
                0.0002231480830864306,
                0.00021418862044076187,
                0.00020010939065290536,
                0.00019140110348205022,
                0.00017925987061298353
            ],
            "t_accuracy": [
                49.25019731649566,
                81.05761641673244,
                92.34411996842935,
                97.39542225730071,
                99.4475138121547,
                99.76322020520915,
                99.76322020520915,
                99.84214680347277,
                99.84214680347277,
                99.92107340173638,
                100.0,
                100.0,
                100.0,
                100.0,
                100.0,
                100.0,
                100.0,
                100.0,
                100.0,
                100.0
            ],
            "t_precision": [
                51.23726960459142,
                81.32657189720841,
                92.31549920215552,
                97.37720190180453,
                99.44541542926021,
                99.75407707208328,
                99.76175100778835,
                99.83524417518946,
                99.8371335504886,
                99.91694352159467,
                100.0,
                100.0,
                100.0,
                100.0,
                100.0,
                100.0,
                100.0,
                100.0,
                100.0,
                100.0
            ],
            "t_recall": [
                48.80010345688755,
                80.85046469559897,
                92.34881715139824,
                97.40278430555725,
                99.44969363952622,
                99.77294924103435,
                99.76605710299467,
                99.84802431610942,
                99.84802431610942,
                99.92401215805471,
                100.0,
                100.0,
                100.0,
                100.0,
                100.0,
                100.0,
                100.0,
                100.0,
                100.0,
                100.0
            ],
            "t_F1_measure": [
                48.67000997629179,
                80.92792830878548,
                92.30941107524592,
                97.38901727445347,
                99.44720121277432,
                99.76288981866685,
                99.76354963759987,
                99.84126661975627,
                99.84208114139965,
                99.9203509118491,
                100.0,
                100.0,
                100.0,
                100.0,
                100.0,
                100.0,
                100.0,
                100.0,
                100.0,
                100.0
            ],
            "e_loss": [
                0.023340231318861152
            ],
            "e_accuracy": [
                91.4826498422713
            ],
            "e_precision": [
                91.45611233846527
            ],
            "e_recall": [
                91.77197057684862
            ],
            "e_F1_measure": [
                91.52099315778561
            ]
        }
    ],