{
    "1": [
        {
            "t_F1": [
                65.0436270399395
            ],
            "e_F1": [
                51.87444815983034
            ],
            "epoch": [
                34
            ]
        }
    ],
    "2": [
        {
            "t_F1": [
                64.71928277483833
            ],
            "e_F1": [
                51.48474422911011
            ],
            "epoch": [
                33
            ]
        }
    ],
    "3": [
        {
            "t_F1": [
                66.30424954792043
            ],
            "e_F1": [
                48.360126343997315
            ],
            "epoch": [
                31
            ]
        }
    ],
    "4": [
        {
            "t_F1": [
                63.033682210308825
            ],
            "e_F1": [
                51.463333548779964
            ],
            "epoch": [
                34
            ]
        }
    ],
    "5": [
        {
            "t_F1": [
                65.66521976422187
            ],
            "e_F1": [
                47.87660596751392
            ],
            "epoch": [
                30
            ]
        }
    ],
    "6": [
        {
            "t_F1": [
                71.61128139861651
            ],
            "e_F1": [
                50.125722212456516
            ],
            "epoch": [
                39
            ]
        }
    ],
    "7": [
        {
            "t_F1": [
                71.4570407928397
            ],
            "e_F1": [
                46.54822916897774
            ],
            "epoch": [
                37
            ]
        }
    ],
    "8": [
        {
            "t_F1": [
                64.33956163713783
            ],
            "e_F1": [
                48.62470464352315
            ],
            "epoch": [
                30
            ]
        }
    ],
    "9": [
        {
            "t_F1": [
                66.42493529897611
            ],
            "e_F1": [
                49.63487652586118
            ],
            "epoch": [
                37
            ]
        }
    ],
    "10": [
        {
            "t_F1": [
                64.81883133604798
            ],
            "e_F1": [
                51.481423556806725
            ],
            "epoch": [
                33
            ]
        }
    ],
    "average f1": [
        49.747421435685695
    ]
}