{
    "1": [
        {
            "t_loss": [
                0.1405309371432641,
                0.061461468486684274,
                0.02909464200616071,
                0.014772255573459939,
                0.009421015530236613,
                0.0045472605450883
            ],
            "t_accuracy": [
                51.85477505919495,
                83.89897395422257,
                93.44909234411998,
                97.15864246250986,
                98.65824782951854,
                99.52644041041832
            ],
            "t_precision": [
                55.08899585298997,
                83.94418011378349,
                93.45495803111234,
                97.15542219975374,
                98.64696213446015,
                99.51970844676133
            ],
            "t_recall": [
                51.6254236095535,
                83.82686638282387,
                93.41548981168246,
                97.15832659795925,
                98.65397708728172,
                99.52531339080936
            ],
            "t_F1_measure": [
                51.54146915869517,
                83.86005400667909,
                93.42781513946974,
                97.15637543372468,
                98.65009302602,
                99.52238856640632
            ],
            "e_loss": [
                0.042275187371398563
            ],
            "e_accuracy": [
                88.32807570977918
            ],
            "e_precision": [
                88.4236754792905
            ],
            "e_recall": [
                88.29952329077912
            ],
            "e_F1_measure": [
                88.31004409181017
            ],
            "epoch": [
                6
            ]
        }
    ],
    "2": [
        {
            "t_loss": [
                0.14063460493332397,
                0.06191164535641576,
                0.025784125397218523,
                0.01100235402322394,
                0.005640673762056521,
                0.0031883143106859173
            ],
            "t_accuracy": [
                51.22336227308603,
                84.5303867403315,
                94.00157853196528,
                98.10576164167324,
                99.4475138121547,
                99.76322020520915
            ],
            "t_precision": [
                51.0325071105451,
                84.58081334215872,
                93.98930540596251,
                98.10130876119125,
                99.44574429863633,
                99.76196819007025
            ],
            "t_recall": [
                50.78375565265814,
                84.42644448368296,
                94.01546036302247,
                98.11784572263377,
                99.45040072575381,
                99.76524285915578
            ],
            "t_F1_measure": [
                50.13822755154651,
                84.455608769506,
                93.98381400767296,
                98.10544307747166,
                99.44771868492184,
                99.76321654787203
            ],
            "e_loss": [
                0.04933892274481077
            ],
            "e_accuracy": [
                88.9589905362776
            ],
            "e_precision": [
                89.16307554492643
            ],
            "e_recall": [
                89.01867910570442
            ],
            "e_F1_measure": [
                89.04444600851666
            ],
            "epoch": [
                6
            ]
        }
    ],
    "3": [
        {
            "t_loss": [
                0.14144648146986868,
                0.07259848609202098,
                0.03609133979280633,
                0.01715247541366126,
                0.009180280126354877,
                0.00536310436290813
            ],
            "t_accuracy": [
                49.25019731649566,
                80.11049723756906,
                91.94948697711129,
                97.3164956590371,
                98.81610102604577,
                99.60536700868192
            ],
            "t_precision": [
                48.50242395364928,
                80.10581666712301,
                91.94858656320622,
                97.32332567255449,
                98.8157059446543,
                99.60410814539536
            ],
            "t_recall": [
                49.131590169278105,
                80.07268237992537,
                91.94554091445598,
                97.32371701845494,
                98.82296145883103,
                99.60682433508521
            ],
            "t_F1_measure": [
                48.5515798948542,
                80.08072244428206,
                91.94386567779887,
                97.31445758026638,
                98.8159356952568,
                99.60534234557564
            ],
            "e_loss": [
                0.037709476816987955
            ],
            "e_accuracy": [
                88.9589905362776
            ],
            "e_precision": [
                89.29862203476748
            ],
            "e_recall": [
                88.97808513325755
            ],
            "e_F1_measure": [
                88.9789809691039
            ],
            "epoch": [
                6
            ]
        }
    ],
    "4": [
        {
            "t_loss": [
                0.16594484714231061,
                0.12218175036942949,
                0.08587186855882195,
                0.048017596277601625,
                0.022318749502595242,
                0.016050525874064112,
                0.006436340263864612,
                0.006096167006215997
            ],
            "t_accuracy": [
                35.674822415153905,
                58.64246250986582,
                74.9802683504341,
                87.60852407261247,
                95.58011049723757,
                96.7640094711918,
                99.28966061562747,
                99.05288082083662
            ],
            "t_precision": [
                35.25693750073609,
                59.87924556315861,
                75.96268432638115,
                87.62987445718728,
                95.58457744244873,
                96.75198117485795,
                99.28701627017358,
                99.05442542130754
            ],
            "t_recall": [
                35.57408579705745,
                58.42893662896501,
                74.89401048974244,
                87.6044485999424,
                95.57980791876398,
                96.75301499937328,
                99.28826368615896,
                99.05143491917492
            ],
            "t_F1_measure": [
                35.241221300299564,
                58.04408945276718,
                74.81122038104179,
                87.60827293500438,
                95.57511941488569,
                96.75106729500298,
                99.28751337213593,
                99.05280447606599
            ],
            "e_loss": [
                0.05380461905856708
            ],
            "e_accuracy": [
                87.69716088328076
            ],
            "e_precision": [
                88.6069214523299
            ],
            "e_recall": [
                87.12195523993277
            ],
            "e_F1_measure": [
                87.4856913919414
            ],
            "epoch": [
                8
            ]
        }
    ],
    "5": [
        {
            "t_loss": [
                0.14232366929294935,
                0.06856269305953844,
                0.029549256128726133,
                0.012540165691897979,
                0.006239151646021741,
                0.004356816300846143
            ],
            "t_accuracy": [
                51.41955835962145,
                80.91482649842271,
                93.84858044164038,
                98.26498422712933,
                99.52681388012618,
                99.52681388012618
            ],