{
    "1": [
        {
            "t_loss": [
                0.16679080726221354,
                0.12145184597583732,
                0.058648490045934615,
                0.020681325520266487,
                0.010734061162561329,
                0.011909603689223378,
                0.008724863978450874,
                0.012493373042988505,
                0.004080489478920671,
                0.0029247010237245697,
                0.002649640244657569,
                0.002366102826217133,
                0.002151843432614561,
                0.002085095554863037,
                0.001789810507548879,
                0.0016196836938498296,
                0.0013424938461141227,
                0.0012257726853619321,
                0.001116284574652467,
                0.001044380032596169
            ],
            "t_accuracy": [
                32.196969696969695,
                60.35353535353536,
                85.47979797979798,
                96.21212121212122,
                98.35858585858585,
                97.22222222222223,
                98.35858585858585,
                97.22222222222223,
                99.4949494949495,
                99.74747474747475,
                99.74747474747475,
                99.74747474747475,
                99.74747474747475,
                99.74747474747475,
                99.74747474747475,
                99.74747474747475,
                99.87373737373737,
                99.87373737373737,
                99.87373737373737,
                99.87373737373737
            ],
            "t_precision": [
                33.14068734666219,
                60.198824101618484,
                85.48350198797306,
                96.19507578392702,
                98.32539266085797,
                97.15420257838073,
                98.35386729310062,
                97.25241827777128,
                99.48192670273889,
                99.73518284993695,
                99.73518284993695,
                99.73518284993695,
                99.73518284993695,
                99.73518284993695,
                99.73518284993695,
                99.73518284993695,
                99.86413043478261,
                99.86413043478261,
                99.86413043478261,
                99.86413043478261
            ],
            "t_recall": [
                32.10402153552321,
                60.118826442537255,
                85.41518602292714,
                96.2390883825708,
                98.31260942225052,
                97.14956822847162,
                98.35112783987725,
                97.2205320012896,
                99.47837852038673,
                99.73518284993695,
                99.73518284993695,
                99.73518284993695,
                99.73518284993695,
                99.73518284993695,
                99.73518284993695,
                99.73518284993695,
                99.87179487179488,
                99.87179487179488,
                99.87179487179488,
                99.87179487179488
            ],
            "t_F1_measure": [
                32.22918885152334,
                59.814156840857635,
                85.40195034272415,
                96.2076733567706,
                98.31546440329826,
                97.14886462545607,
                98.35152720664617,
                97.23084420030546,
                99.47917754327345,
                99.73518284993695,
                99.73518284993695,
                99.73518284993695,
                99.73518284993695,
                99.73518284993695,
                99.73518284993695,
                99.73518284993695,
                99.86761275680674,
                99.86761275680674,
                99.86761275680674,
                99.86761275680674
            ],
            "e_loss": [
                0.04641520014683001
            ],
            "e_accuracy": [
                90.02525252525253
            ],
            "e_precision": [
                89.96279985390693
            ],
            "e_recall": [
                89.99389914104803
            ],
            "e_F1_measure": [
                89.95605067102436
            ]
        }
    ],
    "2": [
        {
            "t_loss": [
                0.15175247184856974,
                0.08722968568856065,
                0.040567592943482327,
                0.01615805812932626,
                0.007638380948614066,
                0.0028509506932224587,
                0.001756522148927542,
                0.0012225266504854039,
                0.0009333829406056215,
                0.0008033350206478828,
                0.0006960352489988159,
                0.0006299078316931057,
                0.0005798178605589489,
                0.0005376080819523207,
                0.0004990526828961917,
                0.0004683976726620599,
                0.00044621972395389366,
                0.0004284088405771087,
                0.0004068201735869727,
                0.00039240090215268236
            ],
            "t_accuracy": [
                46.08585858585859,
                74.24242424242425,
                89.64646464646465,
                96.96969696969697,
                98.23232323232324,
                99.87373737373737,
                99.87373737373737,
                100.0,
                100.0,
                100.0,
                100.0,
                100.0,
                100.0,
                100.0,
                100.0,
                100.0,
                100.0,
                100.0,
                100.0,
                100.0
            ],
            "t_precision": [
                49.4721914002642,
                75.77703989115989,
                89.83169487618876,
                97.04753914623686,
                98.20222561972808,
                99.8798076923077,
                99.86263736263736,
                100.0,
                100.0,
                100.0,
                100.0,
                100.0,
                100.0,
                100.0,
                100.0,
                100.0,
                100.0,
                100.0,
                100.0,
                100.0
            ],
            "t_recall": [
                45.648617057520426,
                73.64756279643734,
                89.56489966072104,
                97.0285309896238,
                98.21577184000351,
                99.87745098039215,
                99.87745098039215,
                100.0,
                100.0,
                100.0,
                100.0,
                100.0,
                100.0,
                100.0,
                100.0,
                100.0,
                100.0,
                100.0,
                100.0,
                100.0
            ],
            "t_F1_measure": [
                45.78216837403824,
                73.68115059062342,
                89.60103105413995,
                97.02867433975318,
                98.20806401059971,
                99.87833397471952,
                99.86970441515896,
                100.0,
                100.0,
                100.0,
                100.0,
                100.0,
                100.0,
                100.0,
                100.0,
                100.0,
                100.0,
                100.0,
                100.0,
                100.0
            ],
            "e_loss": [
                0.05975942050354941
            ],
            "e_accuracy": [
                88.25757575757575
            ],
            "e_precision": [
                88.3667031310893
            ],
            "e_recall": [
                88.34833361900448
            ],
            "e_F1_measure": [
                88.24257594740025
            ]
        }
    ],
    "average accuracy": [
        89.14141414141415
    ]
}