{
    "1": [
        {
            "t_F1": [
                29.643274429539673
            ],
            "e_F1": [
                29.07540216944676
            ],
            "epoch": [
                235
            ]
        }
    ],
    "2": [
        {
            "t_F1": [
                30.835897329252067
            ],
            "e_F1": [
                24.316092700239047
            ],
            "epoch": [
                234
            ]
        }
    ],
    "3": [
        {
            "t_F1": [
                30.45975604617696
            ],
            "e_F1": [
                25.981937967281077
            ],
            "epoch": [
                173
            ]
        }
    ],
    "4": [
        {
            "t_F1": [
                27.168347819945616
            ],
            "e_F1": [
                23.891273325516504
            ],
            "epoch": [
                114
            ]
        }
    ],
    "5": [
        {
            "t_F1": [
                29.274557056342626
            ],
            "e_F1": [
                23.656146179401993
            ],
            "epoch": [
                173
            ]
        }
    ],
    "6": [
        {
            "t_F1": [
                33.41154047737645
            ],
            "e_F1": [
                23.914156232824876
            ],
            "epoch": [
                236
            ]
        }
    ],
    "7": [
        {
            "t_F1": [
                34.85061296084918
            ],
            "e_F1": [
                30.27926256354352
            ],
            "epoch": [
                403
            ]
        }
    ],
    "8": [
        {
            "t_F1": [
                28.176227975188432
            ],
            "e_F1": [
                26.13563344891831
            ],
            "epoch": [
                148
            ]
        }
    ],
    "9": [
        {
            "t_F1": [
                28.53111557995607
            ],
            "e_F1": [
                23.70919454842072
            ],
            "epoch": [
                188
            ]
        }
    ],
    "10": [
        {
            "t_F1": [
                29.397369116386766
            ],
            "e_F1": [
                29.910693004337652
            ],
            "epoch": [
                179
            ]
        }
    ],
    "average f1": [
        26.086979213993043
    ]
}