{
    "1": [
        {
            "t_loss": [
                0.16863747017536,
                0.14394772471455766,
                0.083126239825537,
                0.04912292596537858,
                0.02780335071925206,
                0.017260965587602137,
                0.010787532278928308,
                0.007915960204359012,
                0.005579786870596253,
                0.004173177151463708,
                0.0031941871503522383,
                0.0026285576093103957,
                0.0019963729829654605,
                0.001584883501066664,
                0.001547861843933693,
                0.001360887129575708,
                0.0011222493473143445,
                0.0009289533704748611,
                0.0008434326512534715
            ],
            "t_accuracy": [
                31.018153117600633,
                48.46093133385951,
                76.08524072612471,
                86.50355169692186,
                93.76479873717443,
                96.52722967640095,
                98.18468823993686,
                99.05288082083662,
                99.28966061562747,
                99.60536700868192,
                99.68429360694554,
                99.76322020520915,
                99.84214680347277,
                99.92107340173638,
                99.92107340173638,
                99.92107340173638,
                99.92107340173638,
                100.0,
                100.0
            ],
            "t_precision": [
                34.426036469681755,
                50.22569373835197,
                75.93275754958522,
                86.53305294353143,
                93.78564869961336,
                96.52474799627343,
                98.18562587257487,
                99.0521251561052,
                99.28656641937104,
                99.60715694006309,
                99.68578103744011,
                99.7641462933754,
                99.84300445601167,
                99.9211356466877,
                99.91830065359477,
                99.9211356466877,
                99.9211356466877,
                100.0,
                100.0
            ],
            "t_recall": [
                30.956292183960894,
                48.22912612961107,
                75.97319597764003,
                86.49919801088899,
                93.78379019524272,
                96.53502565703782,
                98.20326834276436,
                99.06021758319758,
                99.29632705123655,
                99.60812729208564,
                99.68724121613629,
                99.76512283607397,
                99.84300445601167,
                99.9221183800623,
                99.9221183800623,
                99.9221183800623,
                99.9221183800623,
                100.0,
                100.0
            ],
            "t_F1_measure": [
                31.372048505998713,
                47.353117890684246,
                75.89143468314775,
                86.5003997849365,
                93.77746674267976,
                96.52603427971938,
                98.18719333539605,
                99.05578355386166,
                99.29081855694346,
                99.60751984581752,
                99.68602129337539,
                99.76451190749052,
                99.84300445601167,
                99.92150396916351,
                99.92008190965936,
                99.92150396916351,
                99.92150396916351,
                100.0,
                100.0
            ],
            "e_loss": [
                0.07063047603516008
            ],
            "e_accuracy": [
                87.69716088328076
            ],
            "e_precision": [
                87.82708437880852
            ],
            "e_recall": [
                87.78870871142395
            ],
            "e_F1_measure": [
                87.72287052472811
            ],
            "epoch": [
                19
            ]
        }
    ],
    "2": [
        {
            "t_loss": [
                0.1507757554961267,
                0.078931566348392,
                0.03884969277993938,
                0.02027183125308629,
                0.011980217327999617,
                0.007201397320330614,
                0.007122944584726441,
                0.004074352755539866,
                0.002949243742199328,
                0.002470954595135132,
                0.00218289284161994,
                0.0012932140563909427,
                0.0012230476432119003,
                0.0010166871993587115,
                0.0009237898628711818,
                0.0008592035424040709
            ],
            "t_accuracy": [
                46.17205998421468,
                78.689818468824,
                91.08129439621152,
                96.05367008681925,
                97.63220205209156,
                99.05288082083662,
                98.73717442778216,
                99.60536700868192,
                99.76322020520915,
                99.84214680347277,
                99.76322020520915,
                100.0,
                100.0,
                100.0,
                100.0,
                100.0
            ],
            "t_precision": [
                49.759883202012226,
                78.7738089200245,
                91.06609720869957,
                96.07149350315214,
                97.65233179179535,
                99.05626394401581,
                98.74231397883055,
                99.60515079841808,
                99.76484829242158,
                99.84472049689441,
                99.76484829242158,
                100.0,
                100.0,
                100.0,
                100.0,
                100.0
            ],
            "t_recall": [
                45.98620476483673,
                78.6377718133076,
                91.05815336157778,
                96.05919562664369,
                97.63230432217408,
                99.05097715413542,
                98.7370744171846,
                99.60266083316527,
                99.76091403829348,
                99.8371335504886,
                99.7557003257329,
                100.0,
                100.0,
                100.0,
                100.0,
                100.0
            ],
            "t_F1_measure": [
                45.81582146804216,
                78.66335534532253,
                91.05784691462252,
                96.06257941685,
                97.63769071040093,
                99.05323250376212,
                98.73930740491217,
                99.60378094719134,
                99.76225109472578,
                99.84041903365708,
                99.7593687892276,
                100.0,
                100.0,
                100.0,
                100.0,
                100.0
            ],
            "e_loss": [
                0.0927780018164556
            ],
            "e_accuracy": [
                83.28075709779179
            ],
            "e_precision": [
                83.41649691794113
            ],
            "e_recall": [
                83.32703916933556
            ],
            "e_F1_measure": [
                83.2867829050143
            ],
            "epoch": [
                16
            ]
        }
    ],