{
    "1": [
        {
            "t_loss": [
                0.1595395633622992,
                0.09531758747989019,
                0.04746588571813037,
                0.02373661484566371,
                0.01227419262115374,
                0.0070032133825928935,
                0.004264574675087912
            ],
            "t_accuracy": [
                41.91002367797948,
                74.82241515390686,
                89.8973954222573,
                95.81689029202842,
                98.65824782951854,
                99.36858721389108,
                99.84214680347277
            ],
            "t_precision": [
                45.18581821771916,
                74.77427582338296,
                89.87345036267432,
                95.8356855775356,
                98.64408015477618,
                99.36687394494132,
                99.84124424195386
            ],
            "t_recall": [
                41.54951403009821,
                74.64652135315913,
                89.80520044045723,
                95.80553587493834,
                98.6557199892426,
                99.36384587680638,
                99.83993074763866
            ],
            "t_F1_measure": [
                41.37615500578581,
                74.56700545503573,
                89.81060587564528,
                95.80594590402575,
                98.64864865129607,
                99.3652425055173,
                99.84045591481235
            ],
            "e_loss": [
                0.05492404823658594
            ],
            "e_accuracy": [
                86.1198738170347
            ],
            "e_precision": [
                86.32844776706669
            ],
            "e_recall": [
                86.05740202779675
            ],
            "e_F1_measure": [
                86.08812464608278
            ],
            "epoch": [
                7
            ]
        }
    ],
    "2": [
        {
            "t_loss": [
                0.15274106322448838,
                0.08806434643014548,
                0.041729119280683964,
                0.021862846138374768,
                0.010530713038561658,
                0.0055248265514104685,
                0.003816613911312212
            ],
            "t_accuracy": [
                44.35674822415154,
                74.9802683504341,
                90.21310181531176,
                95.50118389897395,
                98.34254143646409,
                99.52644041041832,
                99.60536700868192
            ],
            "t_precision": [
                43.708850842389744,
                76.0568320325065,
                90.3252008526462,
                95.50716778869223,
                98.34216953069081,
                99.5162782391907,
                99.60334581186602
            ],
            "t_recall": [
                44.0921510639937,
                74.69383469802224,
                90.1882365854105,
                95.50725675355444,
                98.35190932393833,
                99.52862668853919,
                99.6098704976548
            ],
            "t_F1_measure": [
                43.124249977222036,
                74.83300068204804,
                90.19949225161572,
                95.49964467876502,
                98.3463310585323,
                99.52160025196358,
                99.60648178575198
            ],
            "e_loss": [
                0.05339713345872303
            ],
            "e_accuracy": [
                88.32807570977918
            ],
            "e_precision": [
                88.31941047458288
            ],
            "e_recall": [
                88.33261516045705
            ],
            "e_F1_measure": [
                88.29849851586167
            ],
            "epoch": [
                7
            ]
        }
    ],
    "3": [
        {
            "t_loss": [
                0.1704396056489109,
                0.13047195205372342,
                0.08056570144977358,
                0.042653426028135356,
                0.022694827734412597,
                0.015257008751558805,
                0.009231036592895295,
                0.005459569565857737
            ],
            "t_accuracy": [
                32.991318074191,
                57.69534333070245,
                77.90055248618785,
                90.21310181531176,
                95.81689029202842,
                97.23756906077348,
                98.57932123125494,
                99.4475138121547
            ],
            "t_precision": [
                31.640266071407968,
                63.197819926328066,
                77.74439959692681,
                90.19916339488813,
                95.80145437162443,
                97.24001383818222,
                98.5859730727137,
                99.44905415065463
            ],
            "t_recall": [
                32.74814720616074,
                56.80117847043522,
                77.64728252800353,
                90.21431385742453,
                95.82252844668704,
                97.26605554234108,
                98.59951932655153,
                99.45738621514566
            ],
            "t_F1_measure": [
                31.23958079351844,
                55.498981426143764,
                77.62654124154858,
                90.18658143301255,
                95.81051843616564,
                97.25167106997709,
                98.59226657623866,
                99.45284609692125
            ],
            "e_loss": [
                0.03908999306840193
            ],
            "e_accuracy": [
                91.4826498422713
            ],
            "e_precision": [
                92.24837662337661
            ],
            "e_recall": [
                91.11229845854005
            ],
            "e_F1_measure": [
                91.45345649836595
            ],
            "epoch": [
                8
            ]
        }
    ],
    "4": [
        {
            "t_loss": [
                0.1518531444981612,
                0.08175429460116983,
                0.03918497024755263,
                0.02008489792359421,
                0.010662128909210944,
                0.005504186740020127,
                0.003970008530163728
            ],
            "t_accuracy": [
                45.935280189423835,
                76.71665351223362,
                91.16022099447514,
                96.2115232833465,
                98.65824782951854,
                99.36858721389108,
                99.60536700868192
            ],
            "t_precision": [
                49.81865767559198,
                76.8219730393983,
                91.19903160592793,
                96.25167701723657,
                98.66040062794526,
                99.37664098448869,
                99.61210579462482
            ],
            "t_recall": [
                45.868341368603225,
                76.69806526428448,
                91.16909611056857,
                96.21560894732319,
                98.67014225175721,
                99.37381680500947,
                99.60899956312801
            ],
            "t_F1_measure": [
                45.72404639614551,
                76.58409800998821,
                91.17802216152182,
                96.22735075664771,
                98.66428691172652,
                99.37485861912721,
                99.6104321654389
            ],
            "e_loss": [
                0.04005951041573136
            ],
            "e_accuracy": [
                91.16719242902208
            ],
            "e_precision": [
                91.71615893314005
            ],
            "e_recall": [
                90.32787864309604
            ],
            "e_F1_measure": [
                90.77316723384558
            ],
            "epoch": [
                7
            ]
        }
    ],