{
    "1": [
        {
            "t_loss": [
                0.14628894303667328,
                0.06300551223773701,
                0.02734740394525577,
                0.013850478274599247,
                0.0062043094653239286,
                0.004427208600458472,
                0.0027817320063910148,
                0.002383646584279841,
                0.0021096259052699818,
                0.0019446595155890522,
                0.00172568899108907,
                0.0016280928262433693,
                0.001641643820911199,
                0.0015098758765158921,
                0.001459148884093023,
                0.0013928607557536395,
                0.0013490465363809557,
                0.0011923812126157175,
                0.001120250803494169,
                0.0007185497883142758,
                0.0006790013247681892
            ],
            "t_accuracy": [
                47.43488555643252,
                83.74112075769534,
                94.00157853196528,
                97.23756906077348,
                99.21073401736385,
                99.52644041041832,
                99.84214680347277,
                99.84214680347277,
                99.84214680347277,
                99.84214680347277,
                99.84214680347277,
                99.84214680347277,
                99.84214680347277,
                99.84214680347277,
                99.84214680347277,
                99.84214680347277,
                99.84214680347277,
                99.84214680347277,
                99.84214680347277,
                99.92107340173638,
                99.92107340173638
            ],
            "t_precision": [
                49.265155910931036,
                83.80935226511029,
                94.0323885696093,
                97.26034632287885,
                99.21670953566782,
                99.52281910463546,
                99.83916843357295,
                99.83916843357295,
                99.83916843357295,
                99.83916843357295,
                99.83916843357295,
                99.83916843357295,
                99.83916843357295,
                99.83916843357295,
                99.83916843357295,
                99.83916843357295,
                99.83916843357295,
                99.83916843357295,
                99.83916843357295,
                99.92012779552716,
                99.92138364779875
            ],
            "t_recall": [
                47.245668724763206,
                83.67684542718156,
                93.95456024195616,
                97.21077145971778,
                99.20962416673359,
                99.51624144890293,
                99.83916843357295,
                99.83916843357295,
                99.83916843357295,
                99.83916843357295,
                99.83916843357295,
                99.83916843357295,
                99.83916843357295,
                99.83916843357295,
                99.83916843357295,
                99.83916843357295,
                99.83916843357295,
                99.83916843357295,
                99.83916843357295,
                99.91803278688525,
                99.91803278688525
            ],
            "t_F1_measure": [
                47.23942158031971,
                83.70339486853211,
                93.97897274697694,
                97.22775732404345,
                99.21180461853446,
                99.51940731327754,
                99.83916843357295,
                99.83916843357295,
                99.83916843357295,
                99.83916843357295,
                99.83916843357295,
                99.83916843357295,
                99.83916843357295,
                99.83916843357295,
                99.83916843357295,
                99.83916843357295,
                99.83916843357295,
                99.83916843357295,
                99.83916843357295,
                99.91894909688013,
                99.91957901813997
            ],
            "e_loss": [
                0.059207904861346826
            ],
            "e_accuracy": [
                90.85173501577287
            ],
            "e_precision": [
                90.77618375460344
            ],
            "e_recall": [
                90.99227630428447
            ],
            "e_F1_measure": [
                90.81678446387845
            ],
            "epoch": [
                21
            ]
        }
    ],
    "2": [
        {
            "t_loss": [
                0.15476179249943384,
                0.07976787986017722,
                0.03504862200583448,
                0.015824453981671167,
                0.007435099337170608,
                0.0036411192069666634,
                0.0018800487536010822,
                0.0014329870277758462,
                0.0011567520426076139,
                0.0009704254014122034,
                0.0008428390876587771
            ],
            "t_accuracy": [
                42.38358326756117,
                79.32123125493291,
                92.18626677190213,
                96.7640094711918,
                98.81610102604577,
                99.4475138121547,
                100.0,
                100.0,
                100.0,
                100.0,
                100.0
            ],
            "t_precision": [
                43.87426048731935,
                80.31143116270489,
                92.28312650004378,
                96.79325742198603,
                98.82380091647731,
                99.45170056155008,
                100.0,
                100.0,
                100.0,
                100.0,
                100.0
            ],
            "t_recall": [
                42.36103490586613,
                79.28206609377494,
                92.17166487208681,
                96.75242762004366,
                98.81213625411938,
                99.44486196332187,
                100.0,
                100.0,
                100.0,
                100.0,
                100.0
            ],
            "t_F1_measure": [
                42.321722694939126,
                79.28796336744304,
                92.19023303563219,
                96.76230269627901,
                98.81674082668519,
                99.44778921450744,
                100.0,
                100.0,
                100.0,
                100.0,
                100.0
            ],
            "e_loss": [
                0.06039921352889518
            ],
            "e_accuracy": [
                89.27444794952682
            ],
            "e_precision": [
                89.16586112431006
            ],
            "e_recall": [
                89.22086542241958
            ],
            "e_F1_measure": [
                89.13135234330886
            ],
            "epoch": [
                11
            ]
        }
    ],
    "3": [
        {
            "t_loss": [
                0.15157688332055624,
                0.07968277638835425,
                0.03717154761057438,
                0.018207391354989704,
                0.008953793884358636,
                0.004986162026190061,
                0.0028481514354096026,
                0.0022101078094986593,
                0.0018053909785010584,
                0.0016825152788937515,
                0.0012667786338070339,
                0.0011106661698048097,
                0.000996015322392464,
                0.00086857470677873
            ],
            "t_accuracy": [
                43.646408839779006,
                77.50591949486977,
                91.94948697711129,
                96.60615627466456,
                98.81610102604577,
                99.52644041041832,
                99.76322020520915,
                99.76322020520915,
                99.84214680347277,
                99.76322020520915,
                99.92107340173638,
                99.92107340173638,
                99.92107340173638,
                100.0
            ],