{
    "1": [
        {
            "t_loss": [
                0.13865988726868061,
                0.0659608858701462,
                0.02918124715808629,
                0.012731396811466662,
                0.005842251534814099,
                0.004008035246068178,
                0.003039691538050853,
                0.002357405600826761,
                0.0021643835596222762,
                0.001964396825787959,
                0.001190310986543511,
                0.0010566573149738531,
                0.0009640528540764277,
                0.0007687479464503354
            ],
            "t_accuracy": [
                52.56511444356748,
                81.9258089976322,
                93.52801894238358,
                97.79005524861878,
                99.36858721389108,
                99.60536700868192,
                99.68429360694554,
                99.84214680347277,
                99.84214680347277,
                99.84214680347277,
                99.92107340173638,
                99.92107340173638,
                99.92107340173638,
                99.92107340173638
            ],
            "t_precision": [
                54.87927309696276,
                81.8406689689847,
                93.53284790723569,
                97.77816496390652,
                99.36708179749102,
                99.6067487436056,
                99.6848635235732,
                99.84269107098689,
                99.84269107098689,
                99.84269107098689,
                99.9198717948718,
                99.9198717948718,
                99.9198717948718,
                99.9198717948718
            ],
            "t_recall": [
                52.35489880695029,
                81.85067833251092,
                93.51794531426812,
                97.78404428967028,
                99.36809396328114,
                99.60722209364371,
                99.68538214197378,
                99.84269107098689,
                99.84269107098689,
                99.84269107098689,
                99.92307692307692,
                99.92307692307692,
                99.92307692307692,
                99.92307692307692
            ],
            "t_F1_measure": [
                52.25413155594604,
                81.83783981882924,
                93.51191318714672,
                97.78049034597883,
                99.36645081950557,
                99.60686652557722,
                99.68499317716147,
                99.84269107098689,
                99.84269107098689,
                99.84269107098689,
                99.9213507878524,
                99.9213507878524,
                99.9213507878524,
                99.9213507878524
            ],
            "e_loss": [
                0.050175204425785776
            ],
            "e_accuracy": [
                90.22082018927445
            ],
            "e_precision": [
                90.21395271395272
            ],
            "e_recall": [
                90.28264666695635
            ],
            "e_F1_measure": [
                90.22783438854331
            ],
            "epoch": [
                14
            ]
        }
    ],
    "2": [
        {
            "t_loss": [
                0.14038418700305513,
                0.06594542835581087,
                0.0290366395861028,
                0.013281192609947689,
                0.006729486565992836,
                0.003579587147122024,
                0.002392096580215675,
                0.001892470030647709,
                0.001211173921358943,
                0.001013563540870737,
                0.0008706218804120312,
                0.0007729107652215292
            ],
            "t_accuracy": [
                50.74980268350434,
                83.18863456985004,
                93.52801894238358,
                97.79005524861878,
                99.13180741910024,
                99.68429360694554,
                99.84214680347277,
                99.92107340173638,
                100.0,
                100.0,
                100.0,
                100.0
            ],
            "t_precision": [
                50.58646575040018,
                83.36254309144762,
                93.56609348162922,
                97.78904712384903,
                99.13488771229466,
                99.68525533957185,
                99.84398426699379,
                99.92163009404389,
                100.0,
                100.0,
                100.0,
                100.0
            ],
            "t_recall": [
                50.77851317830837,
                83.16822376517102,
                93.53173400371534,
                97.7862321673085,
                99.13606282332384,
                99.68796853398759,
                99.84398426699379,
                99.92260061919505,
                100.0,
                100.0,
                100.0,
                100.0
            ],
            "t_F1_measure": [
                50.203988027959724,
                83.1168204770738,
                93.53539130593298,
                97.78654515678919,
                99.13510137026267,
                99.68648822583003,
                99.84398426699379,
                99.92199384225961,
                100.0,
                100.0,
                100.0,
                100.0
            ],
            "e_loss": [
                0.045435137291694475
            ],
            "e_accuracy": [
                90.85173501577287
            ],
            "e_precision": [
                91.14575148343316
            ],
            "e_recall": [
                90.83082616860536
            ],
            "e_F1_measure": [
                90.82414049871663
            ],
            "epoch": [
                12
            ]
        }
    ],
    "3": [
        {
            "t_loss": [
                0.14264404486744256,
                0.07212161287465431,
                0.03217248984957268,
                0.01581143316296065,
                0.008571517383260762,
                0.0049301055355560576,
                0.0031891088574777793,
                0.0026666689564892178,
                0.0019880910874465695,
                0.0018546621277693133,
                0.001595526903716299,
                0.0013804328026971835,
                0.0012163405011510204,
                0.0011472108600412707,
                0.0008755972090338216,
                0.0007459613960971372
            ],
            "t_accuracy": [
                50.355169692186266,
                80.89976322020522,
                92.5019731649566,
                97.07971586424625,
                98.81610102604577,
                99.52644041041832,
                99.76322020520915,
                99.68429360694554,
                99.84214680347277,
                99.92107340173638,
                99.92107340173638,
                99.84214680347277,
                99.92107340173638,
                99.92107340173638,
                100.0,
                100.0
            ],
            "t_precision": [
                50.003502686172496,
                80.92685461571331,
                92.51873328511755,
                97.06879866224412,
                98.80938612776576,
                99.51914270012823,
                99.76466816838185,
                99.68376373079988,
                99.84044177524429,
                99.9221183800623,
                99.9221183800623,
                99.84044177524429,
                99.9221183800623,
                99.9221183800623,
                100.0,
                100.0
            ],