{
    "1": [
        {
            "t_loss": [
                0.16750700801211074,
                0.1257750192729149,
                0.0702222148287268,
                0.03935347924974836,
                0.02115179846782146,
                0.012549442871993418,
                0.00787442442009133,
                0.005449182101787783,
                0.00381934028721599,
                0.0030347040002458472,
                0.0025754481143867207,
                0.002310971809579052,
                0.002068107146122908,
                0.0018744820786967885,
                0.0016339809976329979,
                0.0013910853627395847,
                0.0013523597697320893,
                0.0013254670828327995,
                0.0012159456804706388,
                0.0011462549919346325,
                0.001039450381380442,
                0.0010441855050405838,
                0.0009916016037025339,
                0.0009938759728163574
            ],
            "t_accuracy": [
                32.912391475927386,
                60.53670086819258,
                81.76795580110497,
                91.00236779794791,
                95.7379636937648,
                98.02683504340963,
                99.28966061562747,
                99.52644041041832,
                99.68429360694554,
                99.84214680347277,
                99.84214680347277,
                99.84214680347277,
                99.84214680347277,
                99.84214680347277,
                99.84214680347277,
                99.92107340173638,
                99.92107340173638,
                99.92107340173638,
                99.92107340173638,
                99.92107340173638,
                99.92107340173638,
                99.92107340173638,
                99.92107340173638,
                99.92107340173638
            ],
            "t_precision": [
                34.69443026890654,
                60.445836495436644,
                81.7668246905094,
                91.07658053394817,
                95.76103482006249,
                98.01942639430555,
                99.28443765151118,
                99.5249661112869,
                99.68152866242038,
                99.84076433121018,
                99.84076433121018,
                99.84126984126985,
                99.84126984126985,
                99.84126984126985,
                99.84126984126985,
                99.92038216560509,
                99.92038216560509,
                99.92038216560509,
                99.92038216560509,
                99.92038216560509,
                99.92038216560509,
                99.92038216560509,
                99.92038216560509,
                99.92038216560509
            ],
            "t_recall": [
                32.858619198571475,
                60.47887780719301,
                81.72747634942806,
                90.98523103054586,
                95.73223212869146,
                98.02181592217786,
                99.28713240898301,
                99.52304161442957,
                99.68278602337526,
                99.84177215189874,
                99.84177215189874,
                99.84177215189874,
                99.84177215189874,
                99.84177215189874,
                99.84177215189874,
                99.92088607594937,
                99.92088607594937,
                99.92088607594937,
                99.92088607594937,
                99.92088607594937,
                99.92088607594937,
                99.92088607594937,
                99.92088607594937,
                99.92088607594937
            ],
            "t_F1_measure": [
                32.87650377928964,
                60.02797431348185,
                81.73881295318736,
                90.99600205644424,
                95.73342630909139,
                98.02049976449176,
                99.28566227637997,
                99.52388267208883,
                99.681780208096,
                99.840890104048,
                99.840890104048,
                99.84101708624002,
                99.84101708624002,
                99.84101708624002,
                99.84101708624002,
                99.92050794035947,
                99.92050794035947,
                99.92050794035947,
                99.92050794035947,
                99.92050794035947,
                99.92050794035947,
                99.92050794035947,
                99.92050794035947,
                99.92050794035947
            ],
            "e_loss": [
                0.045589699957090835
            ],
            "e_accuracy": [
                91.4826498422713
            ],
            "e_precision": [
                91.45279218138376
            ],
            "e_recall": [
                91.54633627525193
            ],
            "e_F1_measure": [
                91.46319301912136
            ],
            "epoch": [
                24
            ]
        }
    ],
    "2": [
        {
            "t_loss": [
                0.15718060063864175,
                0.08258965785520324,
                0.04031716704062806,
                0.018733924617895293,
                0.009945615777641465,
                0.006477213619775253,
                0.00410254500018346,
                0.0030260447342163386,
                0.0022813187053555,
                0.0019088200625729025,
                0.0013833809357309962,
                0.001154384272938981,
                0.0010116901524341426,
                0.0009510995862063171,
                0.0008941927706806582
            ],
            "t_accuracy": [
                40.9629044988161,
                75.61168113654301,
                90.21310181531176,
                96.68508287292818,
                98.81610102604577,
                99.21073401736385,
                99.60536700868192,
                99.76322020520915,
                99.84214680347277,
                99.84214680347277,
                99.92107340173638,
                99.92107340173638,
                99.92107340173638,
                99.92107340173638,
                99.92107340173638
            ],
            "t_precision": [
                46.374280053683705,
                75.94865882543719,
                90.24689109020119,
                96.67334283151862,
                98.81840797058439,
                99.22078109383405,
                99.61250898634077,
                99.76558684371184,
                99.84518788343559,
                99.84518788343559,
                99.9221183800623,
                99.9221183800623,
                99.9221183800623,
                99.9221183800623,
                99.9221183800623
            ],
            "t_recall": [
                40.82106584821784,
                75.46434168209774,
                90.2097721448826,
                96.67839189141974,
                98.82896557267308,
                99.22737730061351,
                99.61368865030676,
                99.76850076687116,
                99.84518788343559,
                99.84518788343559,
                99.92331288343559,
                99.92331288343559,
                99.92331288343559,
                99.92331288343559,
                99.92331288343559
            ],
            "t_F1_measure": [
                40.848463094354756,
                75.38773186328771,
                90.2020070250188,
                96.67435193263304,
                98.82280438104858,
                99.22372016831893,
                99.61297991090152,
                99.7669219987472,
                99.84518788343559,
                99.84518788343559,
                99.9225959821803,
                99.9225959821803,
                99.9225959821803,
                99.9225959821803,
                99.9225959821803
            ],
            "e_loss": [
                0.04055057384796464
            ],
            "e_accuracy": [
                92.42902208201893
            ],