{
    "1": [
        {
            "t_loss": [
                0.13926545898088247,
                0.0659826552670305,
                0.028433675597691593,
                0.013198247036787122,
                0.007699934151920401
            ],
            "t_accuracy": [
                52.01262825572218,
                82.55722178374113,
                94.23835832675611,
                97.63220205209156,
                98.81610102604577
            ],
            "t_precision": [
                54.15757920637944,
                82.5935226051435,
                94.29154532783527,
                97.63615176026599,
                98.8136223243912
            ],
            "t_recall": [
                51.89788124641901,
                82.49720877303446,
                94.2137131046632,
                97.62491534552498,
                98.81511728594515
            ],
            "t_F1_measure": [
                51.861153005722315,
                82.49632785447419,
                94.22973521883131,
                97.62943704082248,
                98.81424300022985
            ],
            "e_loss": [
                0.04918569497681849
            ],
            "e_accuracy": [
                87.69716088328076
            ],
            "e_precision": [
                88.085882444425
            ],
            "e_recall": [
                87.31264742642219
            ],
            "e_F1_measure": [
                87.46695095948826
            ],
            "epoch": [
                5
            ]
        }
    ],
    "2": [
        {
            "t_loss": [
                0.14745999568075105,
                0.06935384347388004,
                0.030088262811844145,
                0.016126541544307663,
                0.007872156394555895
            ],
            "t_accuracy": [
                48.77663772691397,
                81.21546961325967,
                93.37016574585635,
                97.07971586424625,
                98.97395422257301
            ],
            "t_precision": [
                52.52796706887048,
                81.32806795640015,
                93.40503284117547,
                97.06574282476802,
                98.9650275536354
            ],
            "t_recall": [
                48.62712053332262,
                81.15150808502783,
                93.37454658593656,
                97.07221366912158,
                98.97544413346137
            ],
            "t_F1_measure": [
                48.019084424265124,
                81.15223658545354,
                93.36821638070242,
                97.0656832905678,
                98.96634957763419
            ],
            "e_loss": [
                0.04240653414737539
            ],
            "e_accuracy": [
                90.53627760252365
            ],
            "e_precision": [
                90.91535711479533
            ],
            "e_recall": [
                90.42494988306046
            ],
            "e_F1_measure": [
                90.45638995644697
            ],
            "epoch": [
                5
            ]
        }
    ],
    "3": [
        {
            "t_loss": [
                0.14692327422519885,
                0.0702684975472509,
                0.02853582197566529,
                0.012642368136213441,
                0.007206576053808784
            ],
            "t_accuracy": [
                47.98737174427782,
                80.42620363062352,
                93.92265193370166,
                98.50039463299132,
                99.28966061562747
            ],
            "t_precision": [
                49.4510236638532,
                80.4156078358516,
                93.9140664919481,
                98.50857057705305,
                99.29546434302479
            ],
            "t_recall": [
                47.81301542701186,
                80.40088588444685,
                93.90033632694819,
                98.49882030019218,
                99.29945041114662
            ],
            "t_F1_measure": [
                47.76699205695054,
                80.40632021959071,
                93.90218538113677,
                98.50062021859614,
                99.2962642012073
            ],
            "e_loss": [
                0.04299698762407626
            ],
            "e_accuracy": [
                90.22082018927445
            ],
            "e_precision": [
                90.20571694438414
            ],
            "e_recall": [
                89.949090585092
            ],
            "e_F1_measure": [
                89.98873159316912
            ],
            "epoch": [
                5
            ]
        }
    ],
    "4": [
        {
            "t_loss": [
                0.16727637562492087,
                0.12896844194268464,
                0.08102431970971159,
                0.039331227640938174,
                0.018811678553577852,
                0.010208368848277154,
                0.006068833661137036
            ],
            "t_accuracy": [
                32.12312549329124,
                55.327545382794,
                77.74269928966062,
                90.76558800315706,
                96.60615627466456,
                98.65824782951854,
                99.52644041041832
            ],
            "t_precision": [
                32.44903795472855,
                58.22298944335718,
                79.24391255645997,
                90.79176212949768,
                96.60427783060578,
                98.6524805603753,
                99.52859988947819
            ],
            "t_recall": [
                32.13597875169389,
                54.860502813669044,
                77.4778740589799,
                90.7444929226336,
                96.62500432744905,
                98.65522351950202,
                99.5183931177649
            ],
            "t_F1_measure": [
                32.01105948242045,
                53.96566462217477,
                77.58653446665915,
                90.76264288320775,
                96.61082221865558,
                98.65295719245385,
                99.5228948156743
            ],
            "e_loss": [
                0.04573186285417727
            ],
            "e_accuracy": [
                87.38170347003154
            ],
            "e_precision": [
                88.1088388525925
            ],
            "e_recall": [
                87.53933859567663
            ],
            "e_F1_measure": [
                87.41799268308557
            ],
            "epoch": [
                7
            ]
        }
    ],
    "5": [
        {
            "t_loss": [
                0.12958111872526373,
                0.06027401108823552,
                0.026029214192452115,
                0.01076070732680922,
                0.005387536418985588
            ],
            "t_accuracy": [
                57.17665615141956,
                84.46372239747635,
                93.92744479495268,
                98.02839116719242,
                99.52681388012618
            ],
            "t_precision": [
                57.23809201124382,
                84.42430776508338,
                93.8986022906485,
                98.0126849662636,
                99.52474635064618
            ],
            "t_recall": [
                56.984694577171965,
                84.30892812522953,
                93.90179013247295,
                98.02075578618604,
                99.52380984805832
            ],
            "t_F1_measure": [
                56.59919503923376,
                84.2686461044508,
                93.89865951487816,
                98.01509932037933,
                99.52415991961743
            ],
            "e_loss": [
                0.04287788696893597
            ],
            "e_accuracy": [
                89.55696202531645
            ],
            "e_precision": [
                89.90733846281128
            ],