{
    "1": [
        {
            "accuracy": [
                16.666666666666664
            ]
        }
    ],
    "2": [
        {
            "accuracy": [
                33.33333333333333
            ]
        }
    ],
    "3": [
        {
            "accuracy": [
                25.0
            ]
        }
    ],
    "4": [
        {
            "accuracy": [
                33.33333333333333
            ]
        }
    ],
    "5": [
        {
            "accuracy": [
                25.0
            ]
        }
    ],
    "6": [
        {
            "accuracy": [
                25.0
            ]
        }
    ],
    "7": [
        {
            "accuracy": [
                25.0
            ]
        }
    ],
    "8": [
        {
            "accuracy": [
                16.666666666666664
            ]
        }
    ],
    "9": [
        {
            "accuracy": [
                25.0
            ]
        }
    ],
    "10": [
        {
            "accuracy": [
                25.0
            ]
        }
    ],
    "average accuracy": [
        24.999999999999996
    ]
}