{
    "1": [
        {
            "accuracy": [
                48.83116883116883
            ]
        }
    ],
    "2": [
        {
            "accuracy": [
                48.57142857142857
            ]
        }
    ],
    "3": [
        {
            "accuracy": [
                45.714285714285715
            ]
        }
    ],
    "4": [
        {
            "accuracy": [
                44.935064935064936
            ]
        }
    ],
    "5": [
        {
            "accuracy": [
                47.53246753246753
            ]
        }
    ],
    "6": [
        {
            "accuracy": [
                45.45454545454545
            ]
        }
    ],
    "7": [
        {
            "accuracy": [
                47.79220779220779
            ]
        }
    ],
    "8": [
        {
            "accuracy": [
                45.19480519480519
            ]
        }
    ],
    "9": [
        {
            "accuracy": [
                43.63636363636363
            ]
        }
    ],
    "10": [
        {
            "accuracy": [
                47.79220779220779
            ]
        }
    ],
    "average accuracy": [
        46.54545454545455
    ]
}