{
    "1": [
        {
            "accuracy": [
                65.29968454258676
            ],
            "precision": [
                67.09262607996784
            ],
            "recall": [
                66.0649672034517
            ],
            "F1_measure": [
                66.49392463805701
            ]
        }
    ],
    "2": [
        {
            "accuracy": [
                67.19242902208202
            ],
            "precision": [
                68.53890362511052
            ],
            "recall": [
                67.19749067791429
            ],
            "F1_measure": [
                67.64852050241647
            ]
        }
    ],
    "3": [
        {
            "accuracy": [
                67.19242902208202
            ],
            "precision": [
                68.87961377473363
            ],
            "recall": [
                66.67729805185697
            ],
            "F1_measure": [
                67.00052486439448
            ]
        }
    ],
    "4": [
        {
            "accuracy": [
                62.14511041009464
            ],
            "precision": [
                64.30177805889382
            ],
            "recall": [
                61.84885558085491
            ],
            "F1_measure": [
                62.04123836949882
            ]
        }
    ],
    "5": [
        {
            "accuracy": [
                64.55696202531645
            ],
            "precision": [
                65.31557967316482
            ],
            "recall": [
                63.870036526452225
            ],
            "F1_measure": [
                64.14894030197691
            ]
        }
    ],
    "average accuracy": [
        65.27732300443238
    ]
}