{
    "1": [
        {
            "accuracy": [
                77.28706624605678
            ],
            "precision": [
                77.87267080745342
            ],
            "recall": [
                77.71935315597287
            ],
            "F1_measure": [
                77.60774445680106
            ]
        }
    ],
    "2": [
        {
            "accuracy": [
                79.81072555205047
            ],
            "precision": [
                79.84787635595143
            ],
            "recall": [
                80.02950716894729
            ],
            "F1_measure": [
                79.6618288892618
            ]
        }
    ],
    "3": [
        {
            "accuracy": [
                75.39432176656152
            ],
            "precision": [
                76.41535000970305
            ],
            "recall": [
                75.12833498127615
            ],
            "F1_measure": [
                75.38992974238876
            ]
        }
    ],
    "4": [
        {
            "accuracy": [
                77.28706624605678
            ],
            "precision": [
                76.93262154732095
            ],
            "recall": [
                76.91389934739728
            ],
            "F1_measure": [
                76.83392658336982
            ]
        }
    ],
    "5": [
        {
            "accuracy": [
                72.46835443037975
            ],
            "precision": [
                73.19246461479695
            ],
            "recall": [
                72.42064856949277
            ],
            "F1_measure": [
                72.71954653533601
            ]
        }
    ],
    "average accuracy": [
        76.44950684822106
    ]
}