{
    "1": [
        {
            "accuracy": [
                57.09779179810725
            ],
            "precision": [
                58.403691693533446
            ],
            "recall": [
                56.697406372486036
            ],
            "F1_measure": [
                57.06126385005697
            ]
        }
    ],
    "2": [
        {
            "accuracy": [
                56.15141955835961
            ],
            "precision": [
                57.52640181988008
            ],
            "recall": [
                55.61938342005626
            ],
            "F1_measure": [
                56.18381615656157
            ]
        }
    ],
    "3": [
        {
            "accuracy": [
                55.83596214511041
            ],
            "precision": [
                59.005530247065586
            ],
            "recall": [
                56.82813362351741
            ],
            "F1_measure": [
                56.56622216427299
            ]
        }
    ],
    "4": [
        {
            "accuracy": [
                55.520504731861195
            ],
            "precision": [
                59.474531933761
            ],
            "recall": [
                56.252042483660134
            ],
            "F1_measure": [
                55.74584490642886
            ]
        }
    ],
    "5": [
        {
            "accuracy": [
                57.91139240506329
            ],
            "precision": [
                61.0106698629677
            ],
            "recall": [
                57.133819712695264
            ],
            "F1_measure": [
                57.97340773584321
            ]
        }
    ],
    "average accuracy": [
        56.50341412770035
    ]
}