{
    "1": [
        {
            "accuracy": [
                58.99053627760252
            ],
            "precision": [
                62.47494619316654
            ],
            "recall": [
                59.27317545344067
            ],
            "F1_measure": [
                59.95491986630357
            ]
        }
    ],
    "2": [
        {
            "accuracy": [
                58.67507886435332
            ],
            "precision": [
                60.60472858940133
            ],
            "recall": [
                58.62184515907237
            ],
            "F1_measure": [
                59.17775056087362
            ]
        }
    ],
    "3": [
        {
            "accuracy": [
                58.359621451104104
            ],
            "precision": [
                59.76097178683386
            ],
            "recall": [
                57.53574168262134
            ],
            "F1_measure": [
                58.07367895416391
            ]
        }
    ],
    "4": [
        {
            "accuracy": [
                54.57413249211357
            ],
            "precision": [
                59.570271682340646
            ],
            "recall": [
                54.20645398500115
            ],
            "F1_measure": [
                54.27176497610918
            ]
        }
    ],
    "5": [
        {
            "accuracy": [
                56.9620253164557
            ],
            "precision": [
                59.84016713817749
            ],
            "recall": [
                57.562521937521936
            ],
            "F1_measure": [
                57.62921673741766
            ]
        }
    ],
    "average accuracy": [
        57.512278880325844
    ]
}