{
    "1": [
        {
            "accuracy": [
                70.97791798107255
            ],
            "precision": [
                71.40594699418229
            ],
            "recall": [
                71.20262736010558
            ],
            "F1_measure": [
                70.98408621611776
            ]
        }
    ],
    "2": [
        {
            "accuracy": [
                68.76971608832808
            ],
            "precision": [
                69.20700041545493
            ],
            "recall": [
                68.7585512097626
            ],
            "F1_measure": [
                68.74365124251595
            ]
        }
    ],
    "3": [
        {
            "accuracy": [
                71.60883280757098
            ],
            "precision": [
                71.64093976631749
            ],
            "recall": [
                71.13438334678139
            ],
            "F1_measure": [
                71.22443810018054
            ]
        }
    ],
    "4": [
        {
            "accuracy": [
                76.34069400630915
            ],
            "precision": [
                76.80908598730937
            ],
            "recall": [
                76.36614945603709
            ],
            "F1_measure": [
                76.41814401122913
            ]
        }
    ],
    "5": [
        {
            "accuracy": [
                72.46835443037975
            ],
            "precision": [
                72.92395104895104
            ],
            "recall": [
                73.16953638912914
            ],
            "F1_measure": [
                72.4699182918124
            ]
        }
    ],
    "average accuracy": [
        72.03310306273211
    ]
}