{
    "1": [
        {
            "accuracy": [
                85.8044164037855
            ],
            "precision": [
                86.72104323469038
            ],
            "recall": [
                85.64622347066168
            ],
            "F1_measure": [
                86.03118988087405
            ]
        }
    ],
    "2": [
        {
            "accuracy": [
                87.38170347003155
            ],
            "precision": [
                87.37445779112446
            ],
            "recall": [
                87.30084113417446
            ],
            "F1_measure": [
                87.16376089107831
            ]
        }
    ],
    "3": [
        {
            "accuracy": [
                86.75078864353313
            ],
            "precision": [
                86.60361774971985
            ],
            "recall": [
                86.81096681096682
            ],
            "F1_measure": [
                86.68761276037395
            ]
        }
    ],
    "4": [
        {
            "accuracy": [
                87.38170347003155
            ],
            "precision": [
                87.44188556121217
            ],
            "recall": [
                87.74531884268407
            ],
            "F1_measure": [
                87.54554039636156
            ]
        }
    ],
    "5": [
        {
            "accuracy": [
                87.9746835443038
            ],
            "precision": [
                87.9861899714841
            ],
            "recall": [
                87.85405525846703
            ],
            "F1_measure": [
                87.82490684233902
            ]
        }
    ],
    "average accuracy": [
        87.0586591063371
    ]
}