{
    "1": [
        {
            "accuracy": [
                87.06624605678233
            ],
            "precision": [
                87.34504647613605
            ],
            "recall": [
                87.09981813122779
            ],
            "F1_measure": [
                87.06021842978724
            ]
        }
    ],
    "2": [
        {
            "accuracy": [
                86.75078864353313
            ],
            "precision": [
                86.98788452394837
            ],
            "recall": [
                86.77575450351486
            ],
            "F1_measure": [
                86.82753737240917
            ]
        }
    ],
    "3": [
        {
            "accuracy": [
                85.48895899053628
            ],
            "precision": [
                85.40729805435689
            ],
            "recall": [
                85.42297583090736
            ],
            "F1_measure": [
                85.37107569204463
            ]
        }
    ],
    "4": [
        {
            "accuracy": [
                85.48895899053628
            ],
            "precision": [
                85.53876260725576
            ],
            "recall": [
                85.41353607632678
            ],
            "F1_measure": [
                85.43683281959183
            ]
        }
    ],
    "5": [
        {
            "accuracy": [
                88.60759493670885
            ],
            "precision": [
                89.0937019969278
            ],
            "recall": [
                88.52761627906978
            ],
            "F1_measure": [
                88.64245415383158
            ]
        }
    ],
    "average accuracy": [
        86.68050952361936
    ]
}