{
    "1": [
        {
            "accuracy": [
                51.94805194805194
            ]
        }
    ],
    "2": [
        {
            "accuracy": [
                53.246753246753244
            ]
        }
    ],
    "3": [
        {
            "accuracy": [
                51.94805194805194
            ]
        }
    ],
    "4": [
        {
            "accuracy": [
                49.61038961038961
            ]
        }
    ],
    "5": [
        {
            "accuracy": [
                50.90909090909091
            ]
        }
    ],
    "6": [
        {
            "accuracy": [
                48.83116883116883
            ]
        }
    ],
    "7": [
        {
            "accuracy": [
                47.01298701298701
            ]
        }
    ],
    "8": [
        {
            "accuracy": [
                50.12987012987013
            ]
        }
    ],
    "9": [
        {
            "accuracy": [
                49.61038961038961
            ]
        }
    ],
    "10": [
        {
            "accuracy": [
                46.75324675324675
            ]
        }
    ],
    "average accuracy": [
        50.0
    ]
}