{
    "1": [
        {
            "accuracy": [
                88.01261829652996
            ],
            "precision": [
                87.89473684210526
            ],
            "recall": [
                87.95489418693346
            ],
            "F1_measure": [
                87.80699358358046
            ]
        }
    ],
    "2": [
        {
            "accuracy": [
                86.1198738170347
            ],
            "precision": [
                86.40542549717252
            ],
            "recall": [
                86.24068812138164
            ],
            "F1_measure": [
                86.31125326659323
            ]
        }
    ],
    "3": [
        {
            "accuracy": [
                87.38170347003155
            ],
            "precision": [
                88.36426555371894
            ],
            "recall": [
                87.36864613880742
            ],
            "F1_measure": [
                87.75083676881606
            ]
        }
    ],
    "4": [
        {
            "accuracy": [
                86.1198738170347
            ],
            "precision": [
                86.66842244634798
            ],
            "recall": [
                86.53846885196025
            ],
            "F1_measure": [
                86.34299644004987
            ]
        }
    ],
    "5": [
        {
            "accuracy": [
                86.07594936708861
            ],
            "precision": [
                85.77937893200944
            ],
            "recall": [
                85.76176272541719
            ],
            "F1_measure": [
                85.74660613224442
            ]
        }
    ],
    "average accuracy": [
        86.74200375354391
    ]
}