{
    "1": [
        {
            "accuracy": [
                60.0
            ]
        }
    ],
    "2": [
        {
            "accuracy": [
                62.33766233766234
            ]
        }
    ],
    "3": [
        {
            "accuracy": [
                59.74025974025974
            ]
        }
    ],
    "4": [
        {
            "accuracy": [
                59.480519480519476
            ]
        }
    ],
    "5": [
        {
            "accuracy": [
                60.51948051948052
            ]
        }
    ],
    "6": [
        {
            "accuracy": [
                61.298701298701296
            ]
        }
    ],
    "7": [
        {
            "accuracy": [
                57.4025974025974
            ]
        }
    ],
    "8": [
        {
            "accuracy": [
                60.0
            ]
        }
    ],
    "9": [
        {
            "accuracy": [
                60.0
            ]
        }
    ],
    "10": [
        {
            "accuracy": [
                56.1038961038961
            ]
        }
    ],
    "average accuracy": [
        59.688311688311686
    ]
}