{
    "1": [
        {
            "accuracy": [
                59.74025974025974
            ]
        }
    ],
    "2": [
        {
            "accuracy": [
                62.077922077922075
            ]
        }
    ],
    "3": [
        {
            "accuracy": [
                60.77922077922078
            ]
        }
    ],
    "4": [
        {
            "accuracy": [
                62.857142857142854
            ]
        }
    ],
    "5": [
        {
            "accuracy": [
                60.51948051948052
            ]
        }
    ],
    "6": [
        {
            "accuracy": [
                59.74025974025974
            ]
        }
    ],
    "7": [
        {
            "accuracy": [
                56.88311688311688
            ]
        }
    ],
    "8": [
        {
            "accuracy": [
                60.77922077922078
            ]
        }
    ],
    "9": [
        {
            "accuracy": [
                60.0
            ]
        }
    ],
    "10": [
        {
            "accuracy": [
                57.66233766233766
            ]
        }
    ],
    "average accuracy": [
        60.10389610389611
    ]
}