{
    "1": [
        {
            "accuracy": [
                47.27272727272727
            ]
        }
    ],
    "2": [
        {
            "accuracy": [
                49.61038961038961
            ]
        }
    ],
    "3": [
        {
            "accuracy": [
                45.45454545454545
            ]
        }
    ],
    "4": [
        {
            "accuracy": [
                45.45454545454545
            ]
        }
    ],
    "5": [
        {
            "accuracy": [
                46.23376623376623
            ]
        }
    ],
    "6": [
        {
            "accuracy": [
                46.23376623376623
            ]
        }
    ],
    "7": [
        {
            "accuracy": [
                47.27272727272727
            ]
        }
    ],
    "8": [
        {
            "accuracy": [
                44.935064935064936
            ]
        }
    ],
    "9": [
        {
            "accuracy": [
                45.97402597402597
            ]
        }
    ],
    "10": [
        {
            "accuracy": [
                48.311688311688314
            ]
        }
    ],
    "average accuracy": [
        46.67532467532467
    ]
}