{
    "1": [
        {
            "accuracy": [
                63.116883116883116
            ]
        }
    ],
    "2": [
        {
            "accuracy": [
                62.5974025974026
            ]
        }
    ],
    "3": [
        {
            "accuracy": [
                62.5974025974026
            ]
        }
    ],
    "4": [
        {
            "accuracy": [
                61.81818181818181
            ]
        }
    ],
    "5": [
        {
            "accuracy": [
                63.37662337662338
            ]
        }
    ],
    "6": [
        {
            "accuracy": [
                60.259740259740255
            ]
        }
    ],
    "7": [
        {
            "accuracy": [
                58.96103896103896
            ]
        }
    ],
    "8": [
        {
            "accuracy": [
                62.077922077922075
            ]
        }
    ],
    "9": [
        {
            "accuracy": [
                64.67532467532467
            ]
        }
    ],
    "10": [
        {
            "accuracy": [
                59.480519480519476
            ]
        }
    ],
    "average accuracy": [
        61.896103896103895
    ]
}