{
    "1": [
        {
            "accuracy": [
                60.252365930599375
            ],
            "precision": [
                62.31826384399915
            ],
            "recall": [
                61.34182952263602
            ],
            "F1_measure": [
                60.99805365028045
            ]
        }
    ],
    "2": [
        {
            "accuracy": [
                53.62776025236593
            ],
            "precision": [
                56.59751600023778
            ],
            "recall": [
                52.7968137907897
            ],
            "F1_measure": [
                53.732808528509764
            ]
        }
    ],
    "3": [
        {
            "accuracy": [
                56.46687697160884
            ],
            "precision": [
                57.580297387359636
            ],
            "recall": [
                56.248174900091705
            ],
            "F1_measure": [
                56.74599694059565
            ]
        }
    ],
    "4": [
        {
            "accuracy": [
                54.57413249211357
            ],
            "precision": [
                59.127549777220835
            ],
            "recall": [
                54.25300887575102
            ],
            "F1_measure": [
                54.17126732916206
            ]
        }
    ],
    "5": [
        {
            "accuracy": [
                58.86075949367089
            ],
            "precision": [
                61.97320729334115
            ],
            "recall": [
                59.023339598997495
            ],
            "F1_measure": [
                58.98690760007316
            ]
        }
    ],
    "average accuracy": [
        56.75637902807173
    ]
}