{
    "1": [
        {
            "accuracy": [
                53.76623376623376
            ]
        }
    ],
    "2": [
        {
            "accuracy": [
                57.66233766233766
            ]
        }
    ],
    "3": [
        {
            "accuracy": [
                55.32467532467532
            ]
        }
    ],
    "4": [
        {
            "accuracy": [
                55.32467532467532
            ]
        }
    ],
    "5": [
        {
            "accuracy": [
                54.02597402597402
            ]
        }
    ],
    "6": [
        {
            "accuracy": [
                55.84415584415584
            ]
        }
    ],
    "7": [
        {
            "accuracy": [
                51.94805194805194
            ]
        }
    ],
    "8": [
        {
            "accuracy": [
                54.54545454545454
            ]
        }
    ],
    "9": [
        {
            "accuracy": [
                55.32467532467532
            ]
        }
    ],
    "10": [
        {
            "accuracy": [
                52.467532467532465
            ]
        }
    ],
    "average accuracy": [
        54.62337662337662
    ]
}