{
    "1": [
        {
            "accuracy": [
                78.54889589905363
            ],
            "precision": [
                78.51648795510448
            ],
            "recall": [
                78.60515954128982
            ],
            "F1_measure": [
                78.54788638824186
            ]
        }
    ],
    "2": [
        {
            "accuracy": [
                80.4416403785489
            ],
            "precision": [
                80.4157077100115
            ],
            "recall": [
                80.39247407565149
            ],
            "F1_measure": [
                80.36898753011599
            ]
        }
    ],
    "3": [
        {
            "accuracy": [
                83.2807570977918
            ],
            "precision": [
                83.76117907427205
            ],
            "recall": [
                83.17480409885474
            ],
            "F1_measure": [
                83.11893872334576
            ]
        }
    ],
    "4": [
        {
            "accuracy": [
                77.91798107255521
            ],
            "precision": [
                78.00818659252394
            ],
            "recall": [
                77.78127834455745
            ],
            "F1_measure": [
                77.85830639610755
            ]
        }
    ],
    "5": [
        {
            "accuracy": [
                81.64556962025317
            ],
            "precision": [
                82.38476800976801
            ],
            "recall": [
                81.98958264376186
            ],
            "F1_measure": [
                81.9643550157021
            ]
        }
    ],
    "average accuracy": [
        80.36696881364055
    ]
}