{
    "1": [
        {
            "accuracy": [
                86.43533123028391
            ],
            "precision": [
                86.57083022072392
            ],
            "recall": [
                86.68061438925108
            ],
            "F1_measure": [
                86.30348494193358
            ]
        }
    ],
    "2": [
        {
            "accuracy": [
                89.90536277602523
            ],
            "precision": [
                89.79515550239235
            ],
            "recall": [
                89.95587895187217
            ],
            "F1_measure": [
                89.81776112543186
            ]
        }
    ],
    "3": [
        {
            "accuracy": [
                88.01261829652996
            ],
            "precision": [
                88.20137268919932
            ],
            "recall": [
                87.94405003380662
            ],
            "F1_measure": [
                87.89700383207271
            ]
        }
    ],
    "4": [
        {
            "accuracy": [
                88.95899053627761
            ],
            "precision": [
                89.20932311359526
            ],
            "recall": [
                89.01548317879234
            ],
            "F1_measure": [
                89.09418171099321
            ]
        }
    ],
    "5": [
        {
            "accuracy": [
                87.65822784810126
            ],
            "precision": [
                88.11220858814421
            ],
            "recall": [
                87.6986570501635
            ],
            "F1_measure": [
                87.75224085222865
            ]
        }
    ],
    "average accuracy": [
        88.1941061374436
    ]
}