{
    "1": [
        {
            "accuracy": [
                78.86435331230284
            ],
            "precision": [
                79.08757145673171
            ],
            "recall": [
                78.80961704142084
            ],
            "F1_measure": [
                78.86947016365113
            ]
        }
    ],
    "2": [
        {
            "accuracy": [
                74.76340694006309
            ],
            "precision": [
                76.14771303258145
            ],
            "recall": [
                75.46218159670879
            ],
            "F1_measure": [
                75.13875310603282
            ]
        }
    ],
    "3": [
        {
            "accuracy": [
                82.96529968454259
            ],
            "precision": [
                82.77476097651535
            ],
            "recall": [
                82.73388569613594
            ],
            "F1_measure": [
                82.71602184624813
            ]
        }
    ],
    "4": [
        {
            "accuracy": [
                78.54889589905363
            ],
            "precision": [
                79.64803717213826
            ],
            "recall": [
                78.29171378978754
            ],
            "F1_measure": [
                78.50808310416633
            ]
        }
    ],
    "5": [
        {
            "accuracy": [
                75.9493670886076
            ],
            "precision": [
                76.48237843881448
            ],
            "recall": [
                76.44176765258965
            ],
            "F1_measure": [
                76.42391960004498
            ]
        }
    ],
    "average accuracy": [
        78.21826458491394
    ]
}