{
    "1": [
        {
            "accuracy": [
                62.5974025974026
            ]
        }
    ],
    "2": [
        {
            "accuracy": [
                63.896103896103895
            ]
        }
    ],
    "3": [
        {
            "accuracy": [
                63.63636363636363
            ]
        }
    ],
    "4": [
        {
            "accuracy": [
                63.896103896103895
            ]
        }
    ],
    "5": [
        {
            "accuracy": [
                62.5974025974026
            ]
        }
    ],
    "6": [
        {
            "accuracy": [
                61.038961038961034
            ]
        }
    ],
    "7": [
        {
            "accuracy": [
                60.51948051948052
            ]
        }
    ],
    "8": [
        {
            "accuracy": [
                62.5974025974026
            ]
        }
    ],
    "9": [
        {
            "accuracy": [
                65.45454545454545
            ]
        }
    ],
    "10": [
        {
            "accuracy": [
                59.74025974025974
            ]
        }
    ],
    "average accuracy": [
        62.59740259740259
    ]
}