{
    "1": [
        {
            "accuracy": [
                55.32467532467532
            ]
        }
    ],
    "2": [
        {
            "accuracy": [
                54.285714285714285
            ]
        }
    ],
    "3": [
        {
            "accuracy": [
                54.54545454545454
            ]
        }
    ],
    "4": [
        {
            "accuracy": [
                52.2077922077922
            ]
        }
    ],
    "5": [
        {
            "accuracy": [
                54.285714285714285
            ]
        }
    ],
    "6": [
        {
            "accuracy": [
                54.02597402597402
            ]
        }
    ],
    "7": [
        {
            "accuracy": [
                49.61038961038961
            ]
        }
    ],
    "8": [
        {
            "accuracy": [
                54.02597402597402
            ]
        }
    ],
    "9": [
        {
            "accuracy": [
                55.58441558441558
            ]
        }
    ],
    "10": [
        {
            "accuracy": [
                52.98701298701298
            ]
        }
    ],
    "average accuracy": [
        53.688311688311686
    ]
}