{
    "1": [
        {
            "accuracy": [
                82.64984227129337
            ],
            "precision": [
                83.36576587195398
            ],
            "recall": [
                82.82594286990148
            ],
            "F1_measure": [
                82.725889855473
            ]
        }
    ],
    "2": [
        {
            "accuracy": [
                81.70347003154575
            ],
            "precision": [
                81.39239028944911
            ],
            "recall": [
                81.44416666876519
            ],
            "F1_measure": [
                81.39346566500333
            ]
        }
    ],
    "3": [
        {
            "accuracy": [
                82.33438485804416
            ],
            "precision": [
                82.41753062113119
            ],
            "recall": [
                82.08940936158426
            ],
            "F1_measure": [
                82.11246848233938
            ]
        }
    ],
    "4": [
        {
            "accuracy": [
                83.91167192429022
            ],
            "precision": [
                84.23842139595563
            ],
            "recall": [
                83.84424217757551
            ],
            "F1_measure": [
                83.95086964317733
            ]
        }
    ],
    "5": [
        {
            "accuracy": [
                80.0632911392405
            ],
            "precision": [
                81.36419678227827
            ],
            "recall": [
                80.08318700773552
            ],
            "F1_measure": [
                80.50145900497685
            ]
        }
    ],
    "average accuracy": [
        82.13253204488281
    ]
}