{
    "1": [
        {
            "accuracy": [
                62.33766233766234
            ]
        }
    ],
    "2": [
        {
            "accuracy": [
                61.55844155844156
            ]
        }
    ],
    "3": [
        {
            "accuracy": [
                61.81818181818181
            ]
        }
    ],
    "4": [
        {
            "accuracy": [
                61.55844155844156
            ]
        }
    ],
    "5": [
        {
            "accuracy": [
                63.63636363636363
            ]
        }
    ],
    "6": [
        {
            "accuracy": [
                60.259740259740255
            ]
        }
    ],
    "7": [
        {
            "accuracy": [
                57.66233766233766
            ]
        }
    ],
    "8": [
        {
            "accuracy": [
                60.0
            ]
        }
    ],
    "9": [
        {
            "accuracy": [
                65.45454545454545
            ]
        }
    ],
    "10": [
        {
            "accuracy": [
                58.7012987012987
            ]
        }
    ],
    "average accuracy": [
        61.2987012987013
    ]
}