{
    "1": [
        {
            "accuracy": [
                60.51948051948052
            ]
        }
    ],
    "2": [
        {
            "accuracy": [
                60.77922077922078
            ]
        }
    ],
    "3": [
        {
            "accuracy": [
                58.96103896103896
            ]
        }
    ],
    "4": [
        {
            "accuracy": [
                62.077922077922075
            ]
        }
    ],
    "5": [
        {
            "accuracy": [
                62.077922077922075
            ]
        }
    ],
    "6": [
        {
            "accuracy": [
                59.74025974025974
            ]
        }
    ],
    "7": [
        {
            "accuracy": [
                58.7012987012987
            ]
        }
    ],
    "8": [
        {
            "accuracy": [
                59.74025974025974
            ]
        }
    ],
    "9": [
        {
            "accuracy": [
                63.63636363636363
            ]
        }
    ],
    "10": [
        {
            "accuracy": [
                57.14285714285714
            ]
        }
    ],
    "average accuracy": [
        60.33766233766234
    ]
}