{
    "1": [
        {
            "accuracy": [
                88.01261829652996
            ],
            "precision": [
                87.95584045584044
            ],
            "recall": [
                88.30681818181819
            ],
            "F1_measure": [
                88.00649337289884
            ]
        }
    ],
    "2": [
        {
            "accuracy": [
                89.27444794952682
            ],
            "precision": [
                89.07833300624735
            ],
            "recall": [
                89.25220658063795
            ],
            "F1_measure": [
                89.12856526385008
            ]
        }
    ],
    "3": [
        {
            "accuracy": [
                90.53627760252367
            ],
            "precision": [
                90.41368277487514
            ],
            "recall": [
                90.34166595961311
            ],
            "F1_measure": [
                90.34488603258316
            ]
        }
    ],
    "4": [
        {
            "accuracy": [
                87.06624605678233
            ],
            "precision": [
                87.79342314460106
            ],
            "recall": [
                87.14768102510376
            ],
            "F1_measure": [
                87.43575349123974
            ]
        }
    ],
    "5": [
        {
            "accuracy": [
                87.9746835443038
            ],
            "precision": [
                88.20446220214022
            ],
            "recall": [
                88.06317139650473
            ],
            "F1_measure": [
                87.99933120200329
            ]
        }
    ],
    "average accuracy": [
        88.57285468993332
    ]
}