{
    "1": [
        {
            "accuracy": [
                58.96103896103896
            ]
        }
    ],
    "2": [
        {
            "accuracy": [
                61.038961038961034
            ]
        }
    ],
    "3": [
        {
            "accuracy": [
                57.92207792207792
            ]
        }
    ],
    "4": [
        {
            "accuracy": [
                58.7012987012987
            ]
        }
    ],
    "5": [
        {
            "accuracy": [
                60.259740259740255
            ]
        }
    ],
    "6": [
        {
            "accuracy": [
                59.480519480519476
            ]
        }
    ],
    "7": [
        {
            "accuracy": [
                55.064935064935064
            ]
        }
    ],
    "8": [
        {
            "accuracy": [
                57.92207792207792
            ]
        }
    ],
    "9": [
        {
            "accuracy": [
                58.44155844155844
            ]
        }
    ],
    "10": [
        {
            "accuracy": [
                56.88311688311688
            ]
        }
    ],
    "average accuracy": [
        58.46753246753245
    ]
}