{
    "1": [
        {
            "accuracy": [
                43.333333333333336
            ]
        }
    ],
    "2": [
        {
            "accuracy": [
                42.22222222222222
            ]
        }
    ],
    "3": [
        {
            "accuracy": [
                38.88888888888889
            ]
        }
    ],
    "4": [
        {
            "accuracy": [
                41.11111111111111
            ]
        }
    ],
    "5": [
        {
            "accuracy": [
                50.0
            ]
        }
    ],
    "6": [
        {
            "accuracy": [
                40.0
            ]
        }
    ],
    "7": [
        {
            "accuracy": [
                37.77777777777778
            ]
        }
    ],
    "8": [
        {
            "accuracy": [
                43.333333333333336
            ]
        }
    ],
    "9": [
        {
            "accuracy": [
                46.666666666666664
            ]
        }
    ],
    "10": [
        {
            "accuracy": [
                42.22222222222222
            ]
        }
    ],
    "average accuracy": [
        42.55555555555556
    ]
}