{
    "1": [
        {
            "accuracy": [
                84.85804416403786
            ],
            "precision": [
                84.83291147184335
            ],
            "recall": [
                84.87399598480658
            ],
            "F1_measure": [
                84.81130276383925
            ]
        }
    ],
    "2": [
        {
            "accuracy": [
                87.06624605678233
            ],
            "precision": [
                87.60466810754166
            ],
            "recall": [
                87.09211764086997
            ],
            "F1_measure": [
                87.26511876120023
            ]
        }
    ],
    "3": [
        {
            "accuracy": [
                85.17350157728707
            ],
            "precision": [
                85.58135972609658
            ],
            "recall": [
                85.41972463603557
            ],
            "F1_measure": [
                85.37873873045075
            ]
        }
    ],
    "4": [
        {
            "accuracy": [
                89.27444794952682
            ],
            "precision": [
                89.82441076736126
            ],
            "recall": [
                89.42685798233082
            ],
            "F1_measure": [
                89.32386470596003
            ]
        }
    ],
    "5": [
        {
            "accuracy": [
                84.81012658227847
            ],
            "precision": [
                84.42354580285615
            ],
            "recall": [
                84.02341839459031
            ],
            "F1_measure": [
                84.129101317645
            ]
        }
    ],
    "average accuracy": [
        86.23647326598251
    ]
}