{
    "1": [
        {
            "accuracy": [
                85.8044164037855
            ],
            "precision": [
                86.2767615594831
            ],
            "recall": [
                85.86183901153322
            ],
            "F1_measure": [
                85.8193572314763
            ]
        }
    ],
    "2": [
        {
            "accuracy": [
                89.90536277602523
            ],
            "precision": [
                89.81095463279371
            ],
            "recall": [
                89.91564882920575
            ],
            "F1_measure": [
                89.80676753460006
            ]
        }
    ],
    "3": [
        {
            "accuracy": [
                86.1198738170347
            ],
            "precision": [
                86.52582702118306
            ],
            "recall": [
                86.20802044221944
            ],
            "F1_measure": [
                86.21707579245746
            ]
        }
    ],
    "4": [
        {
            "accuracy": [
                85.48895899053628
            ],
            "precision": [
                85.22610019088891
            ],
            "recall": [
                85.5503795721187
            ],
            "F1_measure": [
                85.3051948051948
            ]
        }
    ],
    "5": [
        {
            "accuracy": [
                85.75949367088607
            ],
            "precision": [
                86.08720330237358
            ],
            "recall": [
                85.74288709487791
            ],
            "F1_measure": [
                85.80156865553619
            ]
        }
    ],
    "average accuracy": [
        86.61562113165355
    ]
}