{
    "1": [
        {
            "accuracy": [
                50.90909090909091
            ]
        }
    ],
    "2": [
        {
            "accuracy": [
                54.285714285714285
            ]
        }
    ],
    "3": [
        {
            "accuracy": [
                50.90909090909091
            ]
        }
    ],
    "4": [
        {
            "accuracy": [
                51.688311688311686
            ]
        }
    ],
    "5": [
        {
            "accuracy": [
                49.09090909090909
            ]
        }
    ],
    "6": [
        {
            "accuracy": [
                51.688311688311686
            ]
        }
    ],
    "7": [
        {
            "accuracy": [
                50.90909090909091
            ]
        }
    ],
    "8": [
        {
            "accuracy": [
                52.98701298701298
            ]
        }
    ],
    "9": [
        {
            "accuracy": [
                52.2077922077922
            ]
        }
    ],
    "10": [
        {
            "accuracy": [
                53.246753246753244
            ]
        }
    ],
    "average accuracy": [
        51.79220779220778
    ]
}