{
    "1": [
        {
            "accuracy": [
                61.298701298701296
            ]
        }
    ],
    "2": [
        {
            "accuracy": [
                62.077922077922075
            ]
        }
    ],
    "3": [
        {
            "accuracy": [
                61.038961038961034
            ]
        }
    ],
    "4": [
        {
            "accuracy": [
                62.077922077922075
            ]
        }
    ],
    "5": [
        {
            "accuracy": [
                61.038961038961034
            ]
        }
    ],
    "6": [
        {
            "accuracy": [
                60.77922077922078
            ]
        }
    ],
    "7": [
        {
            "accuracy": [
                57.92207792207792
            ]
        }
    ],
    "8": [
        {
            "accuracy": [
                61.55844155844156
            ]
        }
    ],
    "9": [
        {
            "accuracy": [
                63.116883116883116
            ]
        }
    ],
    "10": [
        {
            "accuracy": [
                58.44155844155844
            ]
        }
    ],
    "average accuracy": [
        60.93506493506494
    ]
}