{
    "1": [
        {
            "accuracy": [
                50.649350649350644
            ]
        }
    ],
    "2": [
        {
            "accuracy": [
                55.32467532467532
            ]
        }
    ],
    "3": [
        {
            "accuracy": [
                51.688311688311686
            ]
        }
    ],
    "4": [
        {
            "accuracy": [
                50.90909090909091
            ]
        }
    ],
    "5": [
        {
            "accuracy": [
                51.16883116883116
            ]
        }
    ],
    "6": [
        {
            "accuracy": [
                52.2077922077922
            ]
        }
    ],
    "7": [
        {
            "accuracy": [
                49.09090909090909
            ]
        }
    ],
    "8": [
        {
            "accuracy": [
                49.87012987012987
            ]
        }
    ],
    "9": [
        {
            "accuracy": [
                50.90909090909091
            ]
        }
    ],
    "10": [
        {
            "accuracy": [
                48.05194805194805
            ]
        }
    ],
    "average accuracy": [
        50.98701298701298
    ]
}