{
    "1": [
        {
            "accuracy": [
                87.06624605678233
            ],
            "precision": [
                87.32412166147107
            ],
            "recall": [
                87.57777559184208
            ],
            "F1_measure": [
                87.36761676680851
            ]
        }
    ],
    "2": [
        {
            "accuracy": [
                87.69716088328076
            ],
            "precision": [
                87.86017446409014
            ],
            "recall": [
                87.67857142857143
            ],
            "F1_measure": [
                87.73787659724121
            ]
        }
    ],
    "3": [
        {
            "accuracy": [
                86.43533123028391
            ],
            "precision": [
                86.50094557586462
            ],
            "recall": [
                86.49482816149484
            ],
            "F1_measure": [
                86.40587537627218
            ]
        }
    ],
    "4": [
        {
            "accuracy": [
                84.22712933753942
            ],
            "precision": [
                84.19259732878659
            ],
            "recall": [
                83.93651634263834
            ],
            "F1_measure": [
                83.94436704942024
            ]
        }
    ],
    "5": [
        {
            "accuracy": [
                87.65822784810126
            ],
            "precision": [
                88.00706181598414
            ],
            "recall": [
                87.52458678341424
            ],
            "F1_measure": [
                87.63971761244743
            ]
        }
    ],
    "average accuracy": [
        86.61681907119754
    ]
}