{
    "1": [
        {
            "accuracy": [
                52.05047318611987
            ],
            "precision": [
                54.65622843340234
            ],
            "recall": [
                51.643663772870255
            ],
            "F1_measure": [
                52.353472562469385
            ]
        }
    ],
    "2": [
        {
            "accuracy": [
                53.62776025236593
            ],
            "precision": [
                56.06434086612787
            ],
            "recall": [
                53.021225544481354
            ],
            "F1_measure": [
                53.240891527693556
            ]
        }
    ],
    "3": [
        {
            "accuracy": [
                56.782334384858046
            ],
            "precision": [
                58.92816190803807
            ],
            "recall": [
                55.9963768115942
            ],
            "F1_measure": [
                56.420910220469686
            ]
        }
    ],
    "4": [
        {
            "accuracy": [
                56.15141955835961
            ],
            "precision": [
                58.083476577785234
            ],
            "recall": [
                56.364817379763245
            ],
            "F1_measure": [
                56.84726677358994
            ]
        }
    ],
    "5": [
        {
            "accuracy": [
                52.21518987341772
            ],
            "precision": [
                54.349053512015445
            ],
            "recall": [
                52.086258982049394
            ],
            "F1_measure": [
                52.57575009869719
            ]
        }
    ],
    "average accuracy": [
        54.16543545102424
    ]
}