{
    "1": [
        {
            "accuracy": [
                67.19242902208202
            ],
            "precision": [
                68.33783524307718
            ],
            "recall": [
                67.1401364083001
            ],
            "F1_measure": [
                67.29419723910735
            ]
        }
    ],
    "2": [
        {
            "accuracy": [
                70.97791798107255
            ],
            "precision": [
                72.28762891033533
            ],
            "recall": [
                70.92670682730923
            ],
            "F1_measure": [
                71.04570848292369
            ]
        }
    ],
    "3": [
        {
            "accuracy": [
                66.24605678233438
            ],
            "precision": [
                67.49554932619327
            ],
            "recall": [
                66.4644536177044
            ],
            "F1_measure": [
                66.64305775686837
            ]
        }
    ],
    "4": [
        {
            "accuracy": [
                64.35331230283911
            ],
            "precision": [
                66.37863613909403
            ],
            "recall": [
                64.09722222222221
            ],
            "F1_measure": [
                64.77982881373873
            ]
        }
    ],
    "5": [
        {
            "accuracy": [
                67.72151898734177
            ],
            "precision": [
                69.83280211414957
            ],
            "recall": [
                67.38720171612948
            ],
            "F1_measure": [
                67.50135158668792
            ]
        }
    ],
    "average accuracy": [
        67.29824701513397
    ]
}