{
    "1": [
        {
            "accuracy": [
                87.06624605678233
            ],
            "precision": [
                86.99752664715945
            ],
            "recall": [
                87.02357881136952
            ],
            "F1_measure": [
                86.98605840904388
            ]
        }
    ],
    "2": [
        {
            "accuracy": [
                87.06624605678233
            ],
            "precision": [
                87.2368382493457
            ],
            "recall": [
                87.15728715728714
            ],
            "F1_measure": [
                87.17552018815394
            ]
        }
    ],
    "3": [
        {
            "accuracy": [
                86.43533123028391
            ],
            "precision": [
                86.99901693889898
            ],
            "recall": [
                86.52516953573291
            ],
            "F1_measure": [
                86.69564904238088
            ]
        }
    ],
    "4": [
        {
            "accuracy": [
                89.27444794952682
            ],
            "precision": [
                89.09526142226086
            ],
            "recall": [
                89.56259418877289
            ],
            "F1_measure": [
                89.19676890066893
            ]
        }
    ],
    "5": [
        {
            "accuracy": [
                84.49367088607595
            ],
            "precision": [
                84.39063138015517
            ],
            "recall": [
                83.98844729911883
            ],
            "F1_measure": [
                83.99139332647185
            ]
        }
    ],
    "average accuracy": [
        86.86718843589026
    ]
}