{
    "1": [
        {
            "accuracy": [
                57.66233766233766
            ]
        }
    ],
    "2": [
        {
            "accuracy": [
                58.7012987012987
            ]
        }
    ],
    "3": [
        {
            "accuracy": [
                58.44155844155844
            ]
        }
    ],
    "4": [
        {
            "accuracy": [
                59.74025974025974
            ]
        }
    ],
    "5": [
        {
            "accuracy": [
                57.66233766233766
            ]
        }
    ],
    "6": [
        {
            "accuracy": [
                59.480519480519476
            ]
        }
    ],
    "7": [
        {
            "accuracy": [
                55.32467532467532
            ]
        }
    ],
    "8": [
        {
            "accuracy": [
                59.74025974025974
            ]
        }
    ],
    "9": [
        {
            "accuracy": [
                56.36363636363636
            ]
        }
    ],
    "10": [
        {
            "accuracy": [
                55.58441558441558
            ]
        }
    ],
    "average accuracy": [
        57.87012987012986
    ]
}