{
    "1": [
        {
            "accuracy": [
                57.66233766233766
            ]
        }
    ],
    "2": [
        {
            "accuracy": [
                58.44155844155844
            ]
        }
    ],
    "3": [
        {
            "accuracy": [
                58.44155844155844
            ]
        }
    ],
    "4": [
        {
            "accuracy": [
                57.92207792207792
            ]
        }
    ],
    "5": [
        {
            "accuracy": [
                57.4025974025974
            ]
        }
    ],
    "6": [
        {
            "accuracy": [
                60.259740259740255
            ]
        }
    ],
    "7": [
        {
            "accuracy": [
                53.76623376623376
            ]
        }
    ],
    "8": [
        {
            "accuracy": [
                58.7012987012987
            ]
        }
    ],
    "9": [
        {
            "accuracy": [
                57.4025974025974
            ]
        }
    ],
    "10": [
        {
            "accuracy": [
                56.62337662337662
            ]
        }
    ],
    "average accuracy": [
        57.66233766233766
    ]
}