{
    "1": [
        {
            "accuracy": [
                83.59621451104101
            ],
            "precision": [
                83.38742092641279
            ],
            "recall": [
                83.20842564233828
            ],
            "F1_measure": [
                83.15543984894359
            ]
        }
    ],
    "2": [
        {
            "accuracy": [
                87.38170347003155
            ],
            "precision": [
                87.79126380138482
            ],
            "recall": [
                87.7474810527245
            ],
            "F1_measure": [
                87.60889112199565
            ]
        }
    ],
    "3": [
        {
            "accuracy": [
                87.38170347003155
            ],
            "precision": [
                87.7203826098752
            ],
            "recall": [
                87.23459645136859
            ],
            "F1_measure": [
                87.4037197430428
            ]
        }
    ],
    "4": [
        {
            "accuracy": [
                82.01892744479495
            ],
            "precision": [
                82.59550162133546
            ],
            "recall": [
                82.28205702343634
            ],
            "F1_measure": [
                82.05657850780291
            ]
        }
    ],
    "5": [
        {
            "accuracy": [
                80.37974683544303
            ],
            "precision": [
                80.44800906761286
            ],
            "recall": [
                80.37719619599466
            ],
            "F1_measure": [
                80.37650729081442
            ]
        }
    ],
    "average accuracy": [
        84.15165914626841
    ]
}