{
    "1": [
        {
            "accuracy": [
                53.5064935064935
            ]
        }
    ],
    "2": [
        {
            "accuracy": [
                55.32467532467532
            ]
        }
    ],
    "3": [
        {
            "accuracy": [
                55.84415584415584
            ]
        }
    ],
    "4": [
        {
            "accuracy": [
                52.72727272727272
            ]
        }
    ],
    "5": [
        {
            "accuracy": [
                54.54545454545454
            ]
        }
    ],
    "6": [
        {
            "accuracy": [
                54.54545454545454
            ]
        }
    ],
    "7": [
        {
            "accuracy": [
                50.649350649350644
            ]
        }
    ],
    "8": [
        {
            "accuracy": [
                56.1038961038961
            ]
        }
    ],
    "9": [
        {
            "accuracy": [
                53.5064935064935
            ]
        }
    ],
    "10": [
        {
            "accuracy": [
                54.285714285714285
            ]
        }
    ],
    "average accuracy": [
        54.103896103896105
    ]
}