{
    "1": [
        {
            "accuracy": [
                88.95899053627761
            ],
            "precision": [
                89.44034563347
            ],
            "recall": [
                89.26400774371747
            ],
            "F1_measure": [
                89.32498335347358
            ]
        }
    ],
    "2": [
        {
            "accuracy": [
                88.01261829652996
            ],
            "precision": [
                88.11491571279619
            ],
            "recall": [
                88.05909943714822
            ],
            "F1_measure": [
                88.04302422723474
            ]
        }
    ],
    "3": [
        {
            "accuracy": [
                88.95899053627761
            ],
            "precision": [
                89.02573270402797
            ],
            "recall": [
                88.87357446521358
            ],
            "F1_measure": [
                88.90451516496739
            ]
        }
    ],
    "4": [
        {
            "accuracy": [
                91.16719242902208
            ],
            "precision": [
                91.04091976687533
            ],
            "recall": [
                91.20257367418174
            ],
            "F1_measure": [
                91.04529344964656
            ]
        }
    ],
    "5": [
        {
            "accuracy": [
                89.55696202531645
            ],
            "precision": [
                89.63148141723907
            ],
            "recall": [
                89.47294428823864
            ],
            "F1_measure": [
                89.44180345047805
            ]
        }
    ],
    "average accuracy": [
        89.33095076468474
    ]
}