{
    "1": [
        {
            "accuracy": [
                89.90536277602523
            ],
            "precision": [
                89.81542462891109
            ],
            "recall": [
                89.94896907130949
            ],
            "F1_measure": [
                89.79094956310854
            ]
        }
    ],
    "2": [
        {
            "accuracy": [
                89.27444794952682
            ],
            "precision": [
                89.1615439984115
            ],
            "recall": [
                89.00267737617136
            ],
            "F1_measure": [
                88.95440786378578
            ]
        }
    ],
    "3": [
        {
            "accuracy": [
                89.90536277602523
            ],
            "precision": [
                89.9468712673278
            ],
            "recall": [
                89.99391227199497
            ],
            "F1_measure": [
                89.9454361745869
            ]
        }
    ],
    "4": [
        {
            "accuracy": [
                85.8044164037855
            ],
            "precision": [
                85.80478163811496
            ],
            "recall": [
                86.10916095398855
            ],
            "F1_measure": [
                85.91258147803784
            ]
        }
    ],
    "5": [
        {
            "accuracy": [
                86.39240506329115
            ],
            "precision": [
                86.95807216865454
            ],
            "recall": [
                86.37807869645209
            ],
            "F1_measure": [
                86.61121334805546
            ]
        }
    ],
    "average accuracy": [
        88.25639899373078
    ]
}