{
    "1": [
        {
            "accuracy": [
                82.64984227129337
            ],
            "precision": [
                83.02120854934523
            ],
            "recall": [
                82.53398642105154
            ],
            "F1_measure": [
                82.50123722136851
            ]
        }
    ],
    "2": [
        {
            "accuracy": [
                84.85804416403786
            ],
            "precision": [
                84.11191296632357
            ],
            "recall": [
                84.09437054173895
            ],
            "F1_measure": [
                84.08866904346522
            ]
        }
    ],
    "3": [
        {
            "accuracy": [
                83.91167192429022
            ],
            "precision": [
                83.86954043782453
            ],
            "recall": [
                83.69544658988258
            ],
            "F1_measure": [
                83.75702344093625
            ]
        }
    ],
    "4": [
        {
            "accuracy": [
                82.96529968454259
            ],
            "precision": [
                82.73781506225326
            ],
            "recall": [
                82.91158251519401
            ],
            "F1_measure": [
                82.78901048615813
            ]
        }
    ],
    "5": [
        {
            "accuracy": [
                85.12658227848101
            ],
            "precision": [
                85.0544508878186
            ],
            "recall": [
                85.5565707421795
            ],
            "F1_measure": [
                85.22987063492874
            ]
        }
    ],
    "average accuracy": [
        83.902288064529
    ]
}