{
    "1": [
        {
            "accuracy": [
                70.03154574132492
            ],
            "precision": [
                71.61956870290203
            ],
            "recall": [
                70.27946389359431
            ],
            "F1_measure": [
                70.30440038498809
            ]
        }
    ],
    "2": [
        {
            "accuracy": [
                64.98422712933754
            ],
            "precision": [
                67.92400300396085
            ],
            "recall": [
                64.88728568469948
            ],
            "F1_measure": [
                65.65511694188164
            ]
        }
    ],
    "3": [
        {
            "accuracy": [
                70.03154574132492
            ],
            "precision": [
                70.72394863956146
            ],
            "recall": [
                69.30514754002995
            ],
            "F1_measure": [
                69.54290590803544
            ]
        }
    ],
    "4": [
        {
            "accuracy": [
                69.4006309148265
            ],
            "precision": [
                70.8537452591656
            ],
            "recall": [
                69.36099106885624
            ],
            "F1_measure": [
                69.59694079924638
            ]
        }
    ],
    "5": [
        {
            "accuracy": [
                67.08860759493672
            ],
            "precision": [
                69.85190969629194
            ],
            "recall": [
                66.93628724878724
            ],
            "F1_measure": [
                67.54083765403902
            ]
        }
    ],
    "average accuracy": [
        68.30731142435012
    ]
}