{
    "1": [
        {
            "accuracy": [
                86.43533123028391
            ],
            "precision": [
                86.70897426679424
            ],
            "recall": [
                86.41887779941577
            ],
            "F1_measure": [
                86.48314822085696
            ]
        }
    ],
    "2": [
        {
            "accuracy": [
                87.06624605678233
            ],
            "precision": [
                87.19692786584018
            ],
            "recall": [
                87.08019535210806
            ],
            "F1_measure": [
                87.11966471837935
            ]
        }
    ],
    "3": [
        {
            "accuracy": [
                89.58990536277602
            ],
            "precision": [
                89.36368281956517
            ],
            "recall": [
                89.42329643181036
            ],
            "F1_measure": [
                89.368087684512
            ]
        }
    ],
    "4": [
        {
            "accuracy": [
                89.58990536277602
            ],
            "precision": [
                89.93486858070192
            ],
            "recall": [
                89.66785059264734
            ],
            "F1_measure": [
                89.70253444891127
            ]
        }
    ],
    "5": [
        {
            "accuracy": [
                88.92405063291139
            ],
            "precision": [
                88.98765432098766
            ],
            "recall": [
                89.03435168915045
            ],
            "F1_measure": [
                88.90130570066876
            ]
        }
    ],
    "average accuracy": [
        88.32108772910594
    ]
}