{
    "1": [
        {
            "accuracy": [
                71.92429022082018
            ],
            "precision": [
                71.528651528917
            ],
            "recall": [
                71.38897127067082
            ],
            "F1_measure": [
                71.19897154868254
            ]
        }
    ],
    "2": [
        {
            "accuracy": [
                76.34069400630915
            ],
            "precision": [
                76.49813939956216
            ],
            "recall": [
                76.34057486631016
            ],
            "F1_measure": [
                76.38605801661613
            ]
        }
    ],
    "3": [
        {
            "accuracy": [
                71.92429022082018
            ],
            "precision": [
                72.67331562845882
            ],
            "recall": [
                72.12467099539492
            ],
            "F1_measure": [
                72.0948183295263
            ]
        }
    ],
    "4": [
        {
            "accuracy": [
                75.70977917981072
            ],
            "precision": [
                75.77414838793698
            ],
            "recall": [
                75.77414838793698
            ],
            "F1_measure": [
                75.77414838793698
            ]
        }
    ],
    "5": [
        {
            "accuracy": [
                73.73417721518987
            ],
            "precision": [
                75.01319756875604
            ],
            "recall": [
                73.85185237297914
            ],
            "F1_measure": [
                73.99336192320021
            ]
        }
    ],
    "average accuracy": [
        73.92664616859001
    ]
}