{
    "1": [
        {
            "accuracy": [
                87.06624605678233
            ],
            "precision": [
                88.02075060936804
            ],
            "recall": [
                87.58793919305771
            ],
            "F1_measure": [
                87.5096292517386
            ]
        }
    ],
    "2": [
        {
            "accuracy": [
                87.38170347003155
            ],
            "precision": [
                87.4593293132619
            ],
            "recall": [
                87.55414361757646
            ],
            "F1_measure": [
                87.45079908986482
            ]
        }
    ],
    "3": [
        {
            "accuracy": [
                87.38170347003155
            ],
            "precision": [
                86.96819037865971
            ],
            "recall": [
                87.14314194577352
            ],
            "F1_measure": [
                87.03117292232906
            ]
        }
    ],
    "4": [
        {
            "accuracy": [
                89.27444794952682
            ],
            "precision": [
                89.28537511870846
            ],
            "recall": [
                89.51095291259753
            ],
            "F1_measure": [
                89.31292583174695
            ]
        }
    ],
    "5": [
        {
            "accuracy": [
                90.18987341772153
            ],
            "precision": [
                90.20745375250215
            ],
            "recall": [
                90.22059316388446
            ],
            "F1_measure": [
                90.15377156793876
            ]
        }
    ],
    "average accuracy": [
        88.25879487281875
    ]
}