{
    "1": [
        {
            "accuracy": [
                62.857142857142854
            ]
        }
    ],
    "2": [
        {
            "accuracy": [
                63.63636363636363
            ]
        }
    ],
    "3": [
        {
            "accuracy": [
                63.37662337662338
            ]
        }
    ],
    "4": [
        {
            "accuracy": [
                65.1948051948052
            ]
        }
    ],
    "5": [
        {
            "accuracy": [
                62.5974025974026
            ]
        }
    ],
    "6": [
        {
            "accuracy": [
                61.298701298701296
            ]
        }
    ],
    "7": [
        {
            "accuracy": [
                59.480519480519476
            ]
        }
    ],
    "8": [
        {
            "accuracy": [
                62.5974025974026
            ]
        }
    ],
    "9": [
        {
            "accuracy": [
                65.71428571428571
            ]
        }
    ],
    "10": [
        {
            "accuracy": [
                60.77922077922078
            ]
        }
    ],
    "average accuracy": [
        62.753246753246756
    ]
}