{
    "1": [
        {
            "accuracy": [
                54.25867507886435
            ],
            "precision": [
                56.42035534558898
            ],
            "recall": [
                53.47147055059816
            ],
            "F1_measure": [
                53.964573879060794
            ]
        }
    ],
    "2": [
        {
            "accuracy": [
                51.419558359621455
            ],
            "precision": [
                56.270396270396276
            ],
            "recall": [
                50.81342298056796
            ],
            "F1_measure": [
                52.09414305116087
            ]
        }
    ],
    "3": [
        {
            "accuracy": [
                56.782334384858046
            ],
            "precision": [
                57.88690476190476
            ],
            "recall": [
                57.63568486172402
            ],
            "F1_measure": [
                57.66665415916529
            ]
        }
    ],
    "4": [
        {
            "accuracy": [
                57.09779179810725
            ],
            "precision": [
                59.43454790823212
            ],
            "recall": [
                57.48568953829931
            ],
            "F1_measure": [
                57.49511504918037
            ]
        }
    ],
    "5": [
        {
            "accuracy": [
                53.48101265822785
            ],
            "precision": [
                57.45059425096739
            ],
            "recall": [
                53.91274060551554
            ],
            "F1_measure": [
                53.17817087743257
            ]
        }
    ],
    "average accuracy": [
        54.60787445593579
    ]
}