{
    "1": [
        {
            "accuracy": [
                63.116883116883116
            ]
        }
    ],
    "2": [
        {
            "accuracy": [
                62.33766233766234
            ]
        }
    ],
    "3": [
        {
            "accuracy": [
                60.259740259740255
            ]
        }
    ],
    "4": [
        {
            "accuracy": [
                62.077922077922075
            ]
        }
    ],
    "5": [
        {
            "accuracy": [
                62.5974025974026
            ]
        }
    ],
    "6": [
        {
            "accuracy": [
                59.480519480519476
            ]
        }
    ],
    "7": [
        {
            "accuracy": [
                59.22077922077922
            ]
        }
    ],
    "8": [
        {
            "accuracy": [
                60.77922077922078
            ]
        }
    ],
    "9": [
        {
            "accuracy": [
                63.896103896103895
            ]
        }
    ],
    "10": [
        {
            "accuracy": [
                58.44155844155844
            ]
        }
    ],
    "average accuracy": [
        61.22077922077922
    ]
}