{
    "1": [
        {
            "accuracy": [
                83.59621451104101
            ],
            "precision": [
                83.80427583161614
            ],
            "recall": [
                83.93190199432199
            ],
            "F1_measure": [
                83.7480220800997
            ]
        }
    ],
    "2": [
        {
            "accuracy": [
                87.06624605678233
            ],
            "precision": [
                87.04169308814204
            ],
            "recall": [
                87.09069107094894
            ],
            "F1_measure": [
                87.05405870904404
            ]
        }
    ],
    "3": [
        {
            "accuracy": [
                85.48895899053628
            ],
            "precision": [
                85.70287032725118
            ],
            "recall": [
                85.38750654003039
            ],
            "F1_measure": [
                85.37733735453322
            ]
        }
    ],
    "4": [
        {
            "accuracy": [
                86.75078864353313
            ],
            "precision": [
                87.49594994693035
            ],
            "recall": [
                86.87299937299937
            ],
            "F1_measure": [
                87.02272094545546
            ]
        }
    ],
    "5": [
        {
            "accuracy": [
                87.65822784810126
            ],
            "precision": [
                87.20048114540634
            ],
            "recall": [
                88.0152127108064
            ],
            "F1_measure": [
                87.51601858645147
            ]
        }
    ],
    "average accuracy": [
        86.1120872099988
    ]
}