{
    "1": [
        {
            "accuracy": [
                88.32807570977917
            ],
            "precision": [
                88.60902255639098
            ],
            "recall": [
                88.36850649350649
            ],
            "F1_measure": [
                88.45710772181361
            ]
        }
    ],
    "2": [
        {
            "accuracy": [
                89.58990536277602
            ],
            "precision": [
                89.63984238691836
            ],
            "recall": [
                89.6628787878788
            ],
            "F1_measure": [
                89.54905953459206
            ]
        }
    ],
    "3": [
        {
            "accuracy": [
                85.8044164037855
            ],
            "precision": [
                86.02968838586953
            ],
            "recall": [
                85.9689143950263
            ],
            "F1_measure": [
                85.80803751819323
            ]
        }
    ],
    "4": [
        {
            "accuracy": [
                89.90536277602523
            ],
            "precision": [
                90.08649666763257
            ],
            "recall": [
                89.94659652478877
            ],
            "F1_measure": [
                89.92337875498832
            ]
        }
    ],
    "5": [
        {
            "accuracy": [
                90.18987341772153
            ],
            "precision": [
                90.1872096302989
            ],
            "recall": [
                90.08790100130047
            ],
            "F1_measure": [
                90.08046303585569
            ]
        }
    ],
    "average accuracy": [
        88.76352673401749
    ]
}