{
    "1": [
        {
            "accuracy": [
                60.51948051948052
            ]
        }
    ],
    "2": [
        {
            "accuracy": [
                62.077922077922075
            ]
        }
    ],
    "3": [
        {
            "accuracy": [
                61.55844155844156
            ]
        }
    ],
    "4": [
        {
            "accuracy": [
                63.116883116883116
            ]
        }
    ],
    "5": [
        {
            "accuracy": [
                61.298701298701296
            ]
        }
    ],
    "6": [
        {
            "accuracy": [
                61.298701298701296
            ]
        }
    ],
    "7": [
        {
            "accuracy": [
                58.44155844155844
            ]
        }
    ],
    "8": [
        {
            "accuracy": [
                61.81818181818181
            ]
        }
    ],
    "9": [
        {
            "accuracy": [
                64.67532467532467
            ]
        }
    ],
    "10": [
        {
            "accuracy": [
                59.22077922077922
            ]
        }
    ],
    "average accuracy": [
        61.40259740259741
    ]
}