{
    "1": [
        {
            "accuracy": [
                88.01261829652996
            ],
            "precision": [
                87.96958686726619
            ],
            "recall": [
                88.2267316017316
            ],
            "F1_measure": [
                87.967823404959
            ]
        }
    ],
    "2": [
        {
            "accuracy": [
                82.33438485804416
            ],
            "precision": [
                83.16722884554402
            ],
            "recall": [
                81.83863031654325
            ],
            "F1_measure": [
                82.28881964850655
            ]
        }
    ],
    "3": [
        {
            "accuracy": [
                85.48895899053628
            ],
            "precision": [
                85.49092473791269
            ],
            "recall": [
                85.65739035340162
            ],
            "F1_measure": [
                85.53388199677201
            ]
        }
    ],
    "4": [
        {
            "accuracy": [
                87.69716088328076
            ],
            "precision": [
                88.01374725365834
            ],
            "recall": [
                87.63830873479996
            ],
            "F1_measure": [
                87.38796917368346
            ]
        }
    ],
    "5": [
        {
            "accuracy": [
                87.9746835443038
            ],
            "precision": [
                88.11453201970444
            ],
            "recall": [
                88.09941520467837
            ],
            "F1_measure": [
                88.00172660753873
            ]
        }
    ],
    "average accuracy": [
        86.30156131453899
    ]
}