{
    "1": [
        {
            "accuracy": [
                62.33766233766234
            ]
        }
    ],
    "2": [
        {
            "accuracy": [
                62.077922077922075
            ]
        }
    ],
    "3": [
        {
            "accuracy": [
                61.81818181818181
            ]
        }
    ],
    "4": [
        {
            "accuracy": [
                62.5974025974026
            ]
        }
    ],
    "5": [
        {
            "accuracy": [
                62.857142857142854
            ]
        }
    ],
    "6": [
        {
            "accuracy": [
                59.74025974025974
            ]
        }
    ],
    "7": [
        {
            "accuracy": [
                60.51948051948052
            ]
        }
    ],
    "8": [
        {
            "accuracy": [
                62.857142857142854
            ]
        }
    ],
    "9": [
        {
            "accuracy": [
                64.67532467532467
            ]
        }
    ],
    "10": [
        {
            "accuracy": [
                58.18181818181818
            ]
        }
    ],
    "average accuracy": [
        61.76623376623375
    ]
}