{
    "1": [
        {
            "accuracy": [
                55.58441558441558
            ]
        }
    ],
    "2": [
        {
            "accuracy": [
                54.285714285714285
            ]
        }
    ],
    "3": [
        {
            "accuracy": [
                54.285714285714285
            ]
        }
    ],
    "4": [
        {
            "accuracy": [
                52.467532467532465
            ]
        }
    ],
    "5": [
        {
            "accuracy": [
                53.5064935064935
            ]
        }
    ],
    "6": [
        {
            "accuracy": [
                55.064935064935064
            ]
        }
    ],
    "7": [
        {
            "accuracy": [
                50.12987012987013
            ]
        }
    ],
    "8": [
        {
            "accuracy": [
                54.54545454545454
            ]
        }
    ],
    "9": [
        {
            "accuracy": [
                53.5064935064935
            ]
        }
    ],
    "10": [
        {
            "accuracy": [
                52.2077922077922
            ]
        }
    ],
    "average accuracy": [
        53.55844155844155
    ]
}