{
    "1": [
        {
            "accuracy": [
                88.95899053627761
            ],
            "precision": [
                89.36838513564894
            ],
            "recall": [
                88.81243382304281
            ],
            "F1_measure": [
                89.00916840407285
            ]
        }
    ],
    "2": [
        {
            "accuracy": [
                86.1198738170347
            ],
            "precision": [
                86.50550830266386
            ],
            "recall": [
                86.41985134521389
            ],
            "F1_measure": [
                86.3443650231625
            ]
        }
    ],
    "3": [
        {
            "accuracy": [
                84.85804416403786
            ],
            "precision": [
                84.59948398755238
            ],
            "recall": [
                84.87590604528684
            ],
            "F1_measure": [
                84.67003830433116
            ]
        }
    ],
    "4": [
        {
            "accuracy": [
                86.1198738170347
            ],
            "precision": [
                85.7646103896104
            ],
            "recall": [
                86.01035625676685
            ],
            "F1_measure": [
                85.60598358219535
            ]
        }
    ],
    "5": [
        {
            "accuracy": [
                84.17721518987342
            ],
            "precision": [
                84.6278624353887
            ],
            "recall": [
                84.59281378171961
            ],
            "F1_measure": [
                84.46490902493628
            ]
        }
    ],
    "average accuracy": [
        86.04679950485166
    ]
}