{
    "1": [
        {
            "accuracy": [
                63.116883116883116
            ]
        }
    ],
    "2": [
        {
            "accuracy": [
                64.15584415584415
            ]
        }
    ],
    "3": [
        {
            "accuracy": [
                62.5974025974026
            ]
        }
    ],
    "4": [
        {
            "accuracy": [
                62.857142857142854
            ]
        }
    ],
    "5": [
        {
            "accuracy": [
                61.55844155844156
            ]
        }
    ],
    "6": [
        {
            "accuracy": [
                62.077922077922075
            ]
        }
    ],
    "7": [
        {
            "accuracy": [
                59.22077922077922
            ]
        }
    ],
    "8": [
        {
            "accuracy": [
                63.116883116883116
            ]
        }
    ],
    "9": [
        {
            "accuracy": [
                63.896103896103895
            ]
        }
    ],
    "10": [
        {
            "accuracy": [
                59.22077922077922
            ]
        }
    ],
    "average accuracy": [
        62.18181818181819
    ]
}