{
    "1": [
        {
            "accuracy": [
                64.98422712933754
            ],
            "precision": [
                66.97170257310731
            ],
            "recall": [
                65.20341802782819
            ],
            "F1_measure": [
                65.61827061827063
            ]
        }
    ],
    "2": [
        {
            "accuracy": [
                65.61514195583597
            ],
            "precision": [
                67.78698489188638
            ],
            "recall": [
                65.7694472707041
            ],
            "F1_measure": [
                66.0353266597366
            ]
        }
    ],
    "3": [
        {
            "accuracy": [
                66.8769716088328
            ],
            "precision": [
                67.69601355175972
            ],
            "recall": [
                66.9587891631823
            ],
            "F1_measure": [
                67.191325764402
            ]
        }
    ],
    "4": [
        {
            "accuracy": [
                67.19242902208202
            ],
            "precision": [
                68.28311750846962
            ],
            "recall": [
                67.1025021998601
            ],
            "F1_measure": [
                67.29966334133724
            ]
        }
    ],
    "5": [
        {
            "accuracy": [
                65.82278481012658
            ],
            "precision": [
                67.95254403131115
            ],
            "recall": [
                65.70851811574708
            ],
            "F1_measure": [
                66.20659808915077
            ]
        }
    ],
    "average accuracy": [
        66.09831090524298
    ]
}