{
    "1": [
        {
            "accuracy": [
                58.359621451104104
            ],
            "precision": [
                59.51687891651506
            ],
            "recall": [
                58.12804669652654
            ],
            "F1_measure": [
                58.56899388765105
            ]
        }
    ],
    "2": [
        {
            "accuracy": [
                64.03785488958991
            ],
            "precision": [
                66.15656413601619
            ],
            "recall": [
                63.71999171999172
            ],
            "F1_measure": [
                63.8913318929744
            ]
        }
    ],
    "3": [
        {
            "accuracy": [
                62.77602523659306
            ],
            "precision": [
                65.49315619967794
            ],
            "recall": [
                63.024940737182966
            ],
            "F1_measure": [
                63.362737444603376
            ]
        }
    ],
    "4": [
        {
            "accuracy": [
                61.82965299684543
            ],
            "precision": [
                62.2024595221996
            ],
            "recall": [
                62.22341255235991
            ],
            "F1_measure": [
                62.106214365887084
            ]
        }
    ],
    "5": [
        {
            "accuracy": [
                67.40506329113924
            ],
            "precision": [
                69.11663946486367
            ],
            "recall": [
                67.45616994325746
            ],
            "F1_measure": [
                67.85189994709523
            ]
        }
    ],
    "average accuracy": [
        62.88164357305435
    ]
}