{
    "1": [
        {
            "accuracy": [
                66.24605678233438
            ],
            "precision": [
                67.70552051705776
            ],
            "recall": [
                67.29101760385005
            ],
            "F1_measure": [
                66.96622620220451
            ]
        }
    ],
    "2": [
        {
            "accuracy": [
                59.62145110410094
            ],
            "precision": [
                64.8024571877685
            ],
            "recall": [
                61.06654524337451
            ],
            "F1_measure": [
                60.362481490141064
            ]
        }
    ],
    "3": [
        {
            "accuracy": [
                64.35331230283911
            ],
            "precision": [
                65.84004401596394
            ],
            "recall": [
                64.1534123638857
            ],
            "F1_measure": [
                63.99767756858087
            ]
        }
    ],
    "4": [
        {
            "accuracy": [
                62.46056782334385
            ],
            "precision": [
                63.893874675029
            ],
            "recall": [
                61.991949868109266
            ],
            "F1_measure": [
                62.62503795628432
            ]
        }
    ],
    "5": [
        {
            "accuracy": [
                65.82278481012658
            ],
            "precision": [
                66.75064084597508
            ],
            "recall": [
                65.51717871680557
            ],
            "F1_measure": [
                65.797292706817
            ]
        }
    ],
    "average accuracy": [
        63.70083456454897
    ]
}