{
    "1": [
        {
            "accuracy": [
                47.79220779220779
            ]
        }
    ],
    "2": [
        {
            "accuracy": [
                49.61038961038961
            ]
        }
    ],
    "3": [
        {
            "accuracy": [
                49.09090909090909
            ]
        }
    ],
    "4": [
        {
            "accuracy": [
                47.27272727272727
            ]
        }
    ],
    "5": [
        {
            "accuracy": [
                48.83116883116883
            ]
        }
    ],
    "6": [
        {
            "accuracy": [
                48.05194805194805
            ]
        }
    ],
    "7": [
        {
            "accuracy": [
                46.23376623376623
            ]
        }
    ],
    "8": [
        {
            "accuracy": [
                45.714285714285715
            ]
        }
    ],
    "9": [
        {
            "accuracy": [
                46.493506493506494
            ]
        }
    ],
    "10": [
        {
            "accuracy": [
                46.23376623376623
            ]
        }
    ],
    "average accuracy": [
        47.532467532467535
    ]
}