{
    "1": [
        {
            "accuracy": [
                64.66876971608832
            ],
            "precision": [
                66.81396652864045
            ],
            "recall": [
                64.4493742294182
            ],
            "F1_measure": [
                64.86600334933154
            ]
        }
    ],
    "2": [
        {
            "accuracy": [
                66.5615141955836
            ],
            "precision": [
                69.62594985634597
            ],
            "recall": [
                66.8954723954724
            ],
            "F1_measure": [
                67.13337742276599
            ]
        }
    ],
    "3": [
        {
            "accuracy": [
                70.66246056782335
            ],
            "precision": [
                71.35038520998675
            ],
            "recall": [
                70.44309817551351
            ],
            "F1_measure": [
                70.6596665952087
            ]
        }
    ],
    "4": [
        {
            "accuracy": [
                64.98422712933754
            ],
            "precision": [
                66.0179202625015
            ],
            "recall": [
                65.1568815746529
            ],
            "F1_measure": [
                65.36825236338163
            ]
        }
    ],
    "5": [
        {
            "accuracy": [
                63.60759493670886
            ],
            "precision": [
                65.67615436563
            ],
            "recall": [
                63.74606458140152
            ],
            "F1_measure": [
                64.35688729383186
            ]
        }
    ],
    "average accuracy": [
        66.09691330910833
    ]
}