{
    "1": [
        {
            "accuracy": [
                50.649350649350644
            ]
        }
    ],
    "2": [
        {
            "accuracy": [
                52.72727272727272
            ]
        }
    ],
    "3": [
        {
            "accuracy": [
                50.90909090909091
            ]
        }
    ],
    "4": [
        {
            "accuracy": [
                50.90909090909091
            ]
        }
    ],
    "5": [
        {
            "accuracy": [
                50.90909090909091
            ]
        }
    ],
    "6": [
        {
            "accuracy": [
                50.649350649350644
            ]
        }
    ],
    "7": [
        {
            "accuracy": [
                49.09090909090909
            ]
        }
    ],
    "8": [
        {
            "accuracy": [
                51.688311688311686
            ]
        }
    ],
    "9": [
        {
            "accuracy": [
                49.35064935064935
            ]
        }
    ],
    "10": [
        {
            "accuracy": [
                47.79220779220779
            ]
        }
    ],
    "average accuracy": [
        50.467532467532465
    ]
}