{
    "1": [
        {
            "accuracy": [
                88.32807570977917
            ],
            "precision": [
                88.84653515684579
            ],
            "recall": [
                88.45162545037668
            ],
            "F1_measure": [
                88.47298380903943
            ]
        }
    ],
    "2": [
        {
            "accuracy": [
                84.85804416403786
            ],
            "precision": [
                85.21006691972514
            ],
            "recall": [
                85.379568293142
            ],
            "F1_measure": [
                85.14192324815156
            ]
        }
    ],
    "3": [
        {
            "accuracy": [
                84.85804416403786
            ],
            "precision": [
                84.72553021962999
            ],
            "recall": [
                84.76037333313454
            ],
            "F1_measure": [
                84.7016098947897
            ]
        }
    ],
    "4": [
        {
            "accuracy": [
                88.32807570977917
            ],
            "precision": [
                88.73506591861022
            ],
            "recall": [
                88.59763190422596
            ],
            "F1_measure": [
                88.3048360614865
            ]
        }
    ],
    "5": [
        {
            "accuracy": [
                85.44303797468355
            ],
            "precision": [
                85.04944760017223
            ],
            "recall": [
                85.30685729669442
            ],
            "F1_measure": [
                85.11205484557519
            ]
        }
    ],
    "average accuracy": [
        86.36305554446352
    ]
}