{
    "1": [
        {
            "accuracy": [
                80.4416403785489
            ],
            "precision": [
                80.79003733362094
            ],
            "recall": [
                80.31716610029864
            ],
            "F1_measure": [
                80.37678768244831
            ]
        }
    ],
    "2": [
        {
            "accuracy": [
                79.49526813880126
            ],
            "precision": [
                79.84396847197989
            ],
            "recall": [
                79.29767982536725
            ],
            "F1_measure": [
                79.31892005054748
            ]
        }
    ],
    "3": [
        {
            "accuracy": [
                82.96529968454259
            ],
            "precision": [
                83.24915032232106
            ],
            "recall": [
                83.30631087263652
            ],
            "F1_measure": [
                83.14189421117997
            ]
        }
    ],
    "4": [
        {
            "accuracy": [
                84.54258675078864
            ],
            "precision": [
                85.22232949577382
            ],
            "recall": [
                84.56439767527276
            ],
            "F1_measure": [
                84.72694507033403
            ]
        }
    ],
    "5": [
        {
            "accuracy": [
                80.37974683544303
            ],
            "precision": [
                80.43102234909159
            ],
            "recall": [
                80.95774722932651
            ],
            "F1_measure": [
                80.26898191327855
            ]
        }
    ],
    "average accuracy": [
        81.56490835762489
    ]
}