{
    "1": [
        {
            "accuracy": [
                78.86435331230284
            ],
            "precision": [
                79.12797198043815
            ],
            "recall": [
                79.0815295072782
            ],
            "F1_measure": [
                79.00087698974035
            ]
        }
    ],
    "2": [
        {
            "accuracy": [
                72.87066246056783
            ],
            "precision": [
                72.76447378616322
            ],
            "recall": [
                72.49594773446162
            ],
            "F1_measure": [
                72.58292952462138
            ]
        }
    ],
    "3": [
        {
            "accuracy": [
                74.13249211356468
            ],
            "precision": [
                75.01481212281396
            ],
            "recall": [
                74.18387127578305
            ],
            "F1_measure": [
                74.30026125471471
            ]
        }
    ],
    "4": [
        {
            "accuracy": [
                72.87066246056783
            ],
            "precision": [
                73.74544078008793
            ],
            "recall": [
                73.11918967110725
            ],
            "F1_measure": [
                72.92134390239183
            ]
        }
    ],
    "5": [
        {
            "accuracy": [
                70.25316455696202
            ],
            "precision": [
                70.76086956521739
            ],
            "recall": [
                70.06649956953403
            ],
            "F1_measure": [
                70.27175722827897
            ]
        }
    ],
    "average accuracy": [
        73.79826698079304
    ]
}