{
    "1": [
        {
            "accuracy": [
                84.22712933753942
            ],
            "precision": [
                83.82462487433087
            ],
            "recall": [
                83.91074787509824
            ],
            "F1_measure": [
                83.83389255671865
            ]
        }
    ],
    "2": [
        {
            "accuracy": [
                83.2807570977918
            ],
            "precision": [
                83.51012669423132
            ],
            "recall": [
                83.27319289897967
            ],
            "F1_measure": [
                83.36357033019337
            ]
        }
    ],
    "3": [
        {
            "accuracy": [
                88.32807570977917
            ],
            "precision": [
                88.36879287819633
            ],
            "recall": [
                88.66846082387833
            ],
            "F1_measure": [
                88.30772631350666
            ]
        }
    ],
    "4": [
        {
            "accuracy": [
                88.01261829652996
            ],
            "precision": [
                87.88091229757896
            ],
            "recall": [
                87.77946292211098
            ],
            "F1_measure": [
                87.7810363489816
            ]
        }
    ],
    "5": [
        {
            "accuracy": [
                86.39240506329115
            ],
            "precision": [
                86.52838417798986
            ],
            "recall": [
                86.49502435548946
            ],
            "F1_measure": [
                86.50594326059075
            ]
        }
    ],
    "average accuracy": [
        86.0481971009863
    ]
}