{
    "1": [
        {
            "accuracy": [
                48.57142857142857
            ]
        }
    ],
    "2": [
        {
            "accuracy": [
                49.09090909090909
            ]
        }
    ],
    "3": [
        {
            "accuracy": [
                47.79220779220779
            ]
        }
    ],
    "4": [
        {
            "accuracy": [
                47.53246753246753
            ]
        }
    ],
    "5": [
        {
            "accuracy": [
                47.27272727272727
            ]
        }
    ],
    "6": [
        {
            "accuracy": [
                45.97402597402597
            ]
        }
    ],
    "7": [
        {
            "accuracy": [
                47.27272727272727
            ]
        }
    ],
    "8": [
        {
            "accuracy": [
                45.45454545454545
            ]
        }
    ],
    "9": [
        {
            "accuracy": [
                48.311688311688314
            ]
        }
    ],
    "10": [
        {
            "accuracy": [
                48.57142857142857
            ]
        }
    ],
    "average accuracy": [
        47.58441558441558
    ]
}