{
    "1": [
        {
            "accuracy": [
                89.58990536277602
            ],
            "precision": [
                89.86644813912459
            ],
            "recall": [
                89.62573657917936
            ],
            "F1_measure": [
                89.63028689736764
            ]
        }
    ],
    "2": [
        {
            "accuracy": [
                86.43533123028391
            ],
            "precision": [
                86.87701645085778
            ],
            "recall": [
                86.43055304464822
            ],
            "F1_measure": [
                86.57200858509646
            ]
        }
    ],
    "3": [
        {
            "accuracy": [
                86.1198738170347
            ],
            "precision": [
                86.43734428039829
            ],
            "recall": [
                85.99576294352414
            ],
            "F1_measure": [
                86.08581881505242
            ]
        }
    ],
    "4": [
        {
            "accuracy": [
                85.8044164037855
            ],
            "precision": [
                86.50977443063282
            ],
            "recall": [
                85.93119140858042
            ],
            "F1_measure": [
                86.13998125312676
            ]
        }
    ],
    "5": [
        {
            "accuracy": [
                87.0253164556962
            ],
            "precision": [
                86.93958221701222
            ],
            "recall": [
                86.93517607264548
            ],
            "F1_measure": [
                86.91439858510529
            ]
        }
    ],
    "average accuracy": [
        86.99496865391527
    ]
}