{
    "1": [
        {
            "accuracy": [
                90.53627760252367
            ],
            "precision": [
                90.49931318681318
            ],
            "recall": [
                90.71852119629436
            ],
            "F1_measure": [
                90.56614166902821
            ]
        }
    ],
    "2": [
        {
            "accuracy": [
                83.91167192429022
            ],
            "precision": [
                83.71014492753622
            ],
            "recall": [
                83.51812405932111
            ],
            "F1_measure": [
                83.5134761582607
            ]
        }
    ],
    "3": [
        {
            "accuracy": [
                85.8044164037855
            ],
            "precision": [
                86.61317518460375
            ],
            "recall": [
                85.93606109419363
            ],
            "F1_measure": [
                86.210282392679
            ]
        }
    ],
    "4": [
        {
            "accuracy": [
                85.48895899053628
            ],
            "precision": [
                86.04273885724108
            ],
            "recall": [
                85.36240572940002
            ],
            "F1_measure": [
                85.57535080852044
            ]
        }
    ],
    "5": [
        {
            "accuracy": [
                87.0253164556962
            ],
            "precision": [
                86.86185283118569
            ],
            "recall": [
                86.9847922063112
            ],
            "F1_measure": [
                86.83871095973869
            ]
        }
    ],
    "average accuracy": [
        86.55332827536637
    ]
}