{
    "1": [
        {
            "accuracy": [
                87.69716088328076
            ],
            "precision": [
                88.10677314404023
            ],
            "recall": [
                87.53657105224227
            ],
            "F1_measure": [
                87.6869075313376
            ]
        }
    ],
    "2": [
        {
            "accuracy": [
                88.64353312302839
            ],
            "precision": [
                88.93649954696465
            ],
            "recall": [
                88.75509717204686
            ],
            "F1_measure": [
                88.65178318076283
            ]
        }
    ],
    "3": [
        {
            "accuracy": [
                81.70347003154575
            ],
            "precision": [
                81.42858894652295
            ],
            "recall": [
                81.53006894385624
            ],
            "F1_measure": [
                81.45760135396647
            ]
        }
    ],
    "4": [
        {
            "accuracy": [
                86.1198738170347
            ],
            "precision": [
                86.24702556177019
            ],
            "recall": [
                85.96318633897748
            ],
            "F1_measure": [
                85.95126046237375
            ]
        }
    ],
    "5": [
        {
            "accuracy": [
                87.65822784810126
            ],
            "precision": [
                87.68956891729674
            ],
            "recall": [
                87.66395932123683
            ],
            "F1_measure": [
                87.60343838874522
            ]
        }
    ],
    "average accuracy": [
        86.36445314059817
    ]
}