{
    "1": [
        {
            "accuracy": [
                89.90536277602523
            ],
            "precision": [
                89.98359493925855
            ],
            "recall": [
                90.0519423502367
            ],
            "F1_measure": [
                89.83830118556939
            ]
        }
    ],
    "2": [
        {
            "accuracy": [
                87.69716088328076
            ],
            "precision": [
                87.7531265031265
            ],
            "recall": [
                87.69058759867583
            ],
            "F1_measure": [
                87.66012183401484
            ]
        }
    ],
    "3": [
        {
            "accuracy": [
                87.06624605678233
            ],
            "precision": [
                87.4275987252776
            ],
            "recall": [
                87.47963040011095
            ],
            "F1_measure": [
                87.25231908165864
            ]
        }
    ],
    "4": [
        {
            "accuracy": [
                87.69716088328076
            ],
            "precision": [
                87.79277679824992
            ],
            "recall": [
                87.68857909987719
            ],
            "F1_measure": [
                87.71628730994496
            ]
        }
    ],
    "5": [
        {
            "accuracy": [
                86.39240506329115
            ],
            "precision": [
                86.3699261754794
            ],
            "recall": [
                86.34006152633292
            ],
            "F1_measure": [
                86.3361841410622
            ]
        }
    ],
    "average accuracy": [
        87.75166713253205
    ]
}