{
    "1": [
        {
            "accuracy": [
                86.1198738170347
            ],
            "precision": [
                86.45915092609573
            ],
            "recall": [
                86.35487259541615
            ],
            "F1_measure": [
                86.13836780503448
            ]
        }
    ],
    "2": [
        {
            "accuracy": [
                84.85804416403786
            ],
            "precision": [
                84.6846748783443
            ],
            "recall": [
                84.76513682396036
            ],
            "F1_measure": [
                84.66260585206858
            ]
        }
    ],
    "3": [
        {
            "accuracy": [
                86.43533123028391
            ],
            "precision": [
                87.33161793917279
            ],
            "recall": [
                86.48379055005562
            ],
            "F1_measure": [
                86.69019221191378
            ]
        }
    ],
    "4": [
        {
            "accuracy": [
                88.01261829652996
            ],
            "precision": [
                88.51893475465566
            ],
            "recall": [
                88.12322230767352
            ],
            "F1_measure": [
                87.91981974147963
            ]
        }
    ],
    "5": [
        {
            "accuracy": [
                84.49367088607595
            ],
            "precision": [
                85.05716120961584
            ],
            "recall": [
                85.0229176544966
            ],
            "F1_measure": [
                84.52939337085678
            ]
        }
    ],
    "average accuracy": [
        85.98390767879248
    ]
}