{
    "1": [
        {
            "accuracy": [
                88.95899053627761
            ],
            "precision": [
                88.95337349324771
            ],
            "recall": [
                89.06979667239585
            ],
            "F1_measure": [
                88.98248749521024
            ]
        }
    ],
    "2": [
        {
            "accuracy": [
                86.75078864353313
            ],
            "precision": [
                87.23885333944325
            ],
            "recall": [
                86.66511664095272
            ],
            "F1_measure": [
                86.78584211474319
            ]
        }
    ],
    "3": [
        {
            "accuracy": [
                88.32807570977917
            ],
            "precision": [
                88.40659262336477
            ],
            "recall": [
                88.31470155450288
            ],
            "F1_measure": [
                88.31686709170152
            ]
        }
    ],
    "4": [
        {
            "accuracy": [
                84.85804416403786
            ],
            "precision": [
                84.78259959484076
            ],
            "recall": [
                84.6861143434297
            ],
            "F1_measure": [
                84.70533562310922
            ]
        }
    ],
    "5": [
        {
            "accuracy": [
                84.49367088607595
            ],
            "precision": [
                85.27950879765396
            ],
            "recall": [
                84.43580542264753
            ],
            "F1_measure": [
                84.76692161053963
            ]
        }
    ],
    "average accuracy": [
        86.67791398794074
    ]
}