{
    "1": [
        {
            "accuracy": [
                88.95899053627761
            ],
            "precision": [
                88.92887966463915
            ],
            "recall": [
                89.42425743945684
            ],
            "F1_measure": [
                88.91339861169185
            ]
        }
    ],
    "2": [
        {
            "accuracy": [
                88.01261829652996
            ],
            "precision": [
                88.48672105750151
            ],
            "recall": [
                88.20617816091954
            ],
            "F1_measure": [
                88.26075810590478
            ]
        }
    ],
    "3": [
        {
            "accuracy": [
                88.95899053627761
            ],
            "precision": [
                89.23213966317415
            ],
            "recall": [
                88.81340161080608
            ],
            "F1_measure": [
                88.71808576401767
            ]
        }
    ],
    "4": [
        {
            "accuracy": [
                86.75078864353313
            ],
            "precision": [
                86.97695944406469
            ],
            "recall": [
                86.84705284552845
            ],
            "F1_measure": [
                86.86295518434865
            ]
        }
    ],
    "5": [
        {
            "accuracy": [
                85.44303797468355
            ],
            "precision": [
                85.95541885015568
            ],
            "recall": [
                85.57764229738396
            ],
            "F1_measure": [
                85.43396096482348
            ]
        }
    ],
    "average accuracy": [
        87.62488519746037
    ]
}