{
    "1": [
        {
            "accuracy": [
                88.32807570977917
            ],
            "precision": [
                88.55171070064686
            ],
            "recall": [
                88.72456363330372
            ],
            "F1_measure": [
                88.62457663462406
            ]
        }
    ],
    "2": [
        {
            "accuracy": [
                82.33438485804416
            ],
            "precision": [
                82.24677690969826
            ],
            "recall": [
                82.18788712445739
            ],
            "F1_measure": [
                82.1845545265883
            ]
        }
    ],
    "3": [
        {
            "accuracy": [
                87.69716088328076
            ],
            "precision": [
                87.67164506135094
            ],
            "recall": [
                87.62821432249143
            ],
            "F1_measure": [
                87.60800634211131
            ]
        }
    ],
    "4": [
        {
            "accuracy": [
                86.75078864353313
            ],
            "precision": [
                86.80223843923534
            ],
            "recall": [
                86.52274632666789
            ],
            "F1_measure": [
                86.5340456525327
            ]
        }
    ],
    "5": [
        {
            "accuracy": [
                89.24050632911393
            ],
            "precision": [
                89.44868617864398
            ],
            "recall": [
                89.29418878013254
            ],
            "F1_measure": [
                89.26194166996999
            ]
        }
    ],
    "average accuracy": [
        86.87018328475024
    ]
}