{
    "1": [
        {
            "accuracy": [
                87.38170347003155
            ],
            "precision": [
                87.95559920364506
            ],
            "recall": [
                87.15870786516854
            ],
            "F1_measure": [
                87.33201292585423
            ]
        }
    ],
    "2": [
        {
            "accuracy": [
                89.27444794952682
            ],
            "precision": [
                89.42959607814147
            ],
            "recall": [
                89.40295358649789
            ],
            "F1_measure": [
                89.26875019285458
            ]
        }
    ],
    "3": [
        {
            "accuracy": [
                87.06624605678233
            ],
            "precision": [
                87.46362828242674
            ],
            "recall": [
                87.27928992392334
            ],
            "F1_measure": [
                87.18676109133753
            ]
        }
    ],
    "4": [
        {
            "accuracy": [
                86.1198738170347
            ],
            "precision": [
                86.27068338288217
            ],
            "recall": [
                86.2601901784013
            ],
            "F1_measure": [
                86.10915768088765
            ]
        }
    ],
    "5": [
        {
            "accuracy": [
                90.18987341772153
            ],
            "precision": [
                90.15293582804131
            ],
            "recall": [
                90.20473344049293
            ],
            "F1_measure": [
                90.14422402385935
            ]
        }
    ],
    "average accuracy": [
        88.00642894221939
    ]
}