{
    "1": [
        {
            "accuracy": [
                87.38170347003155
            ],
            "precision": [
                87.84750788427259
            ],
            "recall": [
                87.16977628381866
            ],
            "F1_measure": [
                87.36854974300496
            ]
        }
    ],
    "2": [
        {
            "accuracy": [
                88.32807570977917
            ],
            "precision": [
                88.3052434456929
            ],
            "recall": [
                88.38481338481338
            ],
            "F1_measure": [
                88.31801795250067
            ]
        }
    ],
    "3": [
        {
            "accuracy": [
                87.69716088328076
            ],
            "precision": [
                87.47055101380714
            ],
            "recall": [
                88.02686864219372
            ],
            "F1_measure": [
                87.61792130024389
            ]
        }
    ],
    "4": [
        {
            "accuracy": [
                89.58990536277602
            ],
            "precision": [
                89.62020143920616
            ],
            "recall": [
                89.84502339765498
            ],
            "F1_measure": [
                89.69202239140812
            ]
        }
    ],
    "5": [
        {
            "accuracy": [
                86.07594936708861
            ],
            "precision": [
                86.08748991180032
            ],
            "recall": [
                86.1567574871746
            ],
            "F1_measure": [
                86.03486625302168
            ]
        }
    ],
    "average accuracy": [
        87.81455895859122
    ]
}