{
    "1": [
        {
            "accuracy": [
                85.48895899053628
            ],
            "precision": [
                85.55453317943245
            ],
            "recall": [
                85.41084973707478
            ],
            "F1_measure": [
                85.39136862402204
            ]
        }
    ],
    "2": [
        {
            "accuracy": [
                88.64353312302839
            ],
            "precision": [
                88.62321364302974
            ],
            "recall": [
                88.68408595177007
            ],
            "F1_measure": [
                88.52509594138496
            ]
        }
    ],
    "3": [
        {
            "accuracy": [
                85.8044164037855
            ],
            "precision": [
                85.77489434205773
            ],
            "recall": [
                85.79245661263532
            ],
            "F1_measure": [
                85.75052469313724
            ]
        }
    ],
    "4": [
        {
            "accuracy": [
                85.17350157728707
            ],
            "precision": [
                85.26503895165867
            ],
            "recall": [
                84.96921614758817
            ],
            "F1_measure": [
                85.03544502682618
            ]
        }
    ],
    "5": [
        {
            "accuracy": [
                85.75949367088607
            ],
            "precision": [
                85.9412759683064
            ],
            "recall": [
                85.99891505838329
            ],
            "F1_measure": [
                85.9610636277303
            ]
        }
    ],
    "average accuracy": [
        86.17398075310466
    ]
}