{
    "1": [
        {
            "accuracy": [
                87.06624605678233
            ],
            "precision": [
                87.8202013595272
            ],
            "recall": [
                87.10231944023305
            ],
            "F1_measure": [
                87.31276696725202
            ]
        }
    ],
    "2": [
        {
            "accuracy": [
                84.22712933753942
            ],
            "precision": [
                84.18208678617403
            ],
            "recall": [
                84.26122488622488
            ],
            "F1_measure": [
                84.1207668616478
            ]
        }
    ],
    "3": [
        {
            "accuracy": [
                84.85804416403786
            ],
            "precision": [
                85.33268553904469
            ],
            "recall": [
                84.72577667430609
            ],
            "F1_measure": [
                84.73365600104692
            ]
        }
    ],
    "4": [
        {
            "accuracy": [
                89.90536277602523
            ],
            "precision": [
                90.05341432760787
            ],
            "recall": [
                90.23850794154859
            ],
            "F1_measure": [
                90.06501974958464
            ]
        }
    ],
    "5": [
        {
            "accuracy": [
                87.0253164556962
            ],
            "precision": [
                87.49555715135425
            ],
            "recall": [
                86.95083649704766
            ],
            "F1_measure": [
                87.10467377474933
            ]
        }
    ],
    "average accuracy": [
        86.61641975801622
    ]
}