{
    "1": [
        {
            "accuracy": [
                87.06624605678233
            ],
            "precision": [
                87.17306629465732
            ],
            "recall": [
                87.19325765558642
            ],
            "F1_measure": [
                87.03143401119186
            ]
        }
    ],
    "2": [
        {
            "accuracy": [
                87.06624605678233
            ],
            "precision": [
                87.01895410534671
            ],
            "recall": [
                86.77637721755369
            ],
            "F1_measure": [
                86.65208163042354
            ]
        }
    ],
    "3": [
        {
            "accuracy": [
                86.1198738170347
            ],
            "precision": [
                86.218491878571
            ],
            "recall": [
                86.04586468239582
            ],
            "F1_measure": [
                86.07435516691415
            ]
        }
    ],
    "4": [
        {
            "accuracy": [
                87.38170347003155
            ],
            "precision": [
                87.94705537658844
            ],
            "recall": [
                87.3219814241486
            ],
            "F1_measure": [
                87.52019967410327
            ]
        }
    ],
    "5": [
        {
            "accuracy": [
                84.17721518987342
            ],
            "precision": [
                84.13398692810458
            ],
            "recall": [
                84.50265631788916
            ],
            "F1_measure": [
                84.1847145252554
            ]
        }
    ],
    "average accuracy": [
        86.36225691810087
    ]
}