{
    "1": [
        {
            "t_F1": [
                10000.0
            ],
            "e_F1": [
                6623.226603852824
            ],
            "epoch": [
                18
            ]
        }
    ],
    "2": [
        {
            "t_F1": [
                10000.0
            ],
            "e_F1": [
                5458.6142757498255
            ],
            "epoch": [
                16
            ]
        }
    ],
    "3": [
        {
            "t_F1": [
                10000.0
            ],
            "e_F1": [
                6862.753991291727
            ],
            "epoch": [
                15
            ]
        }
    ],
    "4": [
        {
            "t_F1": [
                10000.0
            ],
            "e_F1": [
                6482.626160952883
            ],
            "epoch": [
                15
            ]
        }
    ],
    "average f1": [
        6356.805257961814
    ]
}