{
    "1": [
        {
            "t_F1": [
                82.27799487343965
            ],
            "e_F1": [
                56.66910694119287
            ],
            "epoch": [
                27
            ]
        }
    ],
    "2": [
        {
            "t_F1": [
                77.263378762312
            ],
            "e_F1": [
                62.862767713290715
            ],
            "epoch": [
                28
            ]
        }
    ],
    "3": [
        {
            "t_F1": [
                85.71596894462704
            ],
            "e_F1": [
                58.114817572142364
            ],
            "epoch": [
                28
            ]
        }
    ],
    "4": [
        {
            "t_F1": [
                86.27452265726716
            ],
            "e_F1": [
                60.80574102413415
            ],
            "epoch": [
                33
            ]
        }
    ],
    "5": [
        {
            "t_F1": [
                83.66084292751697
            ],
            "e_F1": [
                62.83580533882509
            ],
            "epoch": [
                36
            ]
        }
    ],
    "6": [
        {
            "t_F1": [
                85.54927820649061
            ],
            "e_F1": [
                57.852746112907596
            ],
            "epoch": [
                36
            ]
        }
    ],
    "7": [
        {
            "t_F1": [
                79.47301831760672
            ],
            "e_F1": [
                56.24909565320525
            ],
            "epoch": [
                27
            ]
        }
    ],
    "8": [
        {
            "t_F1": [
                80.60520749846324
            ],
            "e_F1": [
                60.519163717406045
            ],
            "epoch": [
                29
            ]
        }
    ],
    "9": [
        {
            "t_F1": [
                85.54180160071716
            ],
            "e_F1": [
                58.931345512427605
            ],
            "epoch": [
                34
            ]
        }
    ],
    "10": [
        {
            "t_F1": [
                83.91500770249435
            ],
            "e_F1": [
                60.32844208440633
            ],
            "epoch": [
                35
            ]
        }
    ],
    "average f1": [
        59.5169031669938
    ]
}