{
    "1": [
        {
            "t_F1": [
                73.11963094479059
            ],
            "e_F1": [
                58.945689124364065
            ],
            "epoch": [
                130
            ]
        }
    ],
    "2": [
        {
            "t_F1": [
                71.9312718927644
            ],
            "e_F1": [
                61.675211149243424
            ],
            "epoch": [
                120
            ]
        }
    ],
    "3": [
        {
            "t_F1": [
                72.271478249312
            ],
            "e_F1": [
                59.11596993544306
            ],
            "epoch": [
                137
            ]
        }
    ],
    "4": [
        {
            "t_F1": [
                72.864317573595
            ],
            "e_F1": [
                62.45408120875469
            ],
            "epoch": [
                136
            ]
        }
    ],
    "5": [
        {
            "t_F1": [
                76.13684543670064
            ],
            "e_F1": [
                59.39819550656863
            ],
            "epoch": [
                129
            ]
        }
    ],
    "6": [
        {
            "t_F1": [
                72.52954285493973
            ],
            "e_F1": [
                64.44647079734644
            ],
            "epoch": [
                148
            ]
        }
    ],
    "7": [
        {
            "t_F1": [
                73.40016320947117
            ],
            "e_F1": [
                60.192162505028
            ],
            "epoch": [
                147
            ]
        }
    ],
    "8": [
        {
            "t_F1": [
                72.68806720223029
            ],
            "e_F1": [
                61.75689061154177
            ],
            "epoch": [
                123
            ]
        }
    ],
    "9": [
        {
            "t_F1": [
                75.09855033182157
            ],
            "e_F1": [
                62.237087031146984
            ],
            "epoch": [
                148
            ]
        }
    ],
    "10": [
        {
            "t_F1": [
                77.12015073820663
            ],
            "e_F1": [
                62.71208949780379
            ],
            "epoch": [
                171
            ]
        }
    ],
    "average f1": [
        61.2933847367241
    ]
}