{
    "1": [
        {
            "t_F1": [
                100.0
            ],
            "e_F1": [
                56.86997392628841
            ],
            "epoch": [
                18
            ]
        }
    ],
    "2": [
        {
            "t_F1": [
                99.57080754494547
            ],
            "e_F1": [
                59.44614143708667
            ],
            "epoch": [
                19
            ]
        }
    ],
    "3": [
        {
            "t_F1": [
                100.0
            ],
            "e_F1": [
                54.1913556389532
            ],
            "epoch": [
                19
            ]
        }
    ],
    "4": [
        {
            "t_F1": [
                99.58307275380446
            ],
            "e_F1": [
                59.49679528016152
            ],
            "epoch": [
                20
            ]
        }
    ],
    "5": [
        {
            "t_F1": [
                100.0
            ],
            "e_F1": [
                63.54914198277828
            ],
            "epoch": [
                19
            ]
        }
    ],
    "6": [
        {
            "t_F1": [
                98.94028673777665
            ],
            "e_F1": [
                47.36177893252462
            ],
            "epoch": [
                19
            ]
        }
    ],
    "7": [
        {
            "t_F1": [
                100.0
            ],
            "e_F1": [
                63.053958820481135
            ],
            "epoch": [
                19
            ]
        }
    ],
    "8": [
        {
            "t_F1": [
                100.0
            ],
            "e_F1": [
                56.151772937723166
            ],
            "epoch": [
                18
            ]
        }
    ],
    "9": [
        {
            "t_F1": [
                100.0
            ],
            "e_F1": [
                58.80952380952381
            ],
            "epoch": [
                19
            ]
        }
    ],
    "10": [
        {
            "t_F1": [
                100.0
            ],
            "e_F1": [
                59.07010905728045
            ],
            "epoch": [
                18
            ]
        }
    ],
    "average f1": [
        57.80005518228012
    ]
}