{
    "1": [
        {
            "t_F1": [
                63.73764703310159
            ],
            "e_F1": [
                49.927852987667706
            ],
            "epoch": [
                97
            ]
        }
    ],
    "2": [
        {
            "t_F1": [
                72.66584544267619
            ],
            "e_F1": [
                60.15960967222055
            ],
            "epoch": [
                150
            ]
        }
    ],
    "3": [
        {
            "t_F1": [
                69.81289896544133
            ],
            "e_F1": [
                59.213888392236335
            ],
            "epoch": [
                126
            ]
        }
    ],
    "4": [
        {
            "t_F1": [
                71.02426718207488
            ],
            "e_F1": [
                58.17306218154946
            ],
            "epoch": [
                147
            ]
        }
    ],
    "5": [
        {
            "t_F1": [
                70.42814043041531
            ],
            "e_F1": [
                59.64206756604845
            ],
            "epoch": [
                114
            ]
        }
    ],
    "6": [
        {
            "t_F1": [
                72.99536695937317
            ],
            "e_F1": [
                60.531004970566
            ],
            "epoch": [
                158
            ]
        }
    ],
    "7": [
        {
            "t_F1": [
                72.99818840579711
            ],
            "e_F1": [
                53.79407769088078
            ],
            "epoch": [
                150
            ]
        }
    ],
    "8": [
        {
            "t_F1": [
                67.51265982764448
            ],
            "e_F1": [
                57.99543692510601
            ],
            "epoch": [
                123
            ]
        }
    ],
    "9": [
        {
            "t_F1": [
                73.59713611768225
            ],
            "e_F1": [
                57.06773538832377
            ],
            "epoch": [
                149
            ]
        }
    ],
    "10": [
        {
            "t_F1": [
                68.52376433759805
            ],
            "e_F1": [
                58.20709151477645
            ],
            "epoch": [
                134
            ]
        }
    ],
    "average f1": [
        57.47118272893755
    ]
}