{
    "1": [
        {
            "t_F1": [
                72.21098126350245
            ],
            "e_F1": [
                55.35648074229172
            ],
            "epoch": [
                114
            ]
        }
    ],
    "2": [
        {
            "t_F1": [
                72.74461340177426
            ],
            "e_F1": [
                58.63113997769829
            ],
            "epoch": [
                137
            ]
        }
    ],
    "3": [
        {
            "t_F1": [
                70.43986217675476
            ],
            "e_F1": [
                59.04972160158882
            ],
            "epoch": [
                119
            ]
        }
    ],
    "4": [
        {
            "t_F1": [
                68.60070166592011
            ],
            "e_F1": [
                58.46104673726883
            ],
            "epoch": [
                131
            ]
        }
    ],
    "5": [
        {
            "t_F1": [
                71.7191476659877
            ],
            "e_F1": [
                58.552922358938645
            ],
            "epoch": [
                122
            ]
        }
    ],
    "6": [
        {
            "t_F1": [
                71.3011181332037
            ],
            "e_F1": [
                61.37999356916054
            ],
            "epoch": [
                160
            ]
        }
    ],
    "7": [
        {
            "t_F1": [
                70.43900466285945
            ],
            "e_F1": [
                61.12010674630145
            ],
            "epoch": [
                133
            ]
        }
    ],
    "8": [
        {
            "t_F1": [
                70.42847503373818
            ],
            "e_F1": [
                58.967538054221215
            ],
            "epoch": [
                124
            ]
        }
    ],
    "9": [
        {
            "t_F1": [
                73.71335233520209
            ],
            "e_F1": [
                61.155996143099934
            ],
            "epoch": [
                146
            ]
        }
    ],
    "10": [
        {
            "t_F1": [
                73.35265650592106
            ],
            "e_F1": [
                58.4630846869143
            ],
            "epoch": [
                147
            ]
        }
    ],
    "average f1": [
        59.11380306174838
    ]
}