{
    "1": [
        {
            "t_F1": [
                24.99652105107049
            ],
            "e_F1": [
                9.813874788494077
            ],
            "epoch": [
                29
            ]
        }
    ],
    "2": [
        {
            "t_F1": [
                26.661449172532386
            ],
            "e_F1": [
                10.30170296381202
            ],
            "epoch": [
                23
            ]
        }
    ],
    "3": [
        {
            "t_F1": [
                24.987750043235142
            ],
            "e_F1": [
                10.28428093645485
            ],
            "epoch": [
                21
            ]
        }
    ],
    "4": [
        {
            "t_F1": [
                26.722482229427303
            ],
            "e_F1": [
                9.881756756756756
            ],
            "epoch": [
                25
            ]
        }
    ],
    "5": [
        {
            "t_F1": [
                27.135940027998252
            ],
            "e_F1": [
                9.881756756756756
            ],
            "epoch": [
                33
            ]
        }
    ],
    "6": [
        {
            "t_F1": [
                25.253437154619007
            ],
            "e_F1": [
                9.881756756756756
            ],
            "epoch": [
                37
            ]
        }
    ],
    "7": [
        {
            "t_F1": [
                30.416132387906856
            ],
            "e_F1": [
                9.881756756756756
            ],
            "epoch": [
                23
            ]
        }
    ],
    "8": [
        {
            "t_F1": [
                24.905967935276347
            ],
            "e_F1": [
                10.28428093645485
            ],
            "epoch": [
                40
            ]
        }
    ],
    "9": [
        {
            "t_F1": [
                21.644438954632967
            ],
            "e_F1": [
                10.28428093645485
            ],
            "epoch": [
                24
            ]
        }
    ],
    "10": [
        {
            "t_F1": [
                24.235464646105743
            ],
            "e_F1": [
                9.881756756756756
            ],
            "epoch": [
                25
            ]
        }
    ],
    "average f1": [
        10.037720434545443
    ]
}