{
    "1": [
        {
            "t_F1": [
                25.435178106938793
            ],
            "e_F1": [
                9.813874788494077
            ],
            "epoch": [
                19
            ]
        }
    ],
    "2": [
        {
            "t_F1": [
                21.79024281520212
            ],
            "e_F1": [
                10.28428093645485
            ],
            "epoch": [
                29
            ]
        }
    ],
    "3": [
        {
            "t_F1": [
                18.64230114494385
            ],
            "e_F1": [
                10.28428093645485
            ],
            "epoch": [
                14
            ]
        }
    ],
    "4": [
        {
            "t_F1": [
                21.56036162055076
            ],
            "e_F1": [
                9.881756756756756
            ],
            "epoch": [
                12
            ]
        }
    ],
    "5": [
        {
            "t_F1": [
                25.278492221742976
            ],
            "e_F1": [
                10.28428093645485
            ],
            "epoch": [
                11
            ]
        }
    ],
    "6": [
        {
            "t_F1": [
                28.601971025962662
            ],
            "e_F1": [
                24.102393617021278
            ],
            "epoch": [
                16
            ]
        }
    ],
    "7": [
        {
            "t_F1": [
                24.624974665335408
            ],
            "e_F1": [
                10.28428093645485
            ],
            "epoch": [
                13
            ]
        }
    ],
    "8": [
        {
            "t_F1": [
                37.92480716445545
            ],
            "e_F1": [
                22.18765935747068
            ],
            "epoch": [
                27
            ]
        }
    ],
    "9": [
        {
            "t_F1": [
                26.713636638857192
            ],
            "e_F1": [
                10.28428093645485
            ],
            "epoch": [
                11
            ]
        }
    ],
    "10": [
        {
            "t_F1": [
                22.40491267087045
            ],
            "e_F1": [
                9.881756756756756
            ],
            "epoch": [
                13
            ]
        }
    ],
    "average f1": [
        12.72888459587738
    ]
}