{
    "1": [
        {
            "t_F1": [
                70.47087132135859
            ],
            "e_F1": [
                57.647277494223474
            ],
            "epoch": [
                133
            ]
        }
    ],
    "2": [
        {
            "t_F1": [
                71.01148434141254
            ],
            "e_F1": [
                59.962940370503226
            ],
            "epoch": [
                121
            ]
        }
    ],
    "3": [
        {
            "t_F1": [
                71.47904140735791
            ],
            "e_F1": [
                59.729959906932386
            ],
            "epoch": [
                124
            ]
        }
    ],
    "4": [
        {
            "t_F1": [
                73.474353175518
            ],
            "e_F1": [
                62.26546414716334
            ],
            "epoch": [
                129
            ]
        }
    ],
    "5": [
        {
            "t_F1": [
                77.469478229701
            ],
            "e_F1": [
                62.252855781439806
            ],
            "epoch": [
                147
            ]
        }
    ],
    "6": [
        {
            "t_F1": [
                74.17901983597754
            ],
            "e_F1": [
                62.800995543380076
            ],
            "epoch": [
                129
            ]
        }
    ],
    "7": [
        {
            "t_F1": [
                73.41812873442449
            ],
            "e_F1": [
                58.89819488504726
            ],
            "epoch": [
                144
            ]
        }
    ],
    "8": [
        {
            "t_F1": [
                69.32052665235753
            ],
            "e_F1": [
                63.84389223931426
            ],
            "epoch": [
                129
            ]
        }
    ],
    "9": [
        {
            "t_F1": [
                71.6153729883757
            ],
            "e_F1": [
                58.74195045054584
            ],
            "epoch": [
                136
            ]
        }
    ],
    "10": [
        {
            "t_F1": [
                73.68016517593946
            ],
            "e_F1": [
                62.57458260257707
            ],
            "epoch": [
                137
            ]
        }
    ],
    "average f1": [
        60.871811342112665
    ]
}