{
    "1": [
        {
            "t_F1": [
                96.19370200565933
            ],
            "e_F1": [
                57.00794896153172
            ],
            "epoch": [
                48
            ]
        }
    ],
    "2": [
        {
            "t_F1": [
                90.44567227290649
            ],
            "e_F1": [
                59.83333436117616
            ],
            "epoch": [
                39
            ]
        }
    ],
    "3": [
        {
            "t_F1": [
                93.65267513893446
            ],
            "e_F1": [
                58.56836779234832
            ],
            "epoch": [
                40
            ]
        }
    ],
    "4": [
        {
            "t_F1": [
                93.44285429621195
            ],
            "e_F1": [
                60.179652775700035
            ],
            "epoch": [
                42
            ]
        }
    ],
    "5": [
        {
            "t_F1": [
                95.33484549824419
            ],
            "e_F1": [
                63.39103653558566
            ],
            "epoch": [
                42
            ]
        }
    ],
    "6": [
        {
            "t_F1": [
                90.4722628022614
            ],
            "e_F1": [
                60.24467389268289
            ],
            "epoch": [
                40
            ]
        }
    ],
    "7": [
        {
            "t_F1": [
                94.4977651464163
            ],
            "e_F1": [
                62.74672868143472
            ],
            "epoch": [
                43
            ]
        }
    ],
    "8": [
        {
            "t_F1": [
                88.30496098197715
            ],
            "e_F1": [
                57.88394193566609
            ],
            "epoch": [
                31
            ]
        }
    ],
    "9": [
        {
            "t_F1": [
                93.00697583603531
            ],
            "e_F1": [
                59.228329096893084
            ],
            "epoch": [
                38
            ]
        }
    ],
    "10": [
        {
            "t_F1": [
                94.24970793420368
            ],
            "e_F1": [
                59.1605509922934
            ],
            "epoch": [
                41
            ]
        }
    ],
    "average f1": [
        59.82445650253121
    ]
}