{
    "1": [
        {
            "t_F1": [
                89.83270392085984
            ],
            "e_F1": [
                62.61337433945339
            ],
            "epoch": [
                45
            ]
        }
    ],
    "2": [
        {
            "t_F1": [
                91.71500042541115
            ],
            "e_F1": [
                61.392972651553876
            ],
            "epoch": [
                45
            ]
        }
    ],
    "3": [
        {
            "t_F1": [
                94.04689389835647
            ],
            "e_F1": [
                58.626236147428024
            ],
            "epoch": [
                49
            ]
        }
    ],
    "4": [
        {
            "t_F1": [
                94.08431280719508
            ],
            "e_F1": [
                62.138634488815505
            ],
            "epoch": [
                47
            ]
        }
    ],
    "5": [
        {
            "t_F1": [
                93.18660450462413
            ],
            "e_F1": [
                63.165492498144104
            ],
            "epoch": [
                44
            ]
        }
    ],
    "6": [
        {
            "t_F1": [
                97.01612848529241
            ],
            "e_F1": [
                58.090896563973025
            ],
            "epoch": [
                46
            ]
        }
    ],
    "7": [
        {
            "t_F1": [
                92.80340518149333
            ],
            "e_F1": [
                62.227035103829365
            ],
            "epoch": [
                47
            ]
        }
    ],
    "8": [
        {
            "t_F1": [
                89.85834638728605
            ],
            "e_F1": [
                60.62674974610264
            ],
            "epoch": [
                45
            ]
        }
    ],
    "9": [
        {
            "t_F1": [
                94.93522097068325
            ],
            "e_F1": [
                60.25783688914223
            ],
            "epoch": [
                44
            ]
        }
    ],
    "10": [
        {
            "t_F1": [
                95.97189231718149
            ],
            "e_F1": [
                61.62508694644099
            ],
            "epoch": [
                53
            ]
        }
    ],
    "average f1": [
        61.07643153748832
    ]
}