{
    "1": [
        {
            "t_F1": [
                93.6221426068629
            ],
            "e_F1": [
                59.273775950700845
            ],
            "epoch": [
                48
            ]
        }
    ],
    "2": [
        {
            "t_F1": [
                94.04865271716804
            ],
            "e_F1": [
                60.12215067566873
            ],
            "epoch": [
                43
            ]
        }
    ],
    "3": [
        {
            "t_F1": [
                93.40041800622838
            ],
            "e_F1": [
                61.0563068733454
            ],
            "epoch": [
                45
            ]
        }
    ],
    "4": [
        {
            "t_F1": [
                95.8140319650469
            ],
            "e_F1": [
                57.67769867483244
            ],
            "epoch": [
                44
            ]
        }
    ],
    "5": [
        {
            "t_F1": [
                96.40370829886959
            ],
            "e_F1": [
                63.88353543848267
            ],
            "epoch": [
                50
            ]
        }
    ],
    "6": [
        {
            "t_F1": [
                96.40827936535077
            ],
            "e_F1": [
                60.46062594156976
            ],
            "epoch": [
                46
            ]
        }
    ],
    "7": [
        {
            "t_F1": [
                97.45491478905073
            ],
            "e_F1": [
                60.145101779836665
            ],
            "epoch": [
                45
            ]
        }
    ],
    "8": [
        {
            "t_F1": [
                92.57687815839198
            ],
            "e_F1": [
                62.44670031371014
            ],
            "epoch": [
                43
            ]
        }
    ],
    "9": [
        {
            "t_F1": [
                95.3471770387613
            ],
            "e_F1": [
                59.80216264673742
            ],
            "epoch": [
                48
            ]
        }
    ],
    "10": [
        {
            "t_F1": [
                90.41856679868636
            ],
            "e_F1": [
                61.522212743155855
            ],
            "epoch": [
                46
            ]
        }
    ],
    "average f1": [
        60.63902710380398
    ]
}