{
    "1": [
        {
            "t_F1": [
                89.12363071294558
            ],
            "e_F1": [
                58.854442944159814
            ],
            "epoch": [
                38
            ]
        }
    ],
    "2": [
        {
            "t_F1": [
                95.56552902711218
            ],
            "e_F1": [
                60.188626168593004
            ],
            "epoch": [
                42
            ]
        }
    ],
    "3": [
        {
            "t_F1": [
                90.85877175095807
            ],
            "e_F1": [
                57.86030651598595
            ],
            "epoch": [
                41
            ]
        }
    ],
    "4": [
        {
            "t_F1": [
                92.96647838103826
            ],
            "e_F1": [
                56.846565679188785
            ],
            "epoch": [
                42
            ]
        }
    ],
    "5": [
        {
            "t_F1": [
                90.20017435951499
            ],
            "e_F1": [
                63.342483869858334
            ],
            "epoch": [
                38
            ]
        }
    ],
    "6": [
        {
            "t_F1": [
                89.37677550887024
            ],
            "e_F1": [
                61.66513152545038
            ],
            "epoch": [
                43
            ]
        }
    ],
    "7": [
        {
            "t_F1": [
                90.41733313936332
            ],
            "e_F1": [
                61.55518226946799
            ],
            "epoch": [
                45
            ]
        }
    ],
    "8": [
        {
            "t_F1": [
                91.04140044821096
            ],
            "e_F1": [
                57.935886401673045
            ],
            "epoch": [
                41
            ]
        }
    ],
    "9": [
        {
            "t_F1": [
                89.36816873821152
            ],
            "e_F1": [
                59.08702339496797
            ],
            "epoch": [
                36
            ]
        }
    ],
    "10": [
        {
            "t_F1": [
                83.0568381379954
            ],
            "e_F1": [
                62.209203161172944
            ],
            "epoch": [
                38
            ]
        }
    ],
    "average f1": [
        59.95448519305181
    ]
}