{
    "1": [
        {
            "t_F1": [
                74.90538856447948
            ],
            "e_F1": [
                57.961426636015666
            ],
            "epoch": [
                166
            ]
        }
    ],
    "2": [
        {
            "t_F1": [
                75.64477127601748
            ],
            "e_F1": [
                61.82289166557571
            ],
            "epoch": [
                151
            ]
        }
    ],
    "3": [
        {
            "t_F1": [
                74.71918818467462
            ],
            "e_F1": [
                60.11575908271555
            ],
            "epoch": [
                144
            ]
        }
    ],
    "4": [
        {
            "t_F1": [
                73.4932245598539
            ],
            "e_F1": [
                61.04926473997796
            ],
            "epoch": [
                166
            ]
        }
    ],
    "5": [
        {
            "t_F1": [
                72.30421878984585
            ],
            "e_F1": [
                57.72851849114768
            ],
            "epoch": [
                140
            ]
        }
    ],
    "6": [
        {
            "t_F1": [
                71.05855976446016
            ],
            "e_F1": [
                64.7533226792855
            ],
            "epoch": [
                153
            ]
        }
    ],
    "7": [
        {
            "t_F1": [
                73.49508196442355
            ],
            "e_F1": [
                58.887557703734174
            ],
            "epoch": [
                160
            ]
        }
    ],
    "8": [
        {
            "t_F1": [
                72.80917780945038
            ],
            "e_F1": [
                60.192388489406845
            ],
            "epoch": [
                147
            ]
        }
    ],
    "9": [
        {
            "t_F1": [
                74.80776132903638
            ],
            "e_F1": [
                57.50232397755086
            ],
            "epoch": [
                148
            ]
        }
    ],
    "10": [
        {
            "t_F1": [
                73.08380868022412
            ],
            "e_F1": [
                60.302828193259096
            ],
            "epoch": [
                161
            ]
        }
    ],
    "average f1": [
        60.03162816586689
    ]
}