{
    "1": [
        {
            "t_F1": [
                91.2889604746506
            ],
            "e_F1": [
                58.338509499869
            ],
            "epoch": [
                37
            ]
        }
    ],
    "2": [
        {
            "t_F1": [
                87.42545711106465
            ],
            "e_F1": [
                60.7771268130996
            ],
            "epoch": [
                43
            ]
        }
    ],
    "3": [
        {
            "t_F1": [
                84.41909929528434
            ],
            "e_F1": [
                59.0203324328139
            ],
            "epoch": [
                41
            ]
        }
    ],
    "4": [
        {
            "t_F1": [
                92.40146440951963
            ],
            "e_F1": [
                58.757879901811386
            ],
            "epoch": [
                41
            ]
        }
    ],
    "5": [
        {
            "t_F1": [
                94.27628099725726
            ],
            "e_F1": [
                62.34851221862866
            ],
            "epoch": [
                47
            ]
        }
    ],
    "6": [
        {
            "t_F1": [
                90.39875465037312
            ],
            "e_F1": [
                59.61277158215693
            ],
            "epoch": [
                43
            ]
        }
    ],
    "7": [
        {
            "t_F1": [
                91.04272806155727
            ],
            "e_F1": [
                60.20125060717917
            ],
            "epoch": [
                40
            ]
        }
    ],
    "8": [
        {
            "t_F1": [
                88.05785826839974
            ],
            "e_F1": [
                59.74186270619579
            ],
            "epoch": [
                44
            ]
        }
    ],
    "9": [
        {
            "t_F1": [
                93.01129609129015
            ],
            "e_F1": [
                58.91016258880612
            ],
            "epoch": [
                41
            ]
        }
    ],
    "10": [
        {
            "t_F1": [
                93.39120580528501
            ],
            "e_F1": [
                62.198859685718254
            ],
            "epoch": [
                47
            ]
        }
    ],
    "average f1": [
        59.99072680362789
    ]
}