{
    "1": [
        {
            "t_F1": [
                71.37364549494045
            ],
            "e_F1": [
                57.09590640587354
            ],
            "epoch": [
                144
            ]
        }
    ],
    "2": [
        {
            "t_F1": [
                71.48485944890253
            ],
            "e_F1": [
                60.942689549075936
            ],
            "epoch": [
                135
            ]
        }
    ],
    "3": [
        {
            "t_F1": [
                74.8767812025459
            ],
            "e_F1": [
                62.63239687556694
            ],
            "epoch": [
                143
            ]
        }
    ],
    "4": [
        {
            "t_F1": [
                71.63171754250051
            ],
            "e_F1": [
                60.278737839221705
            ],
            "epoch": [
                139
            ]
        }
    ],
    "5": [
        {
            "t_F1": [
                72.79208535597671
            ],
            "e_F1": [
                57.86824530829002
            ],
            "epoch": [
                134
            ]
        }
    ],
    "6": [
        {
            "t_F1": [
                71.74701027078085
            ],
            "e_F1": [
                64.05936014309515
            ],
            "epoch": [
                153
            ]
        }
    ],
    "7": [
        {
            "t_F1": [
                73.51733151697381
            ],
            "e_F1": [
                60.528672573518016
            ],
            "epoch": [
                137
            ]
        }
    ],
    "8": [
        {
            "t_F1": [
                70.69919597131502
            ],
            "e_F1": [
                61.12491436963021
            ],
            "epoch": [
                133
            ]
        }
    ],
    "9": [
        {
            "t_F1": [
                75.8385178479965
            ],
            "e_F1": [
                59.985946211222355
            ],
            "epoch": [
                153
            ]
        }
    ],
    "10": [
        {
            "t_F1": [
                72.56015354451893
            ],
            "e_F1": [
                61.49953778037269
            ],
            "epoch": [
                163
            ]
        }
    ],
    "average f1": [
        60.60164070558665
    ]
}