{
    "1": [
        {
            "t_F1": [
                59.55786796248164
            ],
            "e_F1": [
                51.46746482683982
            ],
            "epoch": [
                83
            ]
        }
    ],
    "2": [
        {
            "t_F1": [
                70.0200881109544
            ],
            "e_F1": [
                62.499879814301764
            ],
            "epoch": [
                133
            ]
        }
    ],
    "3": [
        {
            "t_F1": [
                72.15082146468798
            ],
            "e_F1": [
                60.054463465351326
            ],
            "epoch": [
                140
            ]
        }
    ],
    "4": [
        {
            "t_F1": [
                67.9614944476675
            ],
            "e_F1": [
                62.46323336074256
            ],
            "epoch": [
                130
            ]
        }
    ],
    "5": [
        {
            "t_F1": [
                63.18234167463913
            ],
            "e_F1": [
                55.73543739193701
            ],
            "epoch": [
                85
            ]
        }
    ],
    "6": [
        {
            "t_F1": [
                70.43828571895631
            ],
            "e_F1": [
                61.38780626123934
            ],
            "epoch": [
                126
            ]
        }
    ],
    "7": [
        {
            "t_F1": [
                70.84702203120723
            ],
            "e_F1": [
                54.723178976910326
            ],
            "epoch": [
                144
            ]
        }
    ],
    "8": [
        {
            "t_F1": [
                66.07235334846723
            ],
            "e_F1": [
                59.12958749601332
            ],
            "epoch": [
                104
            ]
        }
    ],
    "9": [
        {
            "t_F1": [
                71.71549600020145
            ],
            "e_F1": [
                56.70917347932905
            ],
            "epoch": [
                131
            ]
        }
    ],
    "10": [
        {
            "t_F1": [
                67.76815200218931
            ],
            "e_F1": [
                59.443031335126925
            ],
            "epoch": [
                119
            ]
        }
    ],
    "average f1": [
        58.361325640779135
    ]
}