{
    "1": [
        {
            "t_F1": [
                74.65099171811605
            ],
            "e_F1": [
                59.9951600827374
            ],
            "epoch": [
                144
            ]
        }
    ],
    "2": [
        {
            "t_F1": [
                70.9562068461162
            ],
            "e_F1": [
                59.82528622500274
            ],
            "epoch": [
                127
            ]
        }
    ],
    "3": [
        {
            "t_F1": [
                72.55894231626668
            ],
            "e_F1": [
                62.660715445768865
            ],
            "epoch": [
                144
            ]
        }
    ],
    "4": [
        {
            "t_F1": [
                72.83689893337346
            ],
            "e_F1": [
                61.99630768400253
            ],
            "epoch": [
                145
            ]
        }
    ],
    "5": [
        {
            "t_F1": [
                72.90129298854194
            ],
            "e_F1": [
                59.663117113279206
            ],
            "epoch": [
                139
            ]
        }
    ],
    "6": [
        {
            "t_F1": [
                73.02334395859386
            ],
            "e_F1": [
                64.39631982600731
            ],
            "epoch": [
                148
            ]
        }
    ],
    "7": [
        {
            "t_F1": [
                72.92237802309306
            ],
            "e_F1": [
                58.585330906484614
            ],
            "epoch": [
                156
            ]
        }
    ],
    "8": [
        {
            "t_F1": [
                70.98019946404759
            ],
            "e_F1": [
                64.54917649032113
            ],
            "epoch": [
                152
            ]
        }
    ],
    "9": [
        {
            "t_F1": [
                77.2043049083079
            ],
            "e_F1": [
                60.97379055642386
            ],
            "epoch": [
                154
            ]
        }
    ],
    "10": [
        {
            "t_F1": [
                73.29569608797364
            ],
            "e_F1": [
                62.83459269247756
            ],
            "epoch": [
                151
            ]
        }
    ],
    "average f1": [
        61.54797970225053
    ]
}