{
    "1": [
        {
            "t_F1": [
                91.516906427618
            ],
            "e_F1": [
                59.59746183014347
            ],
            "epoch": [
                42
            ]
        }
    ],
    "2": [
        {
            "t_F1": [
                96.18901602568772
            ],
            "e_F1": [
                61.17411648884008
            ],
            "epoch": [
                48
            ]
        }
    ],
    "3": [
        {
            "t_F1": [
                92.55735100865307
            ],
            "e_F1": [
                61.34545777883381
            ],
            "epoch": [
                49
            ]
        }
    ],
    "4": [
        {
            "t_F1": [
                92.56805759548706
            ],
            "e_F1": [
                61.99637539218944
            ],
            "epoch": [
                47
            ]
        }
    ],
    "5": [
        {
            "t_F1": [
                93.16238530650314
            ],
            "e_F1": [
                62.71656543783545
            ],
            "epoch": [
                46
            ]
        }
    ],
    "6": [
        {
            "t_F1": [
                93.2809299286572
            ],
            "e_F1": [
                61.16866825693631
            ],
            "epoch": [
                46
            ]
        }
    ],
    "7": [
        {
            "t_F1": [
                93.42143022681869
            ],
            "e_F1": [
                62.623224516451174
            ],
            "epoch": [
                48
            ]
        }
    ],
    "8": [
        {
            "t_F1": [
                94.27790586251304
            ],
            "e_F1": [
                62.00867151736659
            ],
            "epoch": [
                49
            ]
        }
    ],
    "9": [
        {
            "t_F1": [
                93.83160126610602
            ],
            "e_F1": [
                62.52238606101987
            ],
            "epoch": [
                48
            ]
        }
    ],
    "10": [
        {
            "t_F1": [
                91.493280702723
            ],
            "e_F1": [
                62.405007405695315
            ],
            "epoch": [
                45
            ]
        }
    ],
    "average f1": [
        61.755793468531145
    ]
}