{
    "1": [
        {
            "t_F1": [
                82.55919608093421
            ],
            "e_F1": [
                56.421027317596554
            ],
            "epoch": [
                33
            ]
        }
    ],
    "2": [
        {
            "t_F1": [
                86.06525263255682
            ],
            "e_F1": [
                61.49641783710973
            ],
            "epoch": [
                30
            ]
        }
    ],
    "3": [
        {
            "t_F1": [
                83.86174624617112
            ],
            "e_F1": [
                60.50312403724249
            ],
            "epoch": [
                29
            ]
        }
    ],
    "4": [
        {
            "t_F1": [
                83.48689432536618
            ],
            "e_F1": [
                59.535401099259566
            ],
            "epoch": [
                35
            ]
        }
    ],
    "5": [
        {
            "t_F1": [
                89.43502706934477
            ],
            "e_F1": [
                63.74077250651957
            ],
            "epoch": [
                37
            ]
        }
    ],
    "6": [
        {
            "t_F1": [
                83.30806962393433
            ],
            "e_F1": [
                59.35888069285418
            ],
            "epoch": [
                32
            ]
        }
    ],
    "7": [
        {
            "t_F1": [
                82.79526836320652
            ],
            "e_F1": [
                60.241103393438756
            ],
            "epoch": [
                31
            ]
        }
    ],
    "8": [
        {
            "t_F1": [
                85.57838423306525
            ],
            "e_F1": [
                61.29997170096646
            ],
            "epoch": [
                31
            ]
        }
    ],
    "9": [
        {
            "t_F1": [
                83.86882526575035
            ],
            "e_F1": [
                60.78704604838083
            ],
            "epoch": [
                33
            ]
        }
    ],
    "10": [
        {
            "t_F1": [
                80.77835784371933
            ],
            "e_F1": [
                64.65168443364252
            ],
            "epoch": [
                33
            ]
        }
    ],
    "average f1": [
        60.80354290670107
    ]
}