{
    "1": [
        {
            "t_F1": [
                68.14366813044762
            ],
            "e_F1": [
                56.047530217374565
            ],
            "epoch": [
                113
            ]
        }
    ],
    "2": [
        {
            "t_F1": [
                69.53378346865814
            ],
            "e_F1": [
                61.922418347627215
            ],
            "epoch": [
                115
            ]
        }
    ],
    "3": [
        {
            "t_F1": [
                70.39877217091131
            ],
            "e_F1": [
                60.308951631839314
            ],
            "epoch": [
                110
            ]
        }
    ],
    "4": [
        {
            "t_F1": [
                69.79447675332462
            ],
            "e_F1": [
                62.10257088815857
            ],
            "epoch": [
                122
            ]
        }
    ],
    "5": [
        {
            "t_F1": [
                69.0126901240592
            ],
            "e_F1": [
                61.19003084210017
            ],
            "epoch": [
                121
            ]
        }
    ],
    "6": [
        {
            "t_F1": [
                67.33323996322117
            ],
            "e_F1": [
                59.983795020193185
            ],
            "epoch": [
                113
            ]
        }
    ],
    "7": [
        {
            "t_F1": [
                71.31318243619613
            ],
            "e_F1": [
                60.225376731790966
            ],
            "epoch": [
                127
            ]
        }
    ],
    "8": [
        {
            "t_F1": [
                67.85886997775337
            ],
            "e_F1": [
                63.64219495108462
            ],
            "epoch": [
                123
            ]
        }
    ],
    "9": [
        {
            "t_F1": [
                68.80737556260567
            ],
            "e_F1": [
                57.688052841145755
            ],
            "epoch": [
                111
            ]
        }
    ],
    "10": [
        {
            "t_F1": [
                68.53402535474558
            ],
            "e_F1": [
                62.044471876230546
            ],
            "epoch": [
                119
            ]
        }
    ],
    "average f1": [
        60.515539334754486
    ]
}