{
    "1": [
        {
            "t_F1": [
                91.68582029023423
            ],
            "e_F1": [
                57.978907092540325
            ],
            "epoch": [
                8
            ]
        }
    ],
    "2": [
        {
            "t_F1": [
                93.66577031912873
            ],
            "e_F1": [
                53.57715610009187
            ],
            "epoch": [
                8
            ]
        }
    ],
    "3": [
        {
            "t_F1": [
                95.96360596834965
            ],
            "e_F1": [
                60.507263209412955
            ],
            "epoch": [
                9
            ]
        }
    ],
    "4": [
        {
            "t_F1": [
                88.50721074455983
            ],
            "e_F1": [
                63.00986714477994
            ],
            "epoch": [
                8
            ]
        }
    ],
    "5": [
        {
            "t_F1": [
                97.23505900219737
            ],
            "e_F1": [
                57.198218261628
            ],
            "epoch": [
                9
            ]
        }
    ],
    "6": [
        {
            "t_F1": [
                94.26307994310302
            ],
            "e_F1": [
                51.26255389241333
            ],
            "epoch": [
                8
            ]
        }
    ],
    "7": [
        {
            "t_F1": [
                91.72961034060368
            ],
            "e_F1": [
                52.98202411492139
            ],
            "epoch": [
                8
            ]
        }
    ],
    "8": [
        {
            "t_F1": [
                90.20742125415832
            ],
            "e_F1": [
                57.70276457185533
            ],
            "epoch": [
                7
            ]
        }
    ],
    "9": [
        {
            "t_F1": [
                93.43431958149412
            ],
            "e_F1": [
                54.603934192150184
            ],
            "epoch": [
                8
            ]
        }
    ],
    "10": [
        {
            "t_F1": [
                90.27359963977467
            ],
            "e_F1": [
                59.72443223348727
            ],
            "epoch": [
                8
            ]
        }
    ],
    "average f1": [
        56.85471208132806
    ]
}