{
    "1": [
        {
            "t_F1": [
                81.53825073556591
            ],
            "e_F1": [
                53.88865885143819
            ],
            "epoch": [
                26
            ]
        }
    ],
    "2": [
        {
            "t_F1": [
                81.96433075411427
            ],
            "e_F1": [
                59.92239413141975
            ],
            "epoch": [
                31
            ]
        }
    ],
    "3": [
        {
            "t_F1": [
                80.2624052054222
            ],
            "e_F1": [
                56.409063877249864
            ],
            "epoch": [
                25
            ]
        }
    ],
    "4": [
        {
            "t_F1": [
                83.90456828392112
            ],
            "e_F1": [
                62.64799689294793
            ],
            "epoch": [
                35
            ]
        }
    ],
    "5": [
        {
            "t_F1": [
                86.04592931279402
            ],
            "e_F1": [
                60.61987054726015
            ],
            "epoch": [
                34
            ]
        }
    ],
    "6": [
        {
            "t_F1": [
                82.81382909114703
            ],
            "e_F1": [
                61.93476728761279
            ],
            "epoch": [
                33
            ]
        }
    ],
    "7": [
        {
            "t_F1": [
                79.62817933924349
            ],
            "e_F1": [
                56.985098669002596
            ],
            "epoch": [
                27
            ]
        }
    ],
    "8": [
        {
            "t_F1": [
                80.96466435534117
            ],
            "e_F1": [
                59.130922451665754
            ],
            "epoch": [
                27
            ]
        }
    ],
    "9": [
        {
            "t_F1": [
                80.71739229530459
            ],
            "e_F1": [
                56.30576621010771
            ],
            "epoch": [
                25
            ]
        }
    ],
    "10": [
        {
            "t_F1": [
                87.92680533751962
            ],
            "e_F1": [
                62.562733501744205
            ],
            "epoch": [
                37
            ]
        }
    ],
    "average f1": [
        59.04072724204489
    ]
}