{
    "1": [
        {
            "t_F1": [
                97.47125383528522
            ],
            "e_F1": [
                58.24255289216489
            ],
            "epoch": [
                56
            ]
        }
    ],
    "2": [
        {
            "t_F1": [
                97.04110401321088
            ],
            "e_F1": [
                57.98286902351618
            ],
            "epoch": [
                52
            ]
        }
    ],
    "3": [
        {
            "t_F1": [
                99.14892075909026
            ],
            "e_F1": [
                55.94035908893588
            ],
            "epoch": [
                47
            ]
        }
    ],
    "4": [
        {
            "t_F1": [
                97.89644986209429
            ],
            "e_F1": [
                59.967736387141166
            ],
            "epoch": [
                49
            ]
        }
    ],
    "5": [
        {
            "t_F1": [
                95.53054807313752
            ],
            "e_F1": [
                59.639186413865154
            ],
            "epoch": [
                47
            ]
        }
    ],
    "6": [
        {
            "t_F1": [
                93.87270165625716
            ],
            "e_F1": [
                60.47124751320574
            ],
            "epoch": [
                48
            ]
        }
    ],
    "7": [
        {
            "t_F1": [
                97.27047146401986
            ],
            "e_F1": [
                60.52321714360315
            ],
            "epoch": [
                55
            ]
        }
    ],
    "8": [
        {
            "t_F1": [
                97.03802164736872
            ],
            "e_F1": [
                62.23694432210264
            ],
            "epoch": [
                47
            ]
        }
    ],
    "9": [
        {
            "t_F1": [
                97.89493737706091
            ],
            "e_F1": [
                58.166064203046254
            ],
            "epoch": [
                51
            ]
        }
    ],
    "10": [
        {
            "t_F1": [
                98.51216967678333
            ],
            "e_F1": [
                58.97894618400851
            ],
            "epoch": [
                56
            ]
        }
    ],
    "average f1": [
        59.21491231715896
    ]
}