{
    "1": [
        {
            "t_F1": [
                96.79098853970669
            ],
            "e_F1": [
                59.279094009829514
            ],
            "epoch": [
                52
            ]
        }
    ],
    "2": [
        {
            "t_F1": [
                96.59832216188323
            ],
            "e_F1": [
                58.56937855701737
            ],
            "epoch": [
                57
            ]
        }
    ],
    "3": [
        {
            "t_F1": [
                99.15316819952473
            ],
            "e_F1": [
                57.91231622743274
            ],
            "epoch": [
                58
            ]
        }
    ],
    "4": [
        {
            "t_F1": [
                98.73023463728174
            ],
            "e_F1": [
                60.251614097807504
            ],
            "epoch": [
                55
            ]
        }
    ],
    "5": [
        {
            "t_F1": [
                98.30028478872566
            ],
            "e_F1": [
                61.78230066550765
            ],
            "epoch": [
                53
            ]
        }
    ],
    "6": [
        {
            "t_F1": [
                98.30085754167686
            ],
            "e_F1": [
                60.09496971728001
            ],
            "epoch": [
                58
            ]
        }
    ],
    "7": [
        {
            "t_F1": [
                97.87707647377168
            ],
            "e_F1": [
                61.53157494271606
            ],
            "epoch": [
                53
            ]
        }
    ],
    "8": [
        {
            "t_F1": [
                97.44396866093041
            ],
            "e_F1": [
                61.052308482415995
            ],
            "epoch": [
                58
            ]
        }
    ],
    "9": [
        {
            "t_F1": [
                99.36513503382804
            ],
            "e_F1": [
                61.02465050664912
            ],
            "epoch": [
                58
            ]
        }
    ],
    "10": [
        {
            "t_F1": [
                97.885072207486
            ],
            "e_F1": [
                60.74330704315993
            ],
            "epoch": [
                54
            ]
        }
    ],
    "average f1": [
        60.224151424981585
    ]
}