{
    "1": [
        {
            "t_F1": [
                91.73611499708278
            ],
            "e_F1": [
                58.779142577711674
            ],
            "epoch": [
                42
            ]
        }
    ],
    "2": [
        {
            "t_F1": [
                93.44524026989072
            ],
            "e_F1": [
                58.11551785733145
            ],
            "epoch": [
                48
            ]
        }
    ],
    "3": [
        {
            "t_F1": [
                91.95515162852571
            ],
            "e_F1": [
                57.43100780759474
            ],
            "epoch": [
                47
            ]
        }
    ],
    "4": [
        {
            "t_F1": [
                91.74830013439251
            ],
            "e_F1": [
                58.84433936622592
            ],
            "epoch": [
                47
            ]
        }
    ],
    "5": [
        {
            "t_F1": [
                95.77020587530846
            ],
            "e_F1": [
                61.85915135513708
            ],
            "epoch": [
                40
            ]
        }
    ],
    "6": [
        {
            "t_F1": [
                92.78230398931836
            ],
            "e_F1": [
                60.11909741401381
            ],
            "epoch": [
                46
            ]
        }
    ],
    "7": [
        {
            "t_F1": [
                92.97592496530804
            ],
            "e_F1": [
                58.338771597030615
            ],
            "epoch": [
                48
            ]
        }
    ],
    "8": [
        {
            "t_F1": [
                90.41254150189616
            ],
            "e_F1": [
                59.68180033988998
            ],
            "epoch": [
                44
            ]
        }
    ],
    "9": [
        {
            "t_F1": [
                95.11987781796992
            ],
            "e_F1": [
                59.659367342192304
            ],
            "epoch": [
                42
            ]
        }
    ],
    "10": [
        {
            "t_F1": [
                90.4058878644311
            ],
            "e_F1": [
                61.320110514077975
            ],
            "epoch": [
                44
            ]
        }
    ],
    "average f1": [
        59.41483061712056
    ]
}