{
    "1": [
        {
            "t_F1": [
                63.03671989275459
            ],
            "e_F1": [
                49.46358069661921
            ],
            "epoch": [
                97
            ]
        }
    ],
    "2": [
        {
            "t_F1": [
                71.40460343251954
            ],
            "e_F1": [
                59.73753270965734
            ],
            "epoch": [
                150
            ]
        }
    ],
    "3": [
        {
            "t_F1": [
                69.58604249815188
            ],
            "e_F1": [
                59.435819327731096
            ],
            "epoch": [
                126
            ]
        }
    ],
    "4": [
        {
            "t_F1": [
                71.2406772828059
            ],
            "e_F1": [
                58.40047855650488
            ],
            "epoch": [
                147
            ]
        }
    ],
    "5": [
        {
            "t_F1": [
                70.22412481513507
            ],
            "e_F1": [
                59.03299973481301
            ],
            "epoch": [
                114
            ]
        }
    ],
    "6": [
        {
            "t_F1": [
                72.77382085541677
            ],
            "e_F1": [
                60.97441343960106
            ],
            "epoch": [
                158
            ]
        }
    ],
    "7": [
        {
            "t_F1": [
                73.6152311828159
            ],
            "e_F1": [
                54.69081312801287
            ],
            "epoch": [
                150
            ]
        }
    ],
    "8": [
        {
            "t_F1": [
                67.10034986237899
            ],
            "e_F1": [
                57.373258661393066
            ],
            "epoch": [
                123
            ]
        }
    ],
    "9": [
        {
            "t_F1": [
                73.60122980737161
            ],
            "e_F1": [
                57.0697395897779
            ],
            "epoch": [
                149
            ]
        }
    ],
    "10": [
        {
            "t_F1": [
                68.28139351638539
            ],
            "e_F1": [
                58.822516858028074
            ],
            "epoch": [
                134
            ]
        }
    ],
    "average f1": [
        57.50011527021385
    ]
}