{
    "1": [
        {
            "t_F1": [
                98.12331488160466
            ],
            "e_F1": [
                56.07882712415553
            ],
            "epoch": [
                13
            ]
        }
    ],
    "2": [
        {
            "t_F1": [
                100.0
            ],
            "e_F1": [
                50.736376341663956
            ],
            "epoch": [
                14
            ]
        }
    ],
    "3": [
        {
            "t_F1": [
                99.78723404255318
            ],
            "e_F1": [
                58.50751973455933
            ],
            "epoch": [
                13
            ]
        }
    ],
    "4": [
        {
            "t_F1": [
                99.37101345268951
            ],
            "e_F1": [
                60.786882608916514
            ],
            "epoch": [
                13
            ]
        }
    ],
    "5": [
        {
            "t_F1": [
                99.35896265181262
            ],
            "e_F1": [
                57.25534344087637
            ],
            "epoch": [
                14
            ]
        }
    ],
    "6": [
        {
            "t_F1": [
                99.78721863059344
            ],
            "e_F1": [
                57.39839078637626
            ],
            "epoch": [
                14
            ]
        }
    ],
    "7": [
        {
            "t_F1": [
                99.5787272327026
            ],
            "e_F1": [
                58.99668819340951
            ],
            "epoch": [
                15
            ]
        }
    ],
    "8": [
        {
            "t_F1": [
                97.66789526218199
            ],
            "e_F1": [
                54.35943574625875
            ],
            "epoch": [
                13
            ]
        }
    ],
    "9": [
        {
            "t_F1": [
                99.78632088393753
            ],
            "e_F1": [
                56.58857663721133
            ],
            "epoch": [
                13
            ]
        }
    ],
    "10": [
        {
            "t_F1": [
                95.96290328038032
            ],
            "e_F1": [
                59.40078645625071
            ],
            "epoch": [
                14
            ]
        }
    ],
    "average f1": [
        57.01088270696781
    ]
}