{
    "1": [
        {
            "t_F1": [
                95.12217204962141
            ],
            "e_F1": [
                58.829903356355885
            ],
            "epoch": [
                46
            ]
        }
    ],
    "2": [
        {
            "t_F1": [
                96.80755339861324
            ],
            "e_F1": [
                54.53072886792854
            ],
            "epoch": [
                48
            ]
        }
    ],
    "3": [
        {
            "t_F1": [
                97.24418187666566
            ],
            "e_F1": [
                57.367326197414236
            ],
            "epoch": [
                46
            ]
        }
    ],
    "4": [
        {
            "t_F1": [
                92.55508380508381
            ],
            "e_F1": [
                58.99491440673249
            ],
            "epoch": [
                51
            ]
        }
    ],
    "5": [
        {
            "t_F1": [
                97.22685398023816
            ],
            "e_F1": [
                61.198465067618834
            ],
            "epoch": [
                51
            ]
        }
    ],
    "6": [
        {
            "t_F1": [
                95.10407958860283
            ],
            "e_F1": [
                58.906314971719155
            ],
            "epoch": [
                50
            ]
        }
    ],
    "7": [
        {
            "t_F1": [
                96.59274321545783
            ],
            "e_F1": [
                58.20811574339666
            ],
            "epoch": [
                56
            ]
        }
    ],
    "8": [
        {
            "t_F1": [
                97.03038969690898
            ],
            "e_F1": [
                56.645326782712125
            ],
            "epoch": [
                43
            ]
        }
    ],
    "9": [
        {
            "t_F1": [
                97.24677664217035
            ],
            "e_F1": [
                56.824829322572846
            ],
            "epoch": [
                48
            ]
        }
    ],
    "10": [
        {
            "t_F1": [
                94.44806605823555
            ],
            "e_F1": [
                58.751003826101375
            ],
            "epoch": [
                46
            ]
        }
    ],
    "average f1": [
        58.02569285425521
    ]
}