{
    "1": [
        {
            "t_F1": [
                100.0
            ],
            "e_F1": [
                58.686818380945795
            ],
            "epoch": [
                19
            ]
        }
    ],
    "2": [
        {
            "t_F1": [
                99.78721863059344
            ],
            "e_F1": [
                56.07000673179484
            ],
            "epoch": [
                18
            ]
        }
    ],
    "3": [
        {
            "t_F1": [
                100.0
            ],
            "e_F1": [
                61.441728160379604
            ],
            "epoch": [
                19
            ]
        }
    ],
    "4": [
        {
            "t_F1": [
                100.0
            ],
            "e_F1": [
                60.8165445710246
            ],
            "epoch": [
                18
            ]
        }
    ],
    "5": [
        {
            "t_F1": [
                100.0
            ],
            "e_F1": [
                63.563213078644495
            ],
            "epoch": [
                20
            ]
        }
    ],
    "6": [
        {
            "t_F1": [
                99.78539191305148
            ],
            "e_F1": [
                55.2570677226891
            ],
            "epoch": [
                19
            ]
        }
    ],
    "7": [
        {
            "t_F1": [
                100.0
            ],
            "e_F1": [
                61.41342500760515
            ],
            "epoch": [
                20
            ]
        }
    ],
    "8": [
        {
            "t_F1": [
                99.79157620495006
            ],
            "e_F1": [
                59.98928197775225
            ],
            "epoch": [
                18
            ]
        }
    ],
    "9": [
        {
            "t_F1": [
                100.0
            ],
            "e_F1": [
                63.31798185424158
            ],
            "epoch": [
                19
            ]
        }
    ],
    "10": [
        {
            "t_F1": [
                100.0
            ],
            "e_F1": [
                62.048872180451134
            ],
            "epoch": [
                19
            ]
        }
    ],
    "average f1": [
        60.26049396655285
    ]
}