{
    "1": [
        {
            "t_F1": [
                100.0
            ],
            "e_F1": [
                58.99436649805995
            ],
            "epoch": [
                44
            ]
        }
    ],
    "2": [
        {
            "t_F1": [
                100.0
            ],
            "e_F1": [
                59.391493326527176
            ],
            "epoch": [
                43
            ]
        }
    ],
    "3": [
        {
            "t_F1": [
                100.0
            ],
            "e_F1": [
                54.35624748805584
            ],
            "epoch": [
                43
            ]
        }
    ],
    "4": [
        {
            "t_F1": [
                100.0
            ],
            "e_F1": [
                59.85634184363422
            ],
            "epoch": [
                43
            ]
        }
    ],
    "5": [
        {
            "t_F1": [
                100.0
            ],
            "e_F1": [
                60.25050626659514
            ],
            "epoch": [
                43
            ]
        }
    ],
    "6": [
        {
            "t_F1": [
                100.0
            ],
            "e_F1": [
                59.6488565265515
            ],
            "epoch": [
                43
            ]
        }
    ],
    "7": [
        {
            "t_F1": [
                100.0
            ],
            "e_F1": [
                59.11236399899216
            ],
            "epoch": [
                42
            ]
        }
    ],
    "8": [
        {
            "t_F1": [
                100.0
            ],
            "e_F1": [
                60.41172714452284
            ],
            "epoch": [
                43
            ]
        }
    ],
    "9": [
        {
            "t_F1": [
                100.0
            ],
            "e_F1": [
                61.75500204902462
            ],
            "epoch": [
                45
            ]
        }
    ],
    "10": [
        {
            "t_F1": [
                100.0
            ],
            "e_F1": [
                64.34931242898513
            ],
            "epoch": [
                44
            ]
        }
    ],
    "average f1": [
        59.812621757094874
    ]
}