{
    "1": [
        {
            "t_F1": [
                84.22559175874302
            ],
            "e_F1": [
                60.6791832816423
            ],
            "epoch": [
                38
            ]
        }
    ],
    "2": [
        {
            "t_F1": [
                94.67757248642721
            ],
            "e_F1": [
                58.598533269289234
            ],
            "epoch": [
                37
            ]
        }
    ],
    "3": [
        {
            "t_F1": [
                91.53435812352497
            ],
            "e_F1": [
                61.10173602042149
            ],
            "epoch": [
                40
            ]
        }
    ],
    "4": [
        {
            "t_F1": [
                88.50518662999528
            ],
            "e_F1": [
                60.37629411097271
            ],
            "epoch": [
                38
            ]
        }
    ],
    "5": [
        {
            "t_F1": [
                91.27072167724471
            ],
            "e_F1": [
                60.600500991875464
            ],
            "epoch": [
                43
            ]
        }
    ],
    "6": [
        {
            "t_F1": [
                90.67639092275151
            ],
            "e_F1": [
                60.858253605194115
            ],
            "epoch": [
                43
            ]
        }
    ],
    "7": [
        {
            "t_F1": [
                93.03913041590492
            ],
            "e_F1": [
                61.7925617925618
            ],
            "epoch": [
                43
            ]
        }
    ],
    "8": [
        {
            "t_F1": [
                89.82290611248891
            ],
            "e_F1": [
                62.56375671780995
            ],
            "epoch": [
                36
            ]
        }
    ],
    "9": [
        {
            "t_F1": [
                95.3642201473541
            ],
            "e_F1": [
                58.57558459530436
            ],
            "epoch": [
                41
            ]
        }
    ],
    "10": [
        {
            "t_F1": [
                91.07046371005805
            ],
            "e_F1": [
                64.22009319555222
            ],
            "epoch": [
                42
            ]
        }
    ],
    "average f1": [
        60.936649758062366
    ]
}