{
    "1": [
        {
            "t_F1": [
                100.0
            ],
            "e_F1": [
                55.56889313298008
            ],
            "epoch": [
                28
            ]
        }
    ],
    "2": [
        {
            "t_F1": [
                100.0
            ],
            "e_F1": [
                59.347299372933726
            ],
            "epoch": [
                29
            ]
        }
    ],
    "average f1": [
        57.458096252956906
    ]
}