{
    "1": [
        {
            "t_F1": [
                99.78632088393753
            ],
            "e_F1": [
                59.037203354547074
            ],
            "epoch": [
                63
            ]
        }
    ],
    "2": [
        {
            "t_F1": [
                99.36772164195015
            ],
            "e_F1": [
                60.22841506350041
            ],
            "epoch": [
                58
            ]
        }
    ],
    "3": [
        {
            "t_F1": [
                98.0814693580651
            ],
            "e_F1": [
                58.31830090237873
            ],
            "epoch": [
                52
            ]
        }
    ],
    "4": [
        {
            "t_F1": [
                98.94930105349606
            ],
            "e_F1": [
                60.05866071641815
            ],
            "epoch": [
                54
            ]
        }
    ],
    "5": [
        {
            "t_F1": [
                99.36337908990089
            ],
            "e_F1": [
                61.797759218692946
            ],
            "epoch": [
                56
            ]
        }
    ],
    "6": [
        {
            "t_F1": [
                98.51471969355907
            ],
            "e_F1": [
                57.903560981504754
            ],
            "epoch": [
                55
            ]
        }
    ],
    "7": [
        {
            "t_F1": [
                99.35986420247977
            ],
            "e_F1": [
                60.835211930035115
            ],
            "epoch": [
                57
            ]
        }
    ],
    "8": [
        {
            "t_F1": [
                97.46281409327983
            ],
            "e_F1": [
                59.93408906471901
            ],
            "epoch": [
                57
            ]
        }
    ],
    "9": [
        {
            "t_F1": [
                97.67925764901722
            ],
            "e_F1": [
                60.866574945096254
            ],
            "epoch": [
                56
            ]
        }
    ],
    "10": [
        {
            "t_F1": [
                96.17602062762171
            ],
            "e_F1": [
                60.688110639656244
            ],
            "epoch": [
                56
            ]
        }
    ],
    "average f1": [
        59.96678868165486
    ]
}