{
    "1": [
        {
            "t_F1": [
                61.901943732226925
            ],
            "e_F1": [
                49.067402262614316
            ],
            "epoch": [
                83
            ]
        }
    ],
    "2": [
        {
            "t_F1": [
                70.59112953402708
            ],
            "e_F1": [
                59.9412112607332
            ],
            "epoch": [
                126
            ]
        }
    ],
    "3": [
        {
            "t_F1": [
                65.57686909227183
            ],
            "e_F1": [
                57.585967241033856
            ],
            "epoch": [
                95
            ]
        }
    ],
    "4": [
        {
            "t_F1": [
                69.4711214185928
            ],
            "e_F1": [
                62.42960197506973
            ],
            "epoch": [
                146
            ]
        }
    ],
    "5": [
        {
            "t_F1": [
                67.20245157384987
            ],
            "e_F1": [
                57.20961846118116
            ],
            "epoch": [
                101
            ]
        }
    ],
    "6": [
        {
            "t_F1": [
                71.95038479270846
            ],
            "e_F1": [
                62.554135212031426
            ],
            "epoch": [
                150
            ]
        }
    ],
    "7": [
        {
            "t_F1": [
                68.61161880753316
            ],
            "e_F1": [
                55.986358778604114
            ],
            "epoch": [
                131
            ]
        }
    ],
    "8": [
        {
            "t_F1": [
                70.36707857703402
            ],
            "e_F1": [
                57.76589140643077
            ],
            "epoch": [
                111
            ]
        }
    ],
    "9": [
        {
            "t_F1": [
                73.54778004932805
            ],
            "e_F1": [
                58.346544033474125
            ],
            "epoch": [
                144
            ]
        }
    ],
    "10": [
        {
            "t_F1": [
                72.1751659076019
            ],
            "e_F1": [
                56.6554127253618
            ],
            "epoch": [
                126
            ]
        }
    ],
    "average f1": [
        57.75421433565346
    ]
}