{
    "1": [
        {
            "t_F1": [
                83.11226724308439
            ],
            "e_F1": [
                61.01536107346989
            ],
            "epoch": [
                30
            ]
        }
    ],
    "2": [
        {
            "t_F1": [
                81.84393733408672
            ],
            "e_F1": [
                60.60715037813069
            ],
            "epoch": [
                32
            ]
        }
    ],
    "3": [
        {
            "t_F1": [
                81.23183620604402
            ],
            "e_F1": [
                62.04538924869549
            ],
            "epoch": [
                30
            ]
        }
    ],
    "4": [
        {
            "t_F1": [
                79.23481431741864
            ],
            "e_F1": [
                63.43446593165978
            ],
            "epoch": [
                32
            ]
        }
    ],
    "5": [
        {
            "t_F1": [
                81.3163821854339
            ],
            "e_F1": [
                59.2128689954777
            ],
            "epoch": [
                30
            ]
        }
    ],
    "6": [
        {
            "t_F1": [
                84.76018931801795
            ],
            "e_F1": [
                62.07653141273045
            ],
            "epoch": [
                34
            ]
        }
    ],
    "7": [
        {
            "t_F1": [
                88.3582260705112
            ],
            "e_F1": [
                63.916897050376555
            ],
            "epoch": [
                35
            ]
        }
    ],
    "8": [
        {
            "t_F1": [
                74.08998849897613
            ],
            "e_F1": [
                60.403707473764214
            ],
            "epoch": [
                23
            ]
        }
    ],
    "9": [
        {
            "t_F1": [
                82.85205397598008
            ],
            "e_F1": [
                61.23573373867883
            ],
            "epoch": [
                32
            ]
        }
    ],
    "10": [
        {
            "t_F1": [
                80.83734098600118
            ],
            "e_F1": [
                65.42549761948983
            ],
            "epoch": [
                33
            ]
        }
    ],
    "average f1": [
        61.937360292247355
    ]
}