{
    "1": [
        {
            "t_F1": [
                88.98735246116054
            ],
            "e_F1": [
                61.316435097459035
            ],
            "epoch": [
                45
            ]
        }
    ],
    "2": [
        {
            "t_F1": [
                93.21447410744891
            ],
            "e_F1": [
                62.86657782186362
            ],
            "epoch": [
                46
            ]
        }
    ],
    "3": [
        {
            "t_F1": [
                92.99343563464035
            ],
            "e_F1": [
                59.3711454943339
            ],
            "epoch": [
                42
            ]
        }
    ],
    "4": [
        {
            "t_F1": [
                92.18005206973953
            ],
            "e_F1": [
                58.41482713196394
            ],
            "epoch": [
                44
            ]
        }
    ],
    "5": [
        {
            "t_F1": [
                92.94657800446699
            ],
            "e_F1": [
                62.91452215517725
            ],
            "epoch": [
                43
            ]
        }
    ],
    "6": [
        {
            "t_F1": [
                94.50488610902556
            ],
            "e_F1": [
                62.16931349029052
            ],
            "epoch": [
                42
            ]
        }
    ],
    "7": [
        {
            "t_F1": [
                96.38500107132779
            ],
            "e_F1": [
                61.394903323532034
            ],
            "epoch": [
                48
            ]
        }
    ],
    "8": [
        {
            "t_F1": [
                92.31307454822641
            ],
            "e_F1": [
                60.63419227535143
            ],
            "epoch": [
                41
            ]
        }
    ],
    "9": [
        {
            "t_F1": [
                91.91752771689306
            ],
            "e_F1": [
                63.89250906951662
            ],
            "epoch": [
                49
            ]
        }
    ],
    "10": [
        {
            "t_F1": [
                95.3156788269267
            ],
            "e_F1": [
                62.565088758942
            ],
            "epoch": [
                48
            ]
        }
    ],
    "average f1": [
        61.55395146184303
    ]
}