{
    "1": [
        {
            "t_F1": [
                95.33948897128064
            ],
            "e_F1": [
                63.080050859227235
            ],
            "epoch": [
                60
            ]
        }
    ],
    "2": [
        {
            "t_F1": [
                96.81183214515603
            ],
            "e_F1": [
                57.56103374059758
            ],
            "epoch": [
                55
            ]
        }
    ],
    "3": [
        {
            "t_F1": [
                99.14888953828171
            ],
            "e_F1": [
                58.284809300931116
            ],
            "epoch": [
                58
            ]
        }
    ],
    "4": [
        {
            "t_F1": [
                98.73390298807873
            ],
            "e_F1": [
                61.142339939024396
            ],
            "epoch": [
                58
            ]
        }
    ],
    "5": [
        {
            "t_F1": [
                99.3616558917803
            ],
            "e_F1": [
                59.88154176399243
            ],
            "epoch": [
                58
            ]
        }
    ],
    "6": [
        {
            "t_F1": [
                96.40642857573066
            ],
            "e_F1": [
                62.26998958377475
            ],
            "epoch": [
                60
            ]
        }
    ],
    "7": [
        {
            "t_F1": [
                99.78723404255318
            ],
            "e_F1": [
                61.91031823007582
            ],
            "epoch": [
                60
            ]
        }
    ],
    "8": [
        {
            "t_F1": [
                98.09076484377678
            ],
            "e_F1": [
                61.73599355865365
            ],
            "epoch": [
                62
            ]
        }
    ],
    "9": [
        {
            "t_F1": [
                98.10309515025861
            ],
            "e_F1": [
                60.609151144013
            ],
            "epoch": [
                64
            ]
        }
    ],
    "10": [
        {
            "t_F1": [
                97.44464129945982
            ],
            "e_F1": [
                62.62659516654324
            ],
            "epoch": [
                57
            ]
        }
    ],
    "average f1": [
        60.91018232868332
    ]
}