{
    "1": [
        {
            "t_F1": [
                81.6272907468072
            ],
            "e_F1": [
                60.86893210781932
            ],
            "epoch": [
                30
            ]
        }
    ],
    "2": [
        {
            "t_F1": [
                82.03211218205304
            ],
            "e_F1": [
                60.253638946935574
            ],
            "epoch": [
                32
            ]
        }
    ],
    "3": [
        {
            "t_F1": [
                81.15403508964168
            ],
            "e_F1": [
                60.49438775760094
            ],
            "epoch": [
                30
            ]
        }
    ],
    "4": [
        {
            "t_F1": [
                84.79543773432239
            ],
            "e_F1": [
                61.766911345598594
            ],
            "epoch": [
                34
            ]
        }
    ],
    "5": [
        {
            "t_F1": [
                80.00960661692167
            ],
            "e_F1": [
                62.50864246126697
            ],
            "epoch": [
                28
            ]
        }
    ],
    "6": [
        {
            "t_F1": [
                78.99673678267743
            ],
            "e_F1": [
                63.66968243215556
            ],
            "epoch": [
                30
            ]
        }
    ],
    "7": [
        {
            "t_F1": [
                79.0016089488201
            ],
            "e_F1": [
                61.88091243316829
            ],
            "epoch": [
                27
            ]
        }
    ],
    "8": [
        {
            "t_F1": [
                85.33036081462303
            ],
            "e_F1": [
                60.20407999422341
            ],
            "epoch": [
                35
            ]
        }
    ],
    "9": [
        {
            "t_F1": [
                82.38262566649529
            ],
            "e_F1": [
                63.24876651863583
            ],
            "epoch": [
                35
            ]
        }
    ],
    "10": [
        {
            "t_F1": [
                82.42642616969948
            ],
            "e_F1": [
                63.29861303624029
            ],
            "epoch": [
                35
            ]
        }
    ],
    "average f1": [
        61.819456703364494
    ]
}