{
    "1": [
        {
            "t_F1": [
                88.74739860234168
            ],
            "e_F1": [
                58.882244675634674
            ],
            "epoch": [
                37
            ]
        }
    ],
    "2": [
        {
            "t_F1": [
                91.71733858400471
            ],
            "e_F1": [
                58.13070754593775
            ],
            "epoch": [
                38
            ]
        }
    ],
    "3": [
        {
            "t_F1": [
                90.22149759304212
            ],
            "e_F1": [
                61.10901003115602
            ],
            "epoch": [
                38
            ]
        }
    ],
    "4": [
        {
            "t_F1": [
                90.03768933332425
            ],
            "e_F1": [
                61.97945725928244
            ],
            "epoch": [
                43
            ]
        }
    ],
    "5": [
        {
            "t_F1": [
                91.29155275777349
            ],
            "e_F1": [
                59.66738312684142
            ],
            "epoch": [
                37
            ]
        }
    ],
    "6": [
        {
            "t_F1": [
                87.58286704695372
            ],
            "e_F1": [
                60.26767214353627
            ],
            "epoch": [
                38
            ]
        }
    ],
    "7": [
        {
            "t_F1": [
                90.62452518344394
            ],
            "e_F1": [
                62.09119753298954
            ],
            "epoch": [
                42
            ]
        }
    ],
    "8": [
        {
            "t_F1": [
                93.0341076674975
            ],
            "e_F1": [
                60.03803919411905
            ],
            "epoch": [
                37
            ]
        }
    ],
    "9": [
        {
            "t_F1": [
                91.72701576092224
            ],
            "e_F1": [
                60.48472088594313
            ],
            "epoch": [
                36
            ]
        }
    ],
    "10": [
        {
            "t_F1": [
                94.2462414324643
            ],
            "e_F1": [
                61.59311825217457
            ],
            "epoch": [
                38
            ]
        }
    ],
    "average f1": [
        60.42435506476149
    ]
}