{
    "1": [
        {
            "t_F1": [
                71.76052570789415
            ],
            "e_F1": [
                53.2668391157977
            ],
            "epoch": [
                145
            ]
        }
    ],
    "2": [
        {
            "t_F1": [
                70.51330050015702
            ],
            "e_F1": [
                60.01971606767873
            ],
            "epoch": [
                151
            ]
        }
    ],
    "3": [
        {
            "t_F1": [
                66.22206695119036
            ],
            "e_F1": [
                54.97313957910751
            ],
            "epoch": [
                122
            ]
        }
    ],
    "4": [
        {
            "t_F1": [
                65.98417843801714
            ],
            "e_F1": [
                55.836739602931196
            ],
            "epoch": [
                139
            ]
        }
    ],
    "5": [
        {
            "t_F1": [
                67.75774814867913
            ],
            "e_F1": [
                55.312624945441435
            ],
            "epoch": [
                139
            ]
        }
    ],
    "6": [
        {
            "t_F1": [
                75.56712813438509
            ],
            "e_F1": [
                60.50540708252743
            ],
            "epoch": [
                179
            ]
        }
    ],
    "7": [
        {
            "t_F1": [
                69.4782609555048
            ],
            "e_F1": [
                54.440710813301905
            ],
            "epoch": [
                153
            ]
        }
    ],
    "8": [
        {
            "t_F1": [
                63.4883434245745
            ],
            "e_F1": [
                54.298933232977205
            ],
            "epoch": [
                115
            ]
        }
    ],
    "9": [
        {
            "t_F1": [
                71.84394618342775
            ],
            "e_F1": [
                54.80489656938809
            ],
            "epoch": [
                136
            ]
        }
    ],
    "10": [
        {
            "t_F1": [
                68.19671714362725
            ],
            "e_F1": [
                58.17223088330894
            ],
            "epoch": [
                163
            ]
        }
    ],
    "average f1": [
        56.163123789246015
    ]
}