{
    "1": [
        {
            "t_F1": [
                70.67017134792158
            ],
            "e_F1": [
                57.64880544362978
            ],
            "epoch": [
                133
            ]
        }
    ],
    "2": [
        {
            "t_F1": [
                71.20302617638485
            ],
            "e_F1": [
                60.68125510532491
            ],
            "epoch": [
                121
            ]
        }
    ],
    "3": [
        {
            "t_F1": [
                71.50089368206591
            ],
            "e_F1": [
                59.563768108103396
            ],
            "epoch": [
                124
            ]
        }
    ],
    "4": [
        {
            "t_F1": [
                73.89059743887844
            ],
            "e_F1": [
                62.28254445384882
            ],
            "epoch": [
                129
            ]
        }
    ],
    "5": [
        {
            "t_F1": [
                75.29136319555647
            ],
            "e_F1": [
                60.59622131959777
            ],
            "epoch": [
                136
            ]
        }
    ],
    "6": [
        {
            "t_F1": [
                71.28811559183215
            ],
            "e_F1": [
                63.34857305635781
            ],
            "epoch": [
                144
            ]
        }
    ],
    "7": [
        {
            "t_F1": [
                73.37575789833184
            ],
            "e_F1": [
                57.6953444367305
            ],
            "epoch": [
                135
            ]
        }
    ],
    "8": [
        {
            "t_F1": [
                73.93234044697039
            ],
            "e_F1": [
                62.931288388127385
            ],
            "epoch": [
                141
            ]
        }
    ],
    "9": [
        {
            "t_F1": [
                73.53485276313386
            ],
            "e_F1": [
                59.02772416006996
            ],
            "epoch": [
                144
            ]
        }
    ],
    "10": [
        {
            "t_F1": [
                69.95736174930359
            ],
            "e_F1": [
                63.49448934041406
            ],
            "epoch": [
                143
            ]
        }
    ],
    "average f1": [
        60.72700138122043
    ]
}