{
    "1": [
        {
            "t_F1": [
                67.66082810703756
            ],
            "e_F1": [
                55.81882063170096
            ],
            "epoch": [
                137
            ]
        }
    ],
    "2": [
        {
            "t_F1": [
                73.83522543795549
            ],
            "e_F1": [
                59.39351328890701
            ],
            "epoch": [
                151
            ]
        }
    ],
    "3": [
        {
            "t_F1": [
                73.81259166639796
            ],
            "e_F1": [
                56.45914745547606
            ],
            "epoch": [
                149
            ]
        }
    ],
    "4": [
        {
            "t_F1": [
                68.24945053791022
            ],
            "e_F1": [
                59.98576110241737
            ],
            "epoch": [
                145
            ]
        }
    ],
    "5": [
        {
            "t_F1": [
                75.18750854580264
            ],
            "e_F1": [
                55.100367627591105
            ],
            "epoch": [
                134
            ]
        }
    ],
    "6": [
        {
            "t_F1": [
                71.77287018692394
            ],
            "e_F1": [
                60.26565914644285
            ],
            "epoch": [
                164
            ]
        }
    ],
    "7": [
        {
            "t_F1": [
                69.4841650410519
            ],
            "e_F1": [
                57.298594411236316
            ],
            "epoch": [
                134
            ]
        }
    ],
    "8": [
        {
            "t_F1": [
                70.04741995954814
            ],
            "e_F1": [
                55.6547920366605
            ],
            "epoch": [
                131
            ]
        }
    ],
    "9": [
        {
            "t_F1": [
                71.24731979189389
            ],
            "e_F1": [
                58.294401580755626
            ],
            "epoch": [
                134
            ]
        }
    ],
    "10": [
        {
            "t_F1": [
                70.97482019925575
            ],
            "e_F1": [
                56.44908380205476
            ],
            "epoch": [
                146
            ]
        }
    ],
    "average f1": [
        57.47201410832427
    ]
}