{
    "1": [
        {
            "t_F1": [
                100.0
            ],
            "e_F1": [
                56.975059604312804
            ],
            "epoch": [
                23
            ]
        }
    ],
    "2": [
        {
            "t_F1": [
                99.57261454782977
            ],
            "e_F1": [
                59.3783967830239
            ],
            "epoch": [
                23
            ]
        }
    ],
    "3": [
        {
            "t_F1": [
                100.0
            ],
            "e_F1": [
                56.481354511950144
            ],
            "epoch": [
                22
            ]
        }
    ],
    "4": [
        {
            "t_F1": [
                100.0
            ],
            "e_F1": [
                59.29497414117816
            ],
            "epoch": [
                23
            ]
        }
    ],
    "5": [
        {
            "t_F1": [
                100.0
            ],
            "e_F1": [
                58.12984191522218
            ],
            "epoch": [
                22
            ]
        }
    ],
    "6": [
        {
            "t_F1": [
                100.0
            ],
            "e_F1": [
                57.71993044803264
            ],
            "epoch": [
                23
            ]
        }
    ],
    "7": [
        {
            "t_F1": [
                100.0
            ],
            "e_F1": [
                58.66126195607856
            ],
            "epoch": [
                23
            ]
        }
    ],
    "8": [
        {
            "t_F1": [
                99.79157620495006
            ],
            "e_F1": [
                61.0934148155516
            ],
            "epoch": [
                23
            ]
        }
    ],
    "9": [
        {
            "t_F1": [
                100.0
            ],
            "e_F1": [
                60.57529546022887
            ],
            "epoch": [
                23
            ]
        }
    ],
    "10": [
        {
            "t_F1": [
                100.0
            ],
            "e_F1": [
                59.95858629361328
            ],
            "epoch": [
                23
            ]
        }
    ],
    "average f1": [
        58.826811592919206
    ]
}