{
    "1": [
        {
            "t_F1": [
                94.0828187705354
            ],
            "e_F1": [
                59.66173890310761
            ],
            "epoch": [
                42
            ]
        }
    ],
    "2": [
        {
            "t_F1": [
                95.30709974486658
            ],
            "e_F1": [
                59.522461514871395
            ],
            "epoch": [
                54
            ]
        }
    ],
    "3": [
        {
            "t_F1": [
                92.35859702176512
            ],
            "e_F1": [
                56.129876712226114
            ],
            "epoch": [
                44
            ]
        }
    ],
    "4": [
        {
            "t_F1": [
                89.61909498402909
            ],
            "e_F1": [
                63.421175075897274
            ],
            "epoch": [
                46
            ]
        }
    ],
    "5": [
        {
            "t_F1": [
                95.33942535958666
            ],
            "e_F1": [
                62.12466037266773
            ],
            "epoch": [
                47
            ]
        }
    ],
    "6": [
        {
            "t_F1": [
                94.70814658661222
            ],
            "e_F1": [
                59.824440304091475
            ],
            "epoch": [
                49
            ]
        }
    ],
    "7": [
        {
            "t_F1": [
                95.09633982707983
            ],
            "e_F1": [
                58.281609111535516
            ],
            "epoch": [
                47
            ]
        }
    ],
    "8": [
        {
            "t_F1": [
                90.60496163979714
            ],
            "e_F1": [
                59.85255709316082
            ],
            "epoch": [
                43
            ]
        }
    ],
    "9": [
        {
            "t_F1": [
                96.80432150850069
            ],
            "e_F1": [
                57.57272950417681
            ],
            "epoch": [
                44
            ]
        }
    ],
    "10": [
        {
            "t_F1": [
                96.1793144681665
            ],
            "e_F1": [
                64.16059007066441
            ],
            "epoch": [
                49
            ]
        }
    ],
    "average f1": [
        60.055183866239915
    ]
}