{
    "1": [
        {
            "t_F1": [
                70.30956505192562
            ],
            "e_F1": [
                58.67856859455488
            ],
            "epoch": [
                115
            ]
        }
    ],
    "2": [
        {
            "t_F1": [
                71.34242001249673
            ],
            "e_F1": [
                60.129661162071876
            ],
            "epoch": [
                126
            ]
        }
    ],
    "3": [
        {
            "t_F1": [
                73.83925631168182
            ],
            "e_F1": [
                57.474560987185576
            ],
            "epoch": [
                118
            ]
        }
    ],
    "4": [
        {
            "t_F1": [
                70.4875126114888
            ],
            "e_F1": [
                61.52282800016917
            ],
            "epoch": [
                128
            ]
        }
    ],
    "5": [
        {
            "t_F1": [
                68.69353637731119
            ],
            "e_F1": [
                56.754712534034844
            ],
            "epoch": [
                100
            ]
        }
    ],
    "6": [
        {
            "t_F1": [
                71.46327974859588
            ],
            "e_F1": [
                61.2776908721142
            ],
            "epoch": [
                147
            ]
        }
    ],
    "7": [
        {
            "t_F1": [
                69.50108333189824
            ],
            "e_F1": [
                57.69195716564137
            ],
            "epoch": [
                123
            ]
        }
    ],
    "8": [
        {
            "t_F1": [
                71.46521299606627
            ],
            "e_F1": [
                58.66499435083442
            ],
            "epoch": [
                105
            ]
        }
    ],
    "9": [
        {
            "t_F1": [
                71.55496513567424
            ],
            "e_F1": [
                59.97931852037335
            ],
            "epoch": [
                137
            ]
        }
    ],
    "10": [
        {
            "t_F1": [
                69.87100313479624
            ],
            "e_F1": [
                60.12961829139497
            ],
            "epoch": [
                122
            ]
        }
    ],
    "average f1": [
        59.23039104783747
    ]
}