{
    "1": [
        {
            "t_F1": [
                100.0
            ],
            "e_F1": [
                58.245531921228064
            ],
            "epoch": [
                29
            ]
        }
    ],
    "2": [
        {
            "t_F1": [
                100.0
            ],
            "e_F1": [
                59.71374458874459
            ],
            "epoch": [
                29
            ]
        }
    ],
    "3": [
        {
            "t_F1": [
                100.0
            ],
            "e_F1": [
                59.44394506635036
            ],
            "epoch": [
                29
            ]
        }
    ],
    "4": [
        {
            "t_F1": [
                100.0
            ],
            "e_F1": [
                59.81262171146427
            ],
            "epoch": [
                28
            ]
        }
    ],
    "5": [
        {
            "t_F1": [
                100.0
            ],
            "e_F1": [
                60.97931065527457
            ],
            "epoch": [
                30
            ]
        }
    ],
    "6": [
        {
            "t_F1": [
                100.0
            ],
            "e_F1": [
                60.886328144785764
            ],
            "epoch": [
                28
            ]
        }
    ],
    "7": [
        {
            "t_F1": [
                100.0
            ],
            "e_F1": [
                60.56790485500163
            ],
            "epoch": [
                28
            ]
        }
    ],
    "8": [
        {
            "t_F1": [
                99.57080754494547
            ],
            "e_F1": [
                59.95690404765009
            ],
            "epoch": [
                28
            ]
        }
    ],
    "9": [
        {
            "t_F1": [
                100.0
            ],
            "e_F1": [
                60.80373757363413
            ],
            "epoch": [
                29
            ]
        }
    ],
    "10": [
        {
            "t_F1": [
                100.0
            ],
            "e_F1": [
                60.029320226994024
            ],
            "epoch": [
                28
            ]
        }
    ],
    "average f1": [
        60.04393487911275
    ]
}