{
    "1": [
        {
            "t_F1": [
                74.74109743904044
            ],
            "e_F1": [
                58.24614972328681
            ],
            "epoch": [
                150
            ]
        }
    ],
    "2": [
        {
            "t_F1": [
                74.82795203669498
            ],
            "e_F1": [
                63.82729973359993
            ],
            "epoch": [
                145
            ]
        }
    ],
    "3": [
        {
            "t_F1": [
                73.82669468643768
            ],
            "e_F1": [
                60.969714353022084
            ],
            "epoch": [
                148
            ]
        }
    ],
    "4": [
        {
            "t_F1": [
                74.42369374899023
            ],
            "e_F1": [
                62.312635870530606
            ],
            "epoch": [
                152
            ]
        }
    ],
    "5": [
        {
            "t_F1": [
                73.55665533960989
            ],
            "e_F1": [
                61.44118619396737
            ],
            "epoch": [
                142
            ]
        }
    ],
    "6": [
        {
            "t_F1": [
                72.02927550429655
            ],
            "e_F1": [
                62.58170181899219
            ],
            "epoch": [
                168
            ]
        }
    ],
    "7": [
        {
            "t_F1": [
                74.59132355689229
            ],
            "e_F1": [
                58.92056751093422
            ],
            "epoch": [
                146
            ]
        }
    ],
    "8": [
        {
            "t_F1": [
                73.87463014022678
            ],
            "e_F1": [
                63.86217121768664
            ],
            "epoch": [
                140
            ]
        }
    ],
    "9": [
        {
            "t_F1": [
                75.27873098535743
            ],
            "e_F1": [
                59.304419056720356
            ],
            "epoch": [
                149
            ]
        }
    ],
    "10": [
        {
            "t_F1": [
                72.42150418990818
            ],
            "e_F1": [
                63.197082800194096
            ],
            "epoch": [
                160
            ]
        }
    ],
    "average f1": [
        61.466292827893426
    ]
}