{
    "1": [
        {
            "t_F1": [
                94.88539324280988
            ],
            "e_F1": [
                60.00425718404519
            ],
            "epoch": [
                47
            ]
        }
    ],
    "2": [
        {
            "t_F1": [
                96.59675562220292
            ],
            "e_F1": [
                57.86827994295602
            ],
            "epoch": [
                49
            ]
        }
    ],
    "3": [
        {
            "t_F1": [
                94.47348235777471
            ],
            "e_F1": [
                60.031208199223386
            ],
            "epoch": [
                48
            ]
        }
    ],
    "4": [
        {
            "t_F1": [
                97.876099301518
            ],
            "e_F1": [
                60.29499685388243
            ],
            "epoch": [
                46
            ]
        }
    ],
    "5": [
        {
            "t_F1": [
                97.44207114566518
            ],
            "e_F1": [
                63.22361361060155
            ],
            "epoch": [
                53
            ]
        }
    ],
    "6": [
        {
            "t_F1": [
                96.82414893975518
            ],
            "e_F1": [
                61.235502626766156
            ],
            "epoch": [
                57
            ]
        }
    ],
    "7": [
        {
            "t_F1": [
                96.18413533422574
            ],
            "e_F1": [
                63.76980287947455
            ],
            "epoch": [
                50
            ]
        }
    ],
    "8": [
        {
            "t_F1": [
                95.9456001699256
            ],
            "e_F1": [
                62.70463713604772
            ],
            "epoch": [
                53
            ]
        }
    ],
    "9": [
        {
            "t_F1": [
                97.25194048052929
            ],
            "e_F1": [
                59.97884386810246
            ],
            "epoch": [
                54
            ]
        }
    ],
    "10": [
        {
            "t_F1": [
                95.9471510572498
            ],
            "e_F1": [
                62.357882073071956
            ],
            "epoch": [
                52
            ]
        }
    ],
    "average f1": [
        61.14690243741715
    ]
}