{
    "1": [
        {
            "t_F1": [
                81.03283925670289
            ],
            "e_F1": [
                60.805505538837636
            ],
            "epoch": [
                27
            ]
        }
    ],
    "2": [
        {
            "t_F1": [
                81.46885746796083
            ],
            "e_F1": [
                59.952704432872416
            ],
            "epoch": [
                28
            ]
        }
    ],
    "3": [
        {
            "t_F1": [
                83.40444509541031
            ],
            "e_F1": [
                62.22203142554503
            ],
            "epoch": [
                29
            ]
        }
    ],
    "4": [
        {
            "t_F1": [
                84.45650656956998
            ],
            "e_F1": [
                64.7148406499663
            ],
            "epoch": [
                38
            ]
        }
    ],
    "5": [
        {
            "t_F1": [
                83.62637880364623
            ],
            "e_F1": [
                61.97033302343322
            ],
            "epoch": [
                36
            ]
        }
    ],
    "6": [
        {
            "t_F1": [
                84.29470148695076
            ],
            "e_F1": [
                62.621469964504016
            ],
            "epoch": [
                37
            ]
        }
    ],
    "7": [
        {
            "t_F1": [
                87.52354397210051
            ],
            "e_F1": [
                62.22027604373904
            ],
            "epoch": [
                31
            ]
        }
    ],
    "8": [
        {
            "t_F1": [
                83.19511102194717
            ],
            "e_F1": [
                62.0978354978355
            ],
            "epoch": [
                31
            ]
        }
    ],
    "9": [
        {
            "t_F1": [
                82.61269666116972
            ],
            "e_F1": [
                59.17347588191056
            ],
            "epoch": [
                34
            ]
        }
    ],
    "10": [
        {
            "t_F1": [
                83.46342212362946
            ],
            "e_F1": [
                62.49031986379482
            ],
            "epoch": [
                30
            ]
        }
    ],
    "average f1": [
        61.826879232243854
    ]
}