{
    "1": [
        {
            "t_F1": [
                72.08359109219703
            ],
            "e_F1": [
                56.885151472712316
            ],
            "epoch": [
                140
            ]
        }
    ],
    "2": [
        {
            "t_F1": [
                74.19608335439493
            ],
            "e_F1": [
                59.480969839247244
            ],
            "epoch": [
                139
            ]
        }
    ],
    "3": [
        {
            "t_F1": [
                69.90657642825522
            ],
            "e_F1": [
                58.601723832156914
            ],
            "epoch": [
                132
            ]
        }
    ],
    "4": [
        {
            "t_F1": [
                71.58479767964666
            ],
            "e_F1": [
                64.33428635607089
            ],
            "epoch": [
                148
            ]
        }
    ],
    "5": [
        {
            "t_F1": [
                75.768105295378
            ],
            "e_F1": [
                58.81697569241033
            ],
            "epoch": [
                130
            ]
        }
    ],
    "6": [
        {
            "t_F1": [
                73.21077909633007
            ],
            "e_F1": [
                62.430928893296446
            ],
            "epoch": [
                145
            ]
        }
    ],
    "7": [
        {
            "t_F1": [
                69.72273108235586
            ],
            "e_F1": [
                57.069986555859565
            ],
            "epoch": [
                148
            ]
        }
    ],
    "8": [
        {
            "t_F1": [
                71.30676160474565
            ],
            "e_F1": [
                60.01219181925911
            ],
            "epoch": [
                126
            ]
        }
    ],
    "9": [
        {
            "t_F1": [
                72.1273687883614
            ],
            "e_F1": [
                61.4932569526937
            ],
            "epoch": [
                148
            ]
        }
    ],
    "10": [
        {
            "t_F1": [
                71.16770408348849
            ],
            "e_F1": [
                58.81446135494124
            ],
            "epoch": [
                132
            ]
        }
    ],
    "average f1": [
        59.793993276864775
    ]
}