{
    "1": [
        {
            "t_F1": [
                98.93777309690512
            ],
            "e_F1": [
                60.55734512630122
            ],
            "epoch": [
                57
            ]
        }
    ],
    "2": [
        {
            "t_F1": [
                98.30266060104769
            ],
            "e_F1": [
                58.702569471111154
            ],
            "epoch": [
                60
            ]
        }
    ],
    "3": [
        {
            "t_F1": [
                98.72480116854138
            ],
            "e_F1": [
                60.05531058122968
            ],
            "epoch": [
                58
            ]
        }
    ],
    "4": [
        {
            "t_F1": [
                99.15402814950967
            ],
            "e_F1": [
                60.65643654995154
            ],
            "epoch": [
                61
            ]
        }
    ],
    "5": [
        {
            "t_F1": [
                97.86998367204835
            ],
            "e_F1": [
                60.64891267857489
            ],
            "epoch": [
                60
            ]
        }
    ],
    "6": [
        {
            "t_F1": [
                99.15659655786264
            ],
            "e_F1": [
                58.25288072007265
            ],
            "epoch": [
                59
            ]
        }
    ],
    "7": [
        {
            "t_F1": [
                98.50881978541553
            ],
            "e_F1": [
                61.24433688835572
            ],
            "epoch": [
                61
            ]
        }
    ],
    "8": [
        {
            "t_F1": [
                98.30264593562467
            ],
            "e_F1": [
                62.87644878087958
            ],
            "epoch": [
                60
            ]
        }
    ],
    "9": [
        {
            "t_F1": [
                99.78723404255318
            ],
            "e_F1": [
                62.8398026331383
            ],
            "epoch": [
                60
            ]
        }
    ],
    "10": [
        {
            "t_F1": [
                99.14704829765681
            ],
            "e_F1": [
                62.427423694990495
            ],
            "epoch": [
                66
            ]
        }
    ],
    "average f1": [
        60.82614671246051
    ]
}