{
    "1": [
        {
            "t_F1": [
                100.0
            ],
            "e_F1": [
                55.17772540512643
            ],
            "epoch": [
                28
            ]
        }
    ],
    "2": [
        {
            "t_F1": [
                100.0
            ],
            "e_F1": [
                57.91006015884186
            ],
            "epoch": [
                29
            ]
        }
    ],
    "3": [
        {
            "t_F1": [
                100.0
            ],
            "e_F1": [
                55.56586533487285
            ],
            "epoch": [
                29
            ]
        }
    ],
    "4": [
        {
            "t_F1": [
                100.0
            ],
            "e_F1": [
                58.67707133582666
            ],
            "epoch": [
                28
            ]
        }
    ],
    "5": [
        {
            "t_F1": [
                100.0
            ],
            "e_F1": [
                60.658092574765945
            ],
            "epoch": [
                29
            ]
        }
    ],
    "6": [
        {
            "t_F1": [
                98.2830459770115
            ],
            "e_F1": [
                56.69576768043321
            ],
            "epoch": [
                29
            ]
        }
    ],
    "7": [
        {
            "t_F1": [
                100.0
            ],
            "e_F1": [
                61.10128504629784
            ],
            "epoch": [
                29
            ]
        }
    ],
    "8": [
        {
            "t_F1": [
                100.0
            ],
            "e_F1": [
                54.49693665658941
            ],
            "epoch": [
                30
            ]
        }
    ],
    "9": [
        {
            "t_F1": [
                100.0
            ],
            "e_F1": [
                57.164758997629484
            ],
            "epoch": [
                28
            ]
        }
    ],
    "10": [
        {
            "t_F1": [
                100.0
            ],
            "e_F1": [
                60.75624762436498
            ],
            "epoch": [
                28
            ]
        }
    ],
    "average f1": [
        57.82038108147486
    ]
}