{
    "1": [
        {
            "t_F1": [
                99.14612684231544
            ],
            "e_F1": [
                54.95374988865529
            ],
            "epoch": [
                13
            ]
        }
    ],
    "2": [
        {
            "t_F1": [
                98.92703862660943
            ],
            "e_F1": [
                58.51298253118215
            ],
            "epoch": [
                14
            ]
        }
    ],
    "3": [
        {
            "t_F1": [
                100.0
            ],
            "e_F1": [
                56.0261497218367
            ],
            "epoch": [
                16
            ]
        }
    ],
    "4": [
        {
            "t_F1": [
                98.72743811152327
            ],
            "e_F1": [
                59.16418012249684
            ],
            "epoch": [
                13
            ]
        }
    ],
    "5": [
        {
            "t_F1": [
                99.78632088393753
            ],
            "e_F1": [
                60.96535950513729
            ],
            "epoch": [
                14
            ]
        }
    ],
    "6": [
        {
            "t_F1": [
                99.36603658449519
            ],
            "e_F1": [
                58.9061752428089
            ],
            "epoch": [
                14
            ]
        }
    ],
    "7": [
        {
            "t_F1": [
                97.66537771880645
            ],
            "e_F1": [
                51.472748366459165
            ],
            "epoch": [
                13
            ]
        }
    ],
    "8": [
        {
            "t_F1": [
                97.44146750609984
            ],
            "e_F1": [
                50.76041854079579
            ],
            "epoch": [
                13
            ]
        }
    ],
    "9": [
        {
            "t_F1": [
                98.93250597035484
            ],
            "e_F1": [
                58.36284671070333
            ],
            "epoch": [
                15
            ]
        }
    ],
    "10": [
        {
            "t_F1": [
                99.7905603168761
            ],
            "e_F1": [
                59.149830166144966
            ],
            "epoch": [
                14
            ]
        }
    ],
    "average f1": [
        56.82744407962205
    ]
}