{
    "1": [
        {
            "t_F1": [
                73.33115084771407
            ],
            "e_F1": [
                57.64582357930006
            ],
            "epoch": [
                141
            ]
        }
    ],
    "2": [
        {
            "t_F1": [
                71.55613845742143
            ],
            "e_F1": [
                60.01220474345964
            ],
            "epoch": [
                134
            ]
        }
    ],
    "3": [
        {
            "t_F1": [
                73.29270987836654
            ],
            "e_F1": [
                58.339471302461796
            ],
            "epoch": [
                146
            ]
        }
    ],
    "4": [
        {
            "t_F1": [
                70.67549420244539
            ],
            "e_F1": [
                61.12587018681729
            ],
            "epoch": [
                158
            ]
        }
    ],
    "5": [
        {
            "t_F1": [
                76.39893453624784
            ],
            "e_F1": [
                58.293864276301996
            ],
            "epoch": [
                161
            ]
        }
    ],
    "6": [
        {
            "t_F1": [
                69.50412165414974
            ],
            "e_F1": [
                59.72208789563977
            ],
            "epoch": [
                143
            ]
        }
    ],
    "7": [
        {
            "t_F1": [
                73.22674674877514
            ],
            "e_F1": [
                58.56978164051226
            ],
            "epoch": [
                140
            ]
        }
    ],
    "8": [
        {
            "t_F1": [
                73.15837436892123
            ],
            "e_F1": [
                60.67905749619092
            ],
            "epoch": [
                148
            ]
        }
    ],
    "9": [
        {
            "t_F1": [
                68.5301814536802
            ],
            "e_F1": [
                57.710339054788406
            ],
            "epoch": [
                130
            ]
        }
    ],
    "10": [
        {
            "t_F1": [
                72.54715366952007
            ],
            "e_F1": [
                63.91612561243652
            ],
            "epoch": [
                165
            ]
        }
    ],
    "average f1": [
        59.60146257879087
    ]
}