{
    "1": [
        {
            "t_F1": [
                68.5009953642656
            ],
            "e_F1": [
                58.74583190196216
            ],
            "epoch": [
                116
            ]
        }
    ],
    "2": [
        {
            "t_F1": [
                70.96500375573146
            ],
            "e_F1": [
                59.00525299429832
            ],
            "epoch": [
                121
            ]
        }
    ],
    "3": [
        {
            "t_F1": [
                72.75492883754045
            ],
            "e_F1": [
                61.28299879749275
            ],
            "epoch": [
                114
            ]
        }
    ],
    "4": [
        {
            "t_F1": [
                74.02651388221415
            ],
            "e_F1": [
                63.785878059130816
            ],
            "epoch": [
                150
            ]
        }
    ],
    "5": [
        {
            "t_F1": [
                68.75921493679336
            ],
            "e_F1": [
                61.09355423080913
            ],
            "epoch": [
                133
            ]
        }
    ],
    "6": [
        {
            "t_F1": [
                68.71993973800753
            ],
            "e_F1": [
                62.380874276035556
            ],
            "epoch": [
                129
            ]
        }
    ],
    "7": [
        {
            "t_F1": [
                69.84711940778887
            ],
            "e_F1": [
                58.86424429007368
            ],
            "epoch": [
                131
            ]
        }
    ],
    "8": [
        {
            "t_F1": [
                72.38786175502784
            ],
            "e_F1": [
                61.22784950758864
            ],
            "epoch": [
                139
            ]
        }
    ],
    "9": [
        {
            "t_F1": [
                73.93935652927193
            ],
            "e_F1": [
                62.825755356535105
            ],
            "epoch": [
                133
            ]
        }
    ],
    "10": [
        {
            "t_F1": [
                73.372444001472
            ],
            "e_F1": [
                63.02524282194979
            ],
            "epoch": [
                145
            ]
        }
    ],
    "average f1": [
        61.223748223587585
    ]
}