{
    "1": [
        {
            "t_F1": [
                81.67522535943588
            ],
            "e_F1": [
                61.05978519410401
            ],
            "epoch": [
                33
            ]
        }
    ],
    "2": [
        {
            "t_F1": [
                86.61852428202386
            ],
            "e_F1": [
                62.87762539486344
            ],
            "epoch": [
                35
            ]
        }
    ],
    "3": [
        {
            "t_F1": [
                87.68124678919283
            ],
            "e_F1": [
                61.03230995681644
            ],
            "epoch": [
                35
            ]
        }
    ],
    "4": [
        {
            "t_F1": [
                82.93392044372756
            ],
            "e_F1": [
                62.87964521036672
            ],
            "epoch": [
                35
            ]
        }
    ],
    "5": [
        {
            "t_F1": [
                87.09448222015769
            ],
            "e_F1": [
                64.09328620345451
            ],
            "epoch": [
                36
            ]
        }
    ],
    "6": [
        {
            "t_F1": [
                88.00473149235164
            ],
            "e_F1": [
                61.61576710036378
            ],
            "epoch": [
                38
            ]
        }
    ],
    "7": [
        {
            "t_F1": [
                88.5823563706862
            ],
            "e_F1": [
                62.67697515546977
            ],
            "epoch": [
                35
            ]
        }
    ],
    "8": [
        {
            "t_F1": [
                86.78347154381964
            ],
            "e_F1": [
                63.048540219475825
            ],
            "epoch": [
                38
            ]
        }
    ],
    "9": [
        {
            "t_F1": [
                88.80952950946056
            ],
            "e_F1": [
                60.198423988762315
            ],
            "epoch": [
                35
            ]
        }
    ],
    "10": [
        {
            "t_F1": [
                86.3656453764312
            ],
            "e_F1": [
                63.53822841019527
            ],
            "epoch": [
                41
            ]
        }
    ],
    "average f1": [
        62.302058683387216
    ]
}