{
    "1": [
        {
            "t_F1": [
                66.44113891203104
            ],
            "e_F1": [
                50.70225346349143
            ],
            "epoch": [
                115
            ]
        }
    ],
    "2": [
        {
            "t_F1": [
                70.37134789052948
            ],
            "e_F1": [
                57.71674192617454
            ],
            "epoch": [
                155
            ]
        }
    ],
    "3": [
        {
            "t_F1": [
                69.33312705822739
            ],
            "e_F1": [
                53.858056337829254
            ],
            "epoch": [
                140
            ]
        }
    ],
    "4": [
        {
            "t_F1": [
                66.50102711867967
            ],
            "e_F1": [
                58.310058255894404
            ],
            "epoch": [
                154
            ]
        }
    ],
    "5": [
        {
            "t_F1": [
                68.37116546765238
            ],
            "e_F1": [
                54.54282990250772
            ],
            "epoch": [
                125
            ]
        }
    ],
    "6": [
        {
            "t_F1": [
                72.16258694425679
            ],
            "e_F1": [
                58.04783994445604
            ],
            "epoch": [
                154
            ]
        }
    ],
    "7": [
        {
            "t_F1": [
                68.88318524504244
            ],
            "e_F1": [
                56.41235341003643
            ],
            "epoch": [
                128
            ]
        }
    ],
    "8": [
        {
            "t_F1": [
                68.34012694001777
            ],
            "e_F1": [
                57.90824929765343
            ],
            "epoch": [
                135
            ]
        }
    ],
    "9": [
        {
            "t_F1": [
                70.68636728526657
            ],
            "e_F1": [
                54.91246646329858
            ],
            "epoch": [
                147
            ]
        }
    ],
    "10": [
        {
            "t_F1": [
                70.7970987037977
            ],
            "e_F1": [
                58.245829886914315
            ],
            "epoch": [
                156
            ]
        }
    ],
    "average f1": [
        56.065667888825615
    ]
}