{
    "1": [
        {
            "t_F1": [
                92.5494972982356
            ],
            "e_F1": [
                61.1405931910915
            ],
            "epoch": [
                50
            ]
        }
    ],
    "2": [
        {
            "t_F1": [
                94.89797720122726
            ],
            "e_F1": [
                61.20593355327891
            ],
            "epoch": [
                46
            ]
        }
    ],
    "3": [
        {
            "t_F1": [
                95.11355080153284
            ],
            "e_F1": [
                58.147563256933225
            ],
            "epoch": [
                48
            ]
        }
    ],
    "4": [
        {
            "t_F1": [
                94.72153597585128
            ],
            "e_F1": [
                58.208062197253966
            ],
            "epoch": [
                47
            ]
        }
    ],
    "5": [
        {
            "t_F1": [
                96.38691939013452
            ],
            "e_F1": [
                62.59571085028013
            ],
            "epoch": [
                49
            ]
        }
    ],
    "6": [
        {
            "t_F1": [
                95.34602536825167
            ],
            "e_F1": [
                61.96257249972046
            ],
            "epoch": [
                49
            ]
        }
    ],
    "7": [
        {
            "t_F1": [
                91.68462083628631
            ],
            "e_F1": [
                60.54500862035164
            ],
            "epoch": [
                50
            ]
        }
    ],
    "8": [
        {
            "t_F1": [
                96.15160570004639
            ],
            "e_F1": [
                62.09747955936822
            ],
            "epoch": [
                52
            ]
        }
    ],
    "9": [
        {
            "t_F1": [
                94.07964633228801
            ],
            "e_F1": [
                61.56037611176372
            ],
            "epoch": [
                52
            ]
        }
    ],
    "10": [
        {
            "t_F1": [
                95.34231863102953
            ],
            "e_F1": [
                59.86390362962807
            ],
            "epoch": [
                51
            ]
        }
    ],
    "average f1": [
        60.732720346966985
    ]
}