{
    "1": [
        {
            "t_F1": [
                93.41991422087825
            ],
            "e_F1": [
                60.206721195968505
            ],
            "epoch": [
                45
            ]
        }
    ],
    "2": [
        {
            "t_F1": [
                93.41952580233817
            ],
            "e_F1": [
                61.617746243624616
            ],
            "epoch": [
                46
            ]
        }
    ],
    "3": [
        {
            "t_F1": [
                92.54174194812256
            ],
            "e_F1": [
                63.151825454271815
            ],
            "epoch": [
                45
            ]
        }
    ],
    "4": [
        {
            "t_F1": [
                93.25797872340426
            ],
            "e_F1": [
                60.748537767088436
            ],
            "epoch": [
                47
            ]
        }
    ],
    "5": [
        {
            "t_F1": [
                97.24930725403637
            ],
            "e_F1": [
                62.930941991481205
            ],
            "epoch": [
                46
            ]
        }
    ],
    "6": [
        {
            "t_F1": [
                94.06248024801555
            ],
            "e_F1": [
                62.89757279082888
            ],
            "epoch": [
                45
            ]
        }
    ],
    "7": [
        {
            "t_F1": [
                95.96956843092842
            ],
            "e_F1": [
                61.14301335728827
            ],
            "epoch": [
                46
            ]
        }
    ],
    "8": [
        {
            "t_F1": [
                94.24566290088146
            ],
            "e_F1": [
                62.006252282572426
            ],
            "epoch": [
                47
            ]
        }
    ],
    "9": [
        {
            "t_F1": [
                93.61653305772005
            ],
            "e_F1": [
                61.243361719687194
            ],
            "epoch": [
                49
            ]
        }
    ],
    "10": [
        {
            "t_F1": [
                93.1852631147883
            ],
            "e_F1": [
                63.07277846604104
            ],
            "epoch": [
                47
            ]
        }
    ],
    "average f1": [
        61.90187512688524
    ]
}