{
    "1": [
        {
            "t_F1": [
                88.14757147530155
            ],
            "e_F1": [
                61.80036297718785
            ],
            "epoch": [
                43
            ]
        }
    ],
    "2": [
        {
            "t_F1": [
                97.46193033257204
            ],
            "e_F1": [
                57.261991899673056
            ],
            "epoch": [
                42
            ]
        }
    ],
    "3": [
        {
            "t_F1": [
                91.07447105089534
            ],
            "e_F1": [
                60.77793306640478
            ],
            "epoch": [
                42
            ]
        }
    ],
    "4": [
        {
            "t_F1": [
                97.47236910727102
            ],
            "e_F1": [
                60.420179040781505
            ],
            "epoch": [
                45
            ]
        }
    ],
    "5": [
        {
            "t_F1": [
                94.70176834659594
            ],
            "e_F1": [
                60.47633130926784
            ],
            "epoch": [
                45
            ]
        }
    ],
    "6": [
        {
            "t_F1": [
                92.82493361847213
            ],
            "e_F1": [
                60.70015139052796
            ],
            "epoch": [
                48
            ]
        }
    ],
    "7": [
        {
            "t_F1": [
                96.39992086012133
            ],
            "e_F1": [
                59.84789868499052
            ],
            "epoch": [
                49
            ]
        }
    ],
    "8": [
        {
            "t_F1": [
                95.75834487141732
            ],
            "e_F1": [
                64.53352917945193
            ],
            "epoch": [
                51
            ]
        }
    ],
    "9": [
        {
            "t_F1": [
                94.89197641850775
            ],
            "e_F1": [
                59.97799817714705
            ],
            "epoch": [
                54
            ]
        }
    ],
    "10": [
        {
            "t_F1": [
                95.50387451175573
            ],
            "e_F1": [
                59.904220067318946
            ],
            "epoch": [
                48
            ]
        }
    ],
    "average f1": [
        60.57005957927514
    ]
}