{
    "1": [
        {
            "t_F1": [
                96.61757027385312
            ],
            "e_F1": [
                56.443300326734956
            ],
            "epoch": [
                9
            ]
        }
    ],
    "2": [
        {
            "t_F1": [
                94.45808536464928
            ],
            "e_F1": [
                53.87807326734835
            ],
            "epoch": [
                8
            ]
        }
    ],
    "3": [
        {
            "t_F1": [
                95.09291977419427
            ],
            "e_F1": [
                59.571821909789655
            ],
            "epoch": [
                8
            ]
        }
    ],
    "4": [
        {
            "t_F1": [
                92.59296115674681
            ],
            "e_F1": [
                57.22904646741907
            ],
            "epoch": [
                8
            ]
        }
    ],
    "5": [
        {
            "t_F1": [
                97.87821732554478
            ],
            "e_F1": [
                59.05926475046801
            ],
            "epoch": [
                10
            ]
        }
    ],
    "6": [
        {
            "t_F1": [
                95.08657001009104
            ],
            "e_F1": [
                59.16069622083753
            ],
            "epoch": [
                9
            ]
        }
    ],
    "7": [
        {
            "t_F1": [
                93.43527693483969
            ],
            "e_F1": [
                47.119108762086846
            ],
            "epoch": [
                8
            ]
        }
    ],
    "8": [
        {
            "t_F1": [
                93.86388358468369
            ],
            "e_F1": [
                60.567850790386956
            ],
            "epoch": [
                8
            ]
        }
    ],
    "9": [
        {
            "t_F1": [
                93.41050692602417
            ],
            "e_F1": [
                53.223486202224514
            ],
            "epoch": [
                8
            ]
        }
    ],
    "10": [
        {
            "t_F1": [
                94.30405124876707
            ],
            "e_F1": [
                60.872927591757666
            ],
            "epoch": [
                9
            ]
        }
    ],
    "average f1": [
        56.71255762890536
    ]
}