{
    "1": [
        {
            "t_F1": [
                70.90172064926958
            ],
            "e_F1": [
                58.40982861856978
            ],
            "epoch": [
                122
            ]
        }
    ],
    "2": [
        {
            "t_F1": [
                68.59614208714558
            ],
            "e_F1": [
                59.1638899325864
            ],
            "epoch": [
                108
            ]
        }
    ],
    "3": [
        {
            "t_F1": [
                73.0851475537765
            ],
            "e_F1": [
                61.44670465106882
            ],
            "epoch": [
                127
            ]
        }
    ],
    "4": [
        {
            "t_F1": [
                72.5211807552233
            ],
            "e_F1": [
                62.36665705203319
            ],
            "epoch": [
                146
            ]
        }
    ],
    "5": [
        {
            "t_F1": [
                69.94727131702892
            ],
            "e_F1": [
                62.78393490223129
            ],
            "epoch": [
                119
            ]
        }
    ],
    "6": [
        {
            "t_F1": [
                69.36107774623281
            ],
            "e_F1": [
                61.74977262158312
            ],
            "epoch": [
                130
            ]
        }
    ],
    "7": [
        {
            "t_F1": [
                70.15978549221154
            ],
            "e_F1": [
                60.874683450149355
            ],
            "epoch": [
                130
            ]
        }
    ],
    "8": [
        {
            "t_F1": [
                70.41009402413326
            ],
            "e_F1": [
                61.91860718646433
            ],
            "epoch": [
                131
            ]
        }
    ],
    "9": [
        {
            "t_F1": [
                70.59296426644266
            ],
            "e_F1": [
                58.39933472360287
            ],
            "epoch": [
                132
            ]
        }
    ],
    "10": [
        {
            "t_F1": [
                70.04946586709923
            ],
            "e_F1": [
                59.578556388417425
            ],
            "epoch": [
                142
            ]
        }
    ],
    "average f1": [
        60.66919695267065
    ]
}