{
    "1": [
        {
            "t_F1": [
                94.04812701862896
            ],
            "e_F1": [
                57.75552727095437
            ],
            "epoch": [
                46
            ]
        }
    ],
    "2": [
        {
            "t_F1": [
                97.65604643529268
            ],
            "e_F1": [
                58.05612436327453
            ],
            "epoch": [
                48
            ]
        }
    ],
    "3": [
        {
            "t_F1": [
                98.51214255849908
            ],
            "e_F1": [
                55.30826262461789
            ],
            "epoch": [
                48
            ]
        }
    ],
    "4": [
        {
            "t_F1": [
                99.14247459476397
            ],
            "e_F1": [
                57.89056438282225
            ],
            "epoch": [
                55
            ]
        }
    ],
    "5": [
        {
            "t_F1": [
                97.64778639784446
            ],
            "e_F1": [
                61.75013163686518
            ],
            "epoch": [
                49
            ]
        }
    ],
    "6": [
        {
            "t_F1": [
                95.33335735002709
            ],
            "e_F1": [
                58.816884917597775
            ],
            "epoch": [
                48
            ]
        }
    ],
    "7": [
        {
            "t_F1": [
                97.6656966151325
            ],
            "e_F1": [
                59.76065091484279
            ],
            "epoch": [
                51
            ]
        }
    ],
    "8": [
        {
            "t_F1": [
                92.80410810993736
            ],
            "e_F1": [
                58.40241893340532
            ],
            "epoch": [
                43
            ]
        }
    ],
    "9": [
        {
            "t_F1": [
                98.30357350981261
            ],
            "e_F1": [
                55.38645046709563
            ],
            "epoch": [
                47
            ]
        }
    ],
    "10": [
        {
            "t_F1": [
                92.32139496340483
            ],
            "e_F1": [
                58.50443356211201
            ],
            "epoch": [
                51
            ]
        }
    ],
    "average f1": [
        58.16314490735878
    ]
}