{
    "1": [
        {
            "t_F1": [
                86.1851199329618
            ],
            "e_F1": [
                59.5067116381536
            ],
            "epoch": [
                35
            ]
        }
    ],
    "2": [
        {
            "t_F1": [
                86.62789396545675
            ],
            "e_F1": [
                64.48566354712368
            ],
            "epoch": [
                37
            ]
        }
    ],
    "3": [
        {
            "t_F1": [
                86.05632559733827
            ],
            "e_F1": [
                59.16455077606263
            ],
            "epoch": [
                33
            ]
        }
    ],
    "4": [
        {
            "t_F1": [
                88.72167007990652
            ],
            "e_F1": [
                62.997889770430604
            ],
            "epoch": [
                39
            ]
        }
    ],
    "5": [
        {
            "t_F1": [
                88.09680259769107
            ],
            "e_F1": [
                62.44824939832849
            ],
            "epoch": [
                37
            ]
        }
    ],
    "6": [
        {
            "t_F1": [
                89.39048055119484
            ],
            "e_F1": [
                63.962241792340826
            ],
            "epoch": [
                35
            ]
        }
    ],
    "7": [
        {
            "t_F1": [
                85.40708761927613
            ],
            "e_F1": [
                59.56390595619708
            ],
            "epoch": [
                36
            ]
        }
    ],
    "8": [
        {
            "t_F1": [
                87.80743935073234
            ],
            "e_F1": [
                63.37039150658972
            ],
            "epoch": [
                34
            ]
        }
    ],
    "9": [
        {
            "t_F1": [
                90.44343783721655
            ],
            "e_F1": [
                60.84325199127716
            ],
            "epoch": [
                44
            ]
        }
    ],
    "10": [
        {
            "t_F1": [
                88.75386969089803
            ],
            "e_F1": [
                63.61813933087548
            ],
            "epoch": [
                40
            ]
        }
    ],
    "average f1": [
        61.99609957073792
    ]
}