{
    "1": [
        {
            "t_F1": [
                69.29149351508161
            ],
            "e_F1": [
                55.099355531686356
            ],
            "epoch": [
                106
            ]
        }
    ],
    "2": [
        {
            "t_F1": [
                67.74198654126968
            ],
            "e_F1": [
                60.89931082286215
            ],
            "epoch": [
                124
            ]
        }
    ],
    "3": [
        {
            "t_F1": [
                70.5634850183765
            ],
            "e_F1": [
                57.11043042797378
            ],
            "epoch": [
                113
            ]
        }
    ],
    "4": [
        {
            "t_F1": [
                70.1925370022931
            ],
            "e_F1": [
                60.47797157663561
            ],
            "epoch": [
                133
            ]
        }
    ],
    "5": [
        {
            "t_F1": [
                71.19553394784418
            ],
            "e_F1": [
                55.991789389303584
            ],
            "epoch": [
                126
            ]
        }
    ],
    "6": [
        {
            "t_F1": [
                74.08467405658809
            ],
            "e_F1": [
                62.074869047307836
            ],
            "epoch": [
                150
            ]
        }
    ],
    "7": [
        {
            "t_F1": [
                71.23561708466775
            ],
            "e_F1": [
                58.113802078848195
            ],
            "epoch": [
                143
            ]
        }
    ],
    "8": [
        {
            "t_F1": [
                72.8364260033316
            ],
            "e_F1": [
                59.686669571440085
            ],
            "epoch": [
                121
            ]
        }
    ],
    "9": [
        {
            "t_F1": [
                73.9398703319116
            ],
            "e_F1": [
                58.98845322378716
            ],
            "epoch": [
                132
            ]
        }
    ],
    "10": [
        {
            "t_F1": [
                69.1192389828625
            ],
            "e_F1": [
                61.428766031845086
            ],
            "epoch": [
                130
            ]
        }
    ],
    "average f1": [
        58.987141770168975
    ]
}