{
    "1": [
        {
            "t_F1": [
                83.42741572561314
            ],
            "e_F1": [
                57.45143677777629
            ],
            "epoch": [
                29
            ]
        }
    ],
    "2": [
        {
            "t_F1": [
                80.09139447182207
            ],
            "e_F1": [
                61.08297823471697
            ],
            "epoch": [
                28
            ]
        }
    ],
    "average f1": [
        59.26720750624663
    ]
}