{
    "1": [
        {
            "t_F1": [
                100.0
            ],
            "e_F1": [
                58.612185270971636
            ],
            "epoch": [
                24
            ]
        }
    ],
    "2": [
        {
            "t_F1": [
                100.0
            ],
            "e_F1": [
                58.04053406102885
            ],
            "epoch": [
                22
            ]
        }
    ],
    "3": [
        {
            "t_F1": [
                100.0
            ],
            "e_F1": [
                60.869242562180524
            ],
            "epoch": [
                23
            ]
        }
    ],
    "4": [
        {
            "t_F1": [
                100.0
            ],
            "e_F1": [
                61.676469508692634
            ],
            "epoch": [
                23
            ]
        }
    ],
    "5": [
        {
            "t_F1": [
                100.0
            ],
            "e_F1": [
                59.17713731775645
            ],
            "epoch": [
                23
            ]
        }
    ],
    "6": [
        {
            "t_F1": [
                100.0
            ],
            "e_F1": [
                60.51305436337625
            ],
            "epoch": [
                23
            ]
        }
    ],
    "7": [
        {
            "t_F1": [
                99.78632088393753
            ],
            "e_F1": [
                61.09505352528608
            ],
            "epoch": [
                22
            ]
        }
    ],
    "8": [
        {
            "t_F1": [
                100.0
            ],
            "e_F1": [
                59.41435257061336
            ],
            "epoch": [
                23
            ]
        }
    ],
    "9": [
        {
            "t_F1": [
                100.0
            ],
            "e_F1": [
                61.46329413702253
            ],
            "epoch": [
                24
            ]
        }
    ],
    "10": [
        {
            "t_F1": [
                100.0
            ],
            "e_F1": [
                61.43499776085983
            ],
            "epoch": [
                23
            ]
        }
    ],
    "average f1": [
        60.22963210777881
    ]
}