{
    "1": [
        {
            "t_F1": [
                99.369374323395
            ],
            "e_F1": [
                57.289151920693286
            ],
            "epoch": [
                14
            ]
        }
    ],
    "2": [
        {
            "t_F1": [
                99.57627118644068
            ],
            "e_F1": [
                58.819081975465146
            ],
            "epoch": [
                13
            ]
        }
    ],
    "average f1": [
        58.05411694807921
    ]
}