{
    "1": [
        {
            "t_F1": [
                74.04659704871122
            ],
            "e_F1": [
                57.25594780108113
            ],
            "epoch": [
                166
            ]
        }
    ],
    "2": [
        {
            "t_F1": [
                74.19844982539081
            ],
            "e_F1": [
                62.156878458099165
            ],
            "epoch": [
                157
            ]
        }
    ],
    "3": [
        {
            "t_F1": [
                74.85338506820463
            ],
            "e_F1": [
                59.41888122418499
            ],
            "epoch": [
                148
            ]
        }
    ],
    "4": [
        {
            "t_F1": [
                73.41956389659188
            ],
            "e_F1": [
                61.943467664765286
            ],
            "epoch": [
                156
            ]
        }
    ],
    "5": [
        {
            "t_F1": [
                71.87665816866615
            ],
            "e_F1": [
                57.74911520579802
            ],
            "epoch": [
                140
            ]
        }
    ],
    "6": [
        {
            "t_F1": [
                71.04575729957605
            ],
            "e_F1": [
                64.32532904805632
            ],
            "epoch": [
                153
            ]
        }
    ],
    "7": [
        {
            "t_F1": [
                72.87318015616233
            ],
            "e_F1": [
                58.25823680067476
            ],
            "epoch": [
                160
            ]
        }
    ],
    "8": [
        {
            "t_F1": [
                71.9350526836951
            ],
            "e_F1": [
                60.26720733844317
            ],
            "epoch": [
                147
            ]
        }
    ],
    "9": [
        {
            "t_F1": [
                74.56192031526561
            ],
            "e_F1": [
                57.597462178378166
            ],
            "epoch": [
                148
            ]
        }
    ],
    "10": [
        {
            "t_F1": [
                73.26104499098706
            ],
            "e_F1": [
                60.11262354254685
            ],
            "epoch": [
                161
            ]
        }
    ],
    "average f1": [
        59.908514926202784
    ]
}