{
    "1": [
        {
            "t_F1": [
                83.28403456483184
            ],
            "e_F1": [
                60.39415556263048
            ],
            "epoch": [
                35
            ]
        }
    ],
    "2": [
        {
            "t_F1": [
                87.6814897811957
            ],
            "e_F1": [
                62.99032268459074
            ],
            "epoch": [
                31
            ]
        }
    ],
    "3": [
        {
            "t_F1": [
                88.03262767299148
            ],
            "e_F1": [
                58.93630774504107
            ],
            "epoch": [
                32
            ]
        }
    ],
    "4": [
        {
            "t_F1": [
                84.13165892062878
            ],
            "e_F1": [
                61.09445532453823
            ],
            "epoch": [
                33
            ]
        }
    ],
    "5": [
        {
            "t_F1": [
                83.7072441024034
            ],
            "e_F1": [
                61.62241828900865
            ],
            "epoch": [
                32
            ]
        }
    ],
    "6": [
        {
            "t_F1": [
                85.78211055544324
            ],
            "e_F1": [
                60.44997024686871
            ],
            "epoch": [
                33
            ]
        }
    ],
    "7": [
        {
            "t_F1": [
                88.1415512434234
            ],
            "e_F1": [
                61.673871813792445
            ],
            "epoch": [
                36
            ]
        }
    ],
    "8": [
        {
            "t_F1": [
                88.32700320365954
            ],
            "e_F1": [
                61.241615150447316
            ],
            "epoch": [
                36
            ]
        }
    ],
    "9": [
        {
            "t_F1": [
                87.26522331373998
            ],
            "e_F1": [
                62.40524312186676
            ],
            "epoch": [
                34
            ]
        }
    ],
    "10": [
        {
            "t_F1": [
                84.0424419917759
            ],
            "e_F1": [
                63.13091895710641
            ],
            "epoch": [
                35
            ]
        }
    ],
    "average f1": [
        61.39392788958908
    ]
}