{
    "1": [
        {
            "t_F1": [
                100.0
            ],
            "e_F1": [
                58.42101817468307
            ],
            "epoch": [
                29
            ]
        }
    ],
    "2": [
        {
            "t_F1": [
                100.0
            ],
            "e_F1": [
                59.16155477490187
            ],
            "epoch": [
                28
            ]
        }
    ],
    "3": [
        {
            "t_F1": [
                100.0
            ],
            "e_F1": [
                58.32415574925622
            ],
            "epoch": [
                29
            ]
        }
    ],
    "4": [
        {
            "t_F1": [
                100.0
            ],
            "e_F1": [
                57.37725925365872
            ],
            "epoch": [
                28
            ]
        }
    ],
    "5": [
        {
            "t_F1": [
                100.0
            ],
            "e_F1": [
                58.51470321592218
            ],
            "epoch": [
                28
            ]
        }
    ],
    "6": [
        {
            "t_F1": [
                100.0
            ],
            "e_F1": [
                56.33226846588916
            ],
            "epoch": [
                29
            ]
        }
    ],
    "7": [
        {
            "t_F1": [
                100.0
            ],
            "e_F1": [
                58.67918495261589
            ],
            "epoch": [
                29
            ]
        }
    ],
    "8": [
        {
            "t_F1": [
                100.0
            ],
            "e_F1": [
                59.36527984097552
            ],
            "epoch": [
                29
            ]
        }
    ],
    "9": [
        {
            "t_F1": [
                100.0
            ],
            "e_F1": [
                60.54258288566076
            ],
            "epoch": [
                30
            ]
        }
    ],
    "10": [
        {
            "t_F1": [
                100.0
            ],
            "e_F1": [
                58.799167933375514
            ],
            "epoch": [
                29
            ]
        }
    ],
    "average f1": [
        58.5517175246939
    ]
}