{
    "1": [
        {
            "t_F1": [
                75.20266646895526
            ],
            "e_F1": [
                55.28852473764596
            ],
            "epoch": [
                179
            ]
        }
    ],
    "2": [
        {
            "t_F1": [
                75.14605096402896
            ],
            "e_F1": [
                59.37700749977641
            ],
            "epoch": [
                154
            ]
        }
    ],
    "3": [
        {
            "t_F1": [
                75.55321912523748
            ],
            "e_F1": [
                60.30821884196492
            ],
            "epoch": [
                159
            ]
        }
    ],
    "4": [
        {
            "t_F1": [
                70.5315997384109
            ],
            "e_F1": [
                59.87057213285619
            ],
            "epoch": [
                152
            ]
        }
    ],
    "5": [
        {
            "t_F1": [
                74.49113594629625
            ],
            "e_F1": [
                59.17008861742201
            ],
            "epoch": [
                158
            ]
        }
    ],
    "6": [
        {
            "t_F1": [
                72.23077090013301
            ],
            "e_F1": [
                62.023412962786715
            ],
            "epoch": [
                171
            ]
        }
    ],
    "7": [
        {
            "t_F1": [
                73.17919288980657
            ],
            "e_F1": [
                57.47040579185796
            ],
            "epoch": [
                166
            ]
        }
    ],
    "8": [
        {
            "t_F1": [
                74.39463794235579
            ],
            "e_F1": [
                59.54439522111761
            ],
            "epoch": [
                140
            ]
        }
    ],
    "9": [
        {
            "t_F1": [
                75.16933487425983
            ],
            "e_F1": [
                57.395773762562065
            ],
            "epoch": [
                159
            ]
        }
    ],
    "10": [
        {
            "t_F1": [
                72.50238792697273
            ],
            "e_F1": [
                61.00969006666712
            ],
            "epoch": [
                176
            ]
        }
    ],
    "average f1": [
        59.1458089634657
    ]
}