{
    "1": [
        {
            "t_F1": [
                96.18368040847697
            ],
            "e_F1": [
                58.92463014731789
            ],
            "epoch": [
                53
            ]
        }
    ],
    "2": [
        {
            "t_F1": [
                97.46214890218316
            ],
            "e_F1": [
                58.6488969985785
            ],
            "epoch": [
                55
            ]
        }
    ],
    "3": [
        {
            "t_F1": [
                94.05715888531654
            ],
            "e_F1": [
                58.297712451240244
            ],
            "epoch": [
                47
            ]
        }
    ],
    "4": [
        {
            "t_F1": [
                98.51752257143227
            ],
            "e_F1": [
                61.057490701644866
            ],
            "epoch": [
                50
            ]
        }
    ],
    "5": [
        {
            "t_F1": [
                95.96102691983899
            ],
            "e_F1": [
                59.68289033996063
            ],
            "epoch": [
                55
            ]
        }
    ],
    "6": [
        {
            "t_F1": [
                97.88312372277672
            ],
            "e_F1": [
                59.96521044315162
            ],
            "epoch": [
                53
            ]
        }
    ],
    "7": [
        {
            "t_F1": [
                94.49577367174157
            ],
            "e_F1": [
                61.490805672121006
            ],
            "epoch": [
                54
            ]
        }
    ],
    "8": [
        {
            "t_F1": [
                95.08212492601177
            ],
            "e_F1": [
                61.51334041683712
            ],
            "epoch": [
                52
            ]
        }
    ],
    "9": [
        {
            "t_F1": [
                96.392045591201
            ],
            "e_F1": [
                62.696089337501995
            ],
            "epoch": [
                56
            ]
        }
    ],
    "10": [
        {
            "t_F1": [
                96.17938469252151
            ],
            "e_F1": [
                61.56954076044936
            ],
            "epoch": [
                52
            ]
        }
    ],
    "average f1": [
        60.38466072688033
    ]
}