{
    "1": [
        {
            "t_F1": [
                63.96623453439161
            ],
            "e_F1": [
                54.17125470878007
            ],
            "epoch": [
                105
            ]
        }
    ],
    "2": [
        {
            "t_F1": [
                68.52003449170094
            ],
            "e_F1": [
                59.37191463507253
            ],
            "epoch": [
                127
            ]
        }
    ],
    "3": [
        {
            "t_F1": [
                71.24838064099187
            ],
            "e_F1": [
                56.79402202618753
            ],
            "epoch": [
                128
            ]
        }
    ],
    "4": [
        {
            "t_F1": [
                69.2266784912197
            ],
            "e_F1": [
                60.5165394283378
            ],
            "epoch": [
                156
            ]
        }
    ],
    "5": [
        {
            "t_F1": [
                67.44585809687418
            ],
            "e_F1": [
                58.19314914451245
            ],
            "epoch": [
                129
            ]
        }
    ],
    "6": [
        {
            "t_F1": [
                69.48766571228853
            ],
            "e_F1": [
                57.88197116390377
            ],
            "epoch": [
                115
            ]
        }
    ],
    "7": [
        {
            "t_F1": [
                71.23899063457722
            ],
            "e_F1": [
                56.912165748345586
            ],
            "epoch": [
                146
            ]
        }
    ],
    "8": [
        {
            "t_F1": [
                68.00451183529816
            ],
            "e_F1": [
                60.81105917358101
            ],
            "epoch": [
                127
            ]
        }
    ],
    "9": [
        {
            "t_F1": [
                72.99340226119043
            ],
            "e_F1": [
                59.86739937029181
            ],
            "epoch": [
                128
            ]
        }
    ],
    "10": [
        {
            "t_F1": [
                71.87610928021275
            ],
            "e_F1": [
                61.93420216147489
            ],
            "epoch": [
                157
            ]
        }
    ],
    "average f1": [
        58.64536775604874
    ]
}