{
    "1": [
        {
            "t_F1": [
                100.0
            ],
            "e_F1": [
                59.00140226729464
            ],
            "epoch": [
                49
            ]
        }
    ],
    "2": [
        {
            "t_F1": [
                100.0
            ],
            "e_F1": [
                58.249831214537096
            ],
            "epoch": [
                48
            ]
        }
    ],
    "3": [
        {
            "t_F1": [
                100.0
            ],
            "e_F1": [
                60.57025680753176
            ],
            "epoch": [
                48
            ]
        }
    ],
    "4": [
        {
            "t_F1": [
                100.0
            ],
            "e_F1": [
                59.68572315079489
            ],
            "epoch": [
                48
            ]
        }
    ],
    "5": [
        {
            "t_F1": [
                100.0
            ],
            "e_F1": [
                60.5893015030946
            ],
            "epoch": [
                49
            ]
        }
    ],
    "6": [
        {
            "t_F1": [
                100.0
            ],
            "e_F1": [
                61.50101974199637
            ],
            "epoch": [
                52
            ]
        }
    ],
    "7": [
        {
            "t_F1": [
                100.0
            ],
            "e_F1": [
                59.73019009975532
            ],
            "epoch": [
                49
            ]
        }
    ],
    "8": [
        {
            "t_F1": [
                100.0
            ],
            "e_F1": [
                58.36150937689051
            ],
            "epoch": [
                49
            ]
        }
    ],
    "9": [
        {
            "t_F1": [
                100.0
            ],
            "e_F1": [
                61.231145819029834
            ],
            "epoch": [
                48
            ]
        }
    ],
    "10": [
        {
            "t_F1": [
                100.0
            ],
            "e_F1": [
                60.39521323979498
            ],
            "epoch": [
                48
            ]
        }
    ],
    "average f1": [
        59.931559322072
    ]
}