{
    "1": [
        {
            "t_F1": [
                88.95096619422955
            ],
            "e_F1": [
                60.54520246444686
            ],
            "epoch": [
                37
            ]
        }
    ],
    "2": [
        {
            "t_F1": [
                91.94562520059807
            ],
            "e_F1": [
                60.992310407341456
            ],
            "epoch": [
                40
            ]
        }
    ],
    "3": [
        {
            "t_F1": [
                94.473490263473
            ],
            "e_F1": [
                58.49867596004137
            ],
            "epoch": [
                37
            ]
        }
    ],
    "4": [
        {
            "t_F1": [
                91.11964380759107
            ],
            "e_F1": [
                62.36025170657899
            ],
            "epoch": [
                44
            ]
        }
    ],
    "5": [
        {
            "t_F1": [
                90.8492051182171
            ],
            "e_F1": [
                62.034531019566494
            ],
            "epoch": [
                41
            ]
        }
    ],
    "6": [
        {
            "t_F1": [
                92.5949181813729
            ],
            "e_F1": [
                59.11591717866207
            ],
            "epoch": [
                47
            ]
        }
    ],
    "7": [
        {
            "t_F1": [
                92.09981877415878
            ],
            "e_F1": [
                59.63085950885103
            ],
            "epoch": [
                39
            ]
        }
    ],
    "8": [
        {
            "t_F1": [
                90.44919078362919
            ],
            "e_F1": [
                62.762711267238636
            ],
            "epoch": [
                39
            ]
        }
    ],
    "9": [
        {
            "t_F1": [
                95.1444902820818
            ],
            "e_F1": [
                62.52223390084044
            ],
            "epoch": [
                42
            ]
        }
    ],
    "10": [
        {
            "t_F1": [
                91.72581432860476
            ],
            "e_F1": [
                63.78892345167571
            ],
            "epoch": [
                41
            ]
        }
    ],
    "average f1": [
        61.2251616865243
    ]
}