{
    "1": [
        {
            "t_F1": [
                100.0
            ],
            "e_F1": [
                58.54882356054338
            ],
            "epoch": [
                24
            ]
        }
    ],
    "2": [
        {
            "t_F1": [
                100.0
            ],
            "e_F1": [
                61.847805538900566
            ],
            "epoch": [
                23
            ]
        }
    ],
    "3": [
        {
            "t_F1": [
                100.0
            ],
            "e_F1": [
                55.1396817402912
            ],
            "epoch": [
                24
            ]
        }
    ],
    "4": [
        {
            "t_F1": [
                100.0
            ],
            "e_F1": [
                56.64954850800651
            ],
            "epoch": [
                24
            ]
        }
    ],
    "5": [
        {
            "t_F1": [
                100.0
            ],
            "e_F1": [
                62.10159794092092
            ],
            "epoch": [
                25
            ]
        }
    ],
    "6": [
        {
            "t_F1": [
                100.0
            ],
            "e_F1": [
                56.68826117060321
            ],
            "epoch": [
                24
            ]
        }
    ],
    "7": [
        {
            "t_F1": [
                100.0
            ],
            "e_F1": [
                58.73935514461831
            ],
            "epoch": [
                25
            ]
        }
    ],
    "8": [
        {
            "t_F1": [
                99.79157620495006
            ],
            "e_F1": [
                61.21288669129494
            ],
            "epoch": [
                23
            ]
        }
    ],
    "9": [
        {
            "t_F1": [
                100.0
            ],
            "e_F1": [
                58.966732063371516
            ],
            "epoch": [
                23
            ]
        }
    ],
    "10": [
        {
            "t_F1": [
                100.0
            ],
            "e_F1": [
                59.199927648350595
            ],
            "epoch": [
                24
            ]
        }
    ],
    "average f1": [
        58.90946200069011
    ]
}