{
    "1": [
        {
            "t_F1": [
                89.41413619532968
            ],
            "e_F1": [
                58.04630683788162
            ],
            "epoch": [
                43
            ]
        }
    ],
    "2": [
        {
            "t_F1": [
                87.25750232719855
            ],
            "e_F1": [
                59.71413638522377
            ],
            "epoch": [
                38
            ]
        }
    ],
    "3": [
        {
            "t_F1": [
                93.41582599174703
            ],
            "e_F1": [
                58.726976000943075
            ],
            "epoch": [
                38
            ]
        }
    ],
    "4": [
        {
            "t_F1": [
                89.16128834202888
            ],
            "e_F1": [
                59.90577943849746
            ],
            "epoch": [
                37
            ]
        }
    ],
    "5": [
        {
            "t_F1": [
                91.3236733128234
            ],
            "e_F1": [
                61.51403582695062
            ],
            "epoch": [
                43
            ]
        }
    ],
    "6": [
        {
            "t_F1": [
                91.76348447965199
            ],
            "e_F1": [
                60.774930314687396
            ],
            "epoch": [
                44
            ]
        }
    ],
    "7": [
        {
            "t_F1": [
                90.23368752659057
            ],
            "e_F1": [
                61.25128380342622
            ],
            "epoch": [
                42
            ]
        }
    ],
    "8": [
        {
            "t_F1": [
                91.32220610383894
            ],
            "e_F1": [
                61.55531182748519
            ],
            "epoch": [
                39
            ]
        }
    ],
    "9": [
        {
            "t_F1": [
                92.5701516394798
            ],
            "e_F1": [
                63.565796213434
            ],
            "epoch": [
                42
            ]
        }
    ],
    "10": [
        {
            "t_F1": [
                91.28056363429471
            ],
            "e_F1": [
                66.15907716929958
            ],
            "epoch": [
                43
            ]
        }
    ],
    "average f1": [
        61.1213633817829
    ]
}