{
    "1": [
        {
            "t_F1": [
                59.56281726819807
            ],
            "e_F1": [
                51.226820053224934
            ],
            "epoch": [
                83
            ]
        }
    ],
    "2": [
        {
            "t_F1": [
                70.42870430947923
            ],
            "e_F1": [
                62.521366867326456
            ],
            "epoch": [
                133
            ]
        }
    ],
    "3": [
        {
            "t_F1": [
                73.02248080794665
            ],
            "e_F1": [
                59.64740197143065
            ],
            "epoch": [
                140
            ]
        }
    ],
    "4": [
        {
            "t_F1": [
                68.12284863910988
            ],
            "e_F1": [
                62.06694016591655
            ],
            "epoch": [
                130
            ]
        }
    ],
    "5": [
        {
            "t_F1": [
                63.587681371286074
            ],
            "e_F1": [
                55.73543739193701
            ],
            "epoch": [
                85
            ]
        }
    ],
    "6": [
        {
            "t_F1": [
                70.02483590341114
            ],
            "e_F1": [
                60.98460218368382
            ],
            "epoch": [
                126
            ]
        }
    ],
    "7": [
        {
            "t_F1": [
                70.84226454204399
            ],
            "e_F1": [
                54.1322401355165
            ],
            "epoch": [
                144
            ]
        }
    ],
    "8": [
        {
            "t_F1": [
                66.0640393862251
            ],
            "e_F1": [
                58.979395479791584
            ],
            "epoch": [
                104
            ]
        }
    ],
    "9": [
        {
            "t_F1": [
                71.49441289872507
            ],
            "e_F1": [
                55.8448062194314
            ],
            "epoch": [
                131
            ]
        }
    ],
    "10": [
        {
            "t_F1": [
                67.82793713331384
            ],
            "e_F1": [
                60.07609102146396
            ],
            "epoch": [
                119
            ]
        }
    ],
    "average f1": [
        58.12151014897229
    ]
}