{
    "1": [
        {
            "t_F1": [
                88.49009055296051
            ],
            "e_F1": [
                54.54758309024508
            ],
            "epoch": [
                36
            ]
        }
    ],
    "2": [
        {
            "t_F1": [
                92.61452777394163
            ],
            "e_F1": [
                59.35605647332527
            ],
            "epoch": [
                37
            ]
        }
    ],
    "3": [
        {
            "t_F1": [
                91.86477466911057
            ],
            "e_F1": [
                57.27759466618506
            ],
            "epoch": [
                39
            ]
        }
    ],
    "4": [
        {
            "t_F1": [
                89.41018391701066
            ],
            "e_F1": [
                59.65729508385172
            ],
            "epoch": [
                42
            ]
        }
    ],
    "5": [
        {
            "t_F1": [
                92.9745065600857
            ],
            "e_F1": [
                60.64042295191603
            ],
            "epoch": [
                39
            ]
        }
    ],
    "6": [
        {
            "t_F1": [
                90.0220080805983
            ],
            "e_F1": [
                59.96760109334331
            ],
            "epoch": [
                39
            ]
        }
    ],
    "7": [
        {
            "t_F1": [
                91.09434328644585
            ],
            "e_F1": [
                58.30094387238323
            ],
            "epoch": [
                42
            ]
        }
    ],
    "8": [
        {
            "t_F1": [
                90.83808308449426
            ],
            "e_F1": [
                57.745820877070585
            ],
            "epoch": [
                41
            ]
        }
    ],
    "9": [
        {
            "t_F1": [
                88.0735097796971
            ],
            "e_F1": [
                59.41618869496635
            ],
            "epoch": [
                41
            ]
        }
    ],
    "10": [
        {
            "t_F1": [
                89.58214284833004
            ],
            "e_F1": [
                59.631520566883076
            ],
            "epoch": [
                41
            ]
        }
    ],
    "average f1": [
        58.65410273701697
    ]
}