{
    "1": [
        {
            "t_F1": [
                95.10614214147621
            ],
            "e_F1": [
                58.00412342576278
            ],
            "epoch": [
                47
            ]
        }
    ],
    "2": [
        {
            "t_F1": [
                97.04896578184741
            ],
            "e_F1": [
                55.61194548241832
            ],
            "epoch": [
                45
            ]
        }
    ],
    "3": [
        {
            "t_F1": [
                96.60881793265233
            ],
            "e_F1": [
                55.7073595170917
            ],
            "epoch": [
                45
            ]
        }
    ],
    "4": [
        {
            "t_F1": [
                94.90932456040551
            ],
            "e_F1": [
                60.88643681695613
            ],
            "epoch": [
                52
            ]
        }
    ],
    "5": [
        {
            "t_F1": [
                98.51312741909487
            ],
            "e_F1": [
                60.084934884947415
            ],
            "epoch": [
                48
            ]
        }
    ],
    "6": [
        {
            "t_F1": [
                94.4704898576576
            ],
            "e_F1": [
                56.17868027692491
            ],
            "epoch": [
                46
            ]
        }
    ],
    "7": [
        {
            "t_F1": [
                94.28034968987451
            ],
            "e_F1": [
                62.017287195248194
            ],
            "epoch": [
                47
            ]
        }
    ],
    "8": [
        {
            "t_F1": [
                97.24427277610181
            ],
            "e_F1": [
                61.05241839526796
            ],
            "epoch": [
                47
            ]
        }
    ],
    "9": [
        {
            "t_F1": [
                96.61161460810767
            ],
            "e_F1": [
                59.57083925735729
            ],
            "epoch": [
                45
            ]
        }
    ],
    "10": [
        {
            "t_F1": [
                97.43491072469179
            ],
            "e_F1": [
                59.8115234054456
            ],
            "epoch": [
                50
            ]
        }
    ],
    "average f1": [
        58.89255486574202
    ]
}