{
    "1": [
        {
            "t_F1": [
                88.03216554217653
            ],
            "e_F1": [
                61.56897456071335
            ],
            "epoch": [
                40
            ]
        }
    ],
    "2": [
        {
            "t_F1": [
                90.88591067241842
            ],
            "e_F1": [
                62.484428448567755
            ],
            "epoch": [
                41
            ]
        }
    ],
    "3": [
        {
            "t_F1": [
                91.72189281087938
            ],
            "e_F1": [
                59.11456437887899
            ],
            "epoch": [
                36
            ]
        }
    ],
    "4": [
        {
            "t_F1": [
                89.16296698559503
            ],
            "e_F1": [
                63.646538243312435
            ],
            "epoch": [
                39
            ]
        }
    ],
    "5": [
        {
            "t_F1": [
                91.49907788431693
            ],
            "e_F1": [
                61.816384081435835
            ],
            "epoch": [
                43
            ]
        }
    ],
    "6": [
        {
            "t_F1": [
                88.34260555382535
            ],
            "e_F1": [
                60.71413635917311
            ],
            "epoch": [
                40
            ]
        }
    ],
    "7": [
        {
            "t_F1": [
                87.05259672935014
            ],
            "e_F1": [
                62.90120534221983
            ],
            "epoch": [
                38
            ]
        }
    ],
    "8": [
        {
            "t_F1": [
                86.7243127576366
            ],
            "e_F1": [
                63.0711420430365
            ],
            "epoch": [
                40
            ]
        }
    ],
    "9": [
        {
            "t_F1": [
                90.03705501540354
            ],
            "e_F1": [
                63.326702318823955
            ],
            "epoch": [
                40
            ]
        }
    ],
    "10": [
        {
            "t_F1": [
                91.90996505452121
            ],
            "e_F1": [
                63.6782195541606
            ],
            "epoch": [
                48
            ]
        }
    ],
    "average f1": [
        62.23222953303224
    ]
}