{
    "1": [
        {
            "t_F1": [
                100.0
            ],
            "e_F1": [
                60.28957755350943
            ],
            "epoch": [
                18
            ]
        }
    ],
    "2": [
        {
            "t_F1": [
                100.0
            ],
            "e_F1": [
                60.41198104512105
            ],
            "epoch": [
                19
            ]
        }
    ],
    "3": [
        {
            "t_F1": [
                100.0
            ],
            "e_F1": [
                58.39582501550235
            ],
            "epoch": [
                19
            ]
        }
    ],
    "4": [
        {
            "t_F1": [
                99.79157620495006
            ],
            "e_F1": [
                59.173173198632036
            ],
            "epoch": [
                19
            ]
        }
    ],
    "5": [
        {
            "t_F1": [
                100.0
            ],
            "e_F1": [
                60.83682560955288
            ],
            "epoch": [
                20
            ]
        }
    ],
    "6": [
        {
            "t_F1": [
                100.0
            ],
            "e_F1": [
                56.7182216140911
            ],
            "epoch": [
                18
            ]
        }
    ],
    "7": [
        {
            "t_F1": [
                100.0
            ],
            "e_F1": [
                61.24798083239943
            ],
            "epoch": [
                19
            ]
        }
    ],
    "8": [
        {
            "t_F1": [
                100.0
            ],
            "e_F1": [
                58.315025691972814
            ],
            "epoch": [
                19
            ]
        }
    ],
    "9": [
        {
            "t_F1": [
                99.78632088393753
            ],
            "e_F1": [
                62.548065696014035
            ],
            "epoch": [
                18
            ]
        }
    ],
    "10": [
        {
            "t_F1": [
                97.02356019051149
            ],
            "e_F1": [
                55.370320566445976
            ],
            "epoch": [
                18
            ]
        }
    ],
    "average f1": [
        59.33069968232412
    ]
}