{
    "1": [
        {
            "t_F1": [
                74.9717667944835
            ],
            "e_F1": [
                57.768116087973056
            ],
            "epoch": [
                150
            ]
        }
    ],
    "2": [
        {
            "t_F1": [
                74.63273097940939
            ],
            "e_F1": [
                62.95450618664717
            ],
            "epoch": [
                145
            ]
        }
    ],
    "3": [
        {
            "t_F1": [
                70.75854564302392
            ],
            "e_F1": [
                61.40101852244605
            ],
            "epoch": [
                129
            ]
        }
    ],
    "4": [
        {
            "t_F1": [
                76.29217273954116
            ],
            "e_F1": [
                63.31248901122866
            ],
            "epoch": [
                156
            ]
        }
    ],
    "5": [
        {
            "t_F1": [
                74.98548949868749
            ],
            "e_F1": [
                60.82802258626893
            ],
            "epoch": [
                123
            ]
        }
    ],
    "6": [
        {
            "t_F1": [
                73.13941961284957
            ],
            "e_F1": [
                64.30685705051995
            ],
            "epoch": [
                158
            ]
        }
    ],
    "7": [
        {
            "t_F1": [
                71.16707442470658
            ],
            "e_F1": [
                60.8756142840334
            ],
            "epoch": [
                146
            ]
        }
    ],
    "8": [
        {
            "t_F1": [
                70.82970266458378
            ],
            "e_F1": [
                61.7847563333118
            ],
            "epoch": [
                140
            ]
        }
    ],
    "9": [
        {
            "t_F1": [
                74.02887247640176
            ],
            "e_F1": [
                57.8744639149132
            ],
            "epoch": [
                147
            ]
        }
    ],
    "10": [
        {
            "t_F1": [
                69.75636032539015
            ],
            "e_F1": [
                63.79618902073961
            ],
            "epoch": [
                156
            ]
        }
    ],
    "average f1": [
        61.490203299808186
    ]
}