{
    "1": [
        {
            "t_F1": [
                100.0
            ],
            "e_F1": [
                59.39496175126748
            ],
            "epoch": [
                54
            ]
        }
    ],
    "2": [
        {
            "t_F1": [
                100.0
            ],
            "e_F1": [
                60.05539400928313
            ],
            "epoch": [
                54
            ]
        }
    ],
    "3": [
        {
            "t_F1": [
                100.0
            ],
            "e_F1": [
                59.61291759346678
            ],
            "epoch": [
                54
            ]
        }
    ],
    "4": [
        {
            "t_F1": [
                100.0
            ],
            "e_F1": [
                59.700501493119816
            ],
            "epoch": [
                53
            ]
        }
    ],
    "5": [
        {
            "t_F1": [
                100.0
            ],
            "e_F1": [
                60.24529145097327
            ],
            "epoch": [
                54
            ]
        }
    ],
    "6": [
        {
            "t_F1": [
                100.0
            ],
            "e_F1": [
                59.79178055966423
            ],
            "epoch": [
                54
            ]
        }
    ],
    "7": [
        {
            "t_F1": [
                100.0
            ],
            "e_F1": [
                60.45073015426705
            ],
            "epoch": [
                53
            ]
        }
    ],
    "8": [
        {
            "t_F1": [
                100.0
            ],
            "e_F1": [
                60.973080252916304
            ],
            "epoch": [
                53
            ]
        }
    ],
    "9": [
        {
            "t_F1": [
                100.0
            ],
            "e_F1": [
                62.03886029097221
            ],
            "epoch": [
                54
            ]
        }
    ],
    "10": [
        {
            "t_F1": [
                100.0
            ],
            "e_F1": [
                61.81761869000363
            ],
            "epoch": [
                54
            ]
        }
    ],
    "average f1": [
        60.4081136245934
    ]
}