{
    "1": [
        {
            "t_F1": [
                94.27829667092658
            ],
            "e_F1": [
                62.86043894084936
            ],
            "epoch": [
                50
            ]
        }
    ],
    "2": [
        {
            "t_F1": [
                94.67839561687927
            ],
            "e_F1": [
                62.82832783768528
            ],
            "epoch": [
                48
            ]
        }
    ],
    "3": [
        {
            "t_F1": [
                93.83954462166584
            ],
            "e_F1": [
                58.95042844842007
            ],
            "epoch": [
                49
            ]
        }
    ],
    "4": [
        {
            "t_F1": [
                95.34114927088564
            ],
            "e_F1": [
                62.694370686768394
            ],
            "epoch": [
                49
            ]
        }
    ],
    "5": [
        {
            "t_F1": [
                97.8530886038626
            ],
            "e_F1": [
                60.69185166260247
            ],
            "epoch": [
                56
            ]
        }
    ],
    "6": [
        {
            "t_F1": [
                95.13901508825825
            ],
            "e_F1": [
                63.753315192141756
            ],
            "epoch": [
                52
            ]
        }
    ],
    "7": [
        {
            "t_F1": [
                98.72763413379764
            ],
            "e_F1": [
                61.4361828120797
            ],
            "epoch": [
                50
            ]
        }
    ],
    "8": [
        {
            "t_F1": [
                96.38932608828364
            ],
            "e_F1": [
                62.295895979613434
            ],
            "epoch": [
                46
            ]
        }
    ],
    "9": [
        {
            "t_F1": [
                95.55475543357727
            ],
            "e_F1": [
                61.175358057804075
            ],
            "epoch": [
                50
            ]
        }
    ],
    "10": [
        {
            "t_F1": [
                95.96853759344197
            ],
            "e_F1": [
                63.115173784563595
            ],
            "epoch": [
                51
            ]
        }
    ],
    "average f1": [
        61.98013434025281
    ]
}