{
    "1": [
        {
            "t_F1": [
                84.89520608548185
            ],
            "e_F1": [
                58.417058297075606
            ],
            "epoch": [
                32
            ]
        }
    ],
    "2": [
        {
            "t_F1": [
                87.66101879556558
            ],
            "e_F1": [
                59.326445277184945
            ],
            "epoch": [
                34
            ]
        }
    ],
    "3": [
        {
            "t_F1": [
                89.59491849011388
            ],
            "e_F1": [
                56.754731585931935
            ],
            "epoch": [
                32
            ]
        }
    ],
    "4": [
        {
            "t_F1": [
                88.32581503989981
            ],
            "e_F1": [
                61.50735258611629
            ],
            "epoch": [
                36
            ]
        }
    ],
    "5": [
        {
            "t_F1": [
                88.35647017520324
            ],
            "e_F1": [
                60.76254076354869
            ],
            "epoch": [
                35
            ]
        }
    ],
    "6": [
        {
            "t_F1": [
                83.94363180936047
            ],
            "e_F1": [
                61.23821959900363
            ],
            "epoch": [
                35
            ]
        }
    ],
    "7": [
        {
            "t_F1": [
                83.02162534072984
            ],
            "e_F1": [
                61.91256177267655
            ],
            "epoch": [
                36
            ]
        }
    ],
    "8": [
        {
            "t_F1": [
                84.84553084244783
            ],
            "e_F1": [
                58.90392827892828
            ],
            "epoch": [
                35
            ]
        }
    ],
    "9": [
        {
            "t_F1": [
                89.18844827477706
            ],
            "e_F1": [
                62.31257872480198
            ],
            "epoch": [
                42
            ]
        }
    ],
    "10": [
        {
            "t_F1": [
                92.13830314851987
            ],
            "e_F1": [
                61.81696002843437
            ],
            "epoch": [
                43
            ]
        }
    ],
    "average f1": [
        60.29523769137022
    ]
}