{
    "1": [
        {
            "t_F1": [
                92.17009725513299
            ],
            "e_F1": [
                58.418041468722606
            ],
            "epoch": [
                43
            ]
        }
    ],
    "2": [
        {
            "t_F1": [
                95.34102708468754
            ],
            "e_F1": [
                57.1193741190783
            ],
            "epoch": [
                43
            ]
        }
    ],
    "3": [
        {
            "t_F1": [
                95.1203230840043
            ],
            "e_F1": [
                58.34516995957978
            ],
            "epoch": [
                46
            ]
        }
    ],
    "4": [
        {
            "t_F1": [
                95.09232094660933
            ],
            "e_F1": [
                58.33358475225887
            ],
            "epoch": [
                48
            ]
        }
    ],
    "5": [
        {
            "t_F1": [
                97.86995229524784
            ],
            "e_F1": [
                63.46439034751356
            ],
            "epoch": [
                44
            ]
        }
    ],
    "6": [
        {
            "t_F1": [
                97.44924729600508
            ],
            "e_F1": [
                61.55180844601276
            ],
            "epoch": [
                46
            ]
        }
    ],
    "7": [
        {
            "t_F1": [
                94.02035650115027
            ],
            "e_F1": [
                56.87577032780292
            ],
            "epoch": [
                47
            ]
        }
    ],
    "8": [
        {
            "t_F1": [
                93.83255361884396
            ],
            "e_F1": [
                56.66399737759564
            ],
            "epoch": [
                44
            ]
        }
    ],
    "9": [
        {
            "t_F1": [
                94.92440070732383
            ],
            "e_F1": [
                56.94182046668958
            ],
            "epoch": [
                43
            ]
        }
    ],
    "10": [
        {
            "t_F1": [
                95.08795141767894
            ],
            "e_F1": [
                57.931541699552405
            ],
            "epoch": [
                45
            ]
        }
    ],
    "average f1": [
        58.56454989648064
    ]
}