{
    "1": [
        {
            "t_F1": [
                100.0
            ],
            "e_F1": [
                60.200516887977905
            ],
            "epoch": [
                23
            ]
        }
    ],
    "2": [
        {
            "t_F1": [
                100.0
            ],
            "e_F1": [
                60.153969361130486
            ],
            "epoch": [
                23
            ]
        }
    ],
    "3": [
        {
            "t_F1": [
                100.0
            ],
            "e_F1": [
                57.30611548025137
            ],
            "epoch": [
                23
            ]
        }
    ],
    "4": [
        {
            "t_F1": [
                100.0
            ],
            "e_F1": [
                59.58509868535761
            ],
            "epoch": [
                23
            ]
        }
    ],
    "5": [
        {
            "t_F1": [
                100.0
            ],
            "e_F1": [
                61.47702821642063
            ],
            "epoch": [
                24
            ]
        }
    ],
    "6": [
        {
            "t_F1": [
                100.0
            ],
            "e_F1": [
                60.81420985266942
            ],
            "epoch": [
                24
            ]
        }
    ],
    "7": [
        {
            "t_F1": [
                100.0
            ],
            "e_F1": [
                61.72599684527349
            ],
            "epoch": [
                24
            ]
        }
    ],
    "8": [
        {
            "t_F1": [
                99.79157620495006
            ],
            "e_F1": [
                59.47208400972459
            ],
            "epoch": [
                25
            ]
        }
    ],
    "9": [
        {
            "t_F1": [
                100.0
            ],
            "e_F1": [
                61.04887480783137
            ],
            "epoch": [
                22
            ]
        }
    ],
    "10": [
        {
            "t_F1": [
                100.0
            ],
            "e_F1": [
                60.94860231156757
            ],
            "epoch": [
                22
            ]
        }
    ],
    "average f1": [
        60.27324964582044
    ]
}