{
    "1": [
        {
            "t_F1": [
                100.0
            ],
            "e_F1": [
                59.6404894888995
            ],
            "epoch": [
                33
            ]
        }
    ],
    "2": [
        {
            "t_F1": [
                100.0
            ],
            "e_F1": [
                59.77729580330967
            ],
            "epoch": [
                33
            ]
        }
    ],
    "3": [
        {
            "t_F1": [
                100.0
            ],
            "e_F1": [
                58.09927550008599
            ],
            "epoch": [
                34
            ]
        }
    ],
    "4": [
        {
            "t_F1": [
                100.0
            ],
            "e_F1": [
                58.827182951609714
            ],
            "epoch": [
                33
            ]
        }
    ],
    "5": [
        {
            "t_F1": [
                100.0
            ],
            "e_F1": [
                62.2626987947198
            ],
            "epoch": [
                34
            ]
        }
    ],
    "6": [
        {
            "t_F1": [
                100.0
            ],
            "e_F1": [
                58.191211648541596
            ],
            "epoch": [
                34
            ]
        }
    ],
    "7": [
        {
            "t_F1": [
                100.0
            ],
            "e_F1": [
                59.69864455121241
            ],
            "epoch": [
                33
            ]
        }
    ],
    "8": [
        {
            "t_F1": [
                100.0
            ],
            "e_F1": [
                60.748395958211134
            ],
            "epoch": [
                33
            ]
        }
    ],
    "9": [
        {
            "t_F1": [
                100.0
            ],
            "e_F1": [
                59.82893732167975
            ],
            "epoch": [
                33
            ]
        }
    ],
    "10": [
        {
            "t_F1": [
                100.0
            ],
            "e_F1": [
                62.78053116298994
            ],
            "epoch": [
                33
            ]
        }
    ],
    "average f1": [
        59.98546631812595
    ]
}