{
    "1": [
        {
            "t_F1": [
                100.0
            ],
            "e_F1": [
                56.23615066113508
            ],
            "epoch": [
                29
            ]
        }
    ],
    "2": [
        {
            "t_F1": [
                100.0
            ],
            "e_F1": [
                57.157584275741044
            ],
            "epoch": [
                29
            ]
        }
    ],
    "3": [
        {
            "t_F1": [
                100.0
            ],
            "e_F1": [
                58.70611544709905
            ],
            "epoch": [
                28
            ]
        }
    ],
    "4": [
        {
            "t_F1": [
                100.0
            ],
            "e_F1": [
                58.76864476739437
            ],
            "epoch": [
                28
            ]
        }
    ],
    "5": [
        {
            "t_F1": [
                100.0
            ],
            "e_F1": [
                61.442154940581396
            ],
            "epoch": [
                29
            ]
        }
    ],
    "6": [
        {
            "t_F1": [
                100.0
            ],
            "e_F1": [
                58.92388442377259
            ],
            "epoch": [
                29
            ]
        }
    ],
    "7": [
        {
            "t_F1": [
                100.0
            ],
            "e_F1": [
                57.09107743173456
            ],
            "epoch": [
                28
            ]
        }
    ],
    "8": [
        {
            "t_F1": [
                100.0
            ],
            "e_F1": [
                59.01730851293038
            ],
            "epoch": [
                27
            ]
        }
    ],
    "9": [
        {
            "t_F1": [
                100.0
            ],
            "e_F1": [
                56.71023477061618
            ],
            "epoch": [
                29
            ]
        }
    ],
    "10": [
        {
            "t_F1": [
                100.0
            ],
            "e_F1": [
                63.19479990785044
            ],
            "epoch": [
                28
            ]
        }
    ],
    "average f1": [
        58.72479551388551
    ]
}