{
    "1": [
        {
            "t_F1": [
                70.49896901249019
            ],
            "e_F1": [
                58.26857658716781
            ],
            "epoch": [
                115
            ]
        }
    ],
    "2": [
        {
            "t_F1": [
                70.94424070941714
            ],
            "e_F1": [
                60.5641395505765
            ],
            "epoch": [
                126
            ]
        }
    ],
    "3": [
        {
            "t_F1": [
                74.65618392379993
            ],
            "e_F1": [
                58.325911654489424
            ],
            "epoch": [
                118
            ]
        }
    ],
    "4": [
        {
            "t_F1": [
                70.44567671193607
            ],
            "e_F1": [
                61.305276525907736
            ],
            "epoch": [
                128
            ]
        }
    ],
    "5": [
        {
            "t_F1": [
                68.86337776686462
            ],
            "e_F1": [
                57.17794586921327
            ],
            "epoch": [
                100
            ]
        }
    ],
    "6": [
        {
            "t_F1": [
                68.65780132445687
            ],
            "e_F1": [
                61.13870746730936
            ],
            "epoch": [
                133
            ]
        }
    ],
    "7": [
        {
            "t_F1": [
                69.97488371178486
            ],
            "e_F1": [
                58.17221469416472
            ],
            "epoch": [
                130
            ]
        }
    ],
    "8": [
        {
            "t_F1": [
                68.45854502008505
            ],
            "e_F1": [
                60.08254183627317
            ],
            "epoch": [
                105
            ]
        }
    ],
    "9": [
        {
            "t_F1": [
                73.69596111568883
            ],
            "e_F1": [
                61.00064505278211
            ],
            "epoch": [
                137
            ]
        }
    ],
    "10": [
        {
            "t_F1": [
                72.53843451037719
            ],
            "e_F1": [
                60.36259499679441
            ],
            "epoch": [
                128
            ]
        }
    ],
    "average f1": [
        59.63985542346785
    ]
}