{
    "1": [
        {
            "t_F1": [
                90.82905489845302
            ],
            "e_F1": [
                59.11725387100729
            ],
            "epoch": [
                8
            ]
        }
    ],
    "2": [
        {
            "t_F1": [
                95.98144230214807
            ],
            "e_F1": [
                54.32878664186032
            ],
            "epoch": [
                9
            ]
        }
    ],
    "3": [
        {
            "t_F1": [
                95.77617073030085
            ],
            "e_F1": [
                57.49959013339294
            ],
            "epoch": [
                8
            ]
        }
    ],
    "4": [
        {
            "t_F1": [
                86.69887522903552
            ],
            "e_F1": [
                59.91262923988976
            ],
            "epoch": [
                9
            ]
        }
    ],
    "5": [
        {
            "t_F1": [
                97.45889491935549
            ],
            "e_F1": [
                58.73880117580585
            ],
            "epoch": [
                9
            ]
        }
    ],
    "6": [
        {
            "t_F1": [
                93.00764842744972
            ],
            "e_F1": [
                56.873113510778005
            ],
            "epoch": [
                9
            ]
        }
    ],
    "7": [
        {
            "t_F1": [
                91.55787811860124
            ],
            "e_F1": [
                50.63469479971256
            ],
            "epoch": [
                8
            ]
        }
    ],
    "8": [
        {
            "t_F1": [
                89.35057980004044
            ],
            "e_F1": [
                60.67066721985497
            ],
            "epoch": [
                8
            ]
        }
    ],
    "9": [
        {
            "t_F1": [
                91.1384651935585
            ],
            "e_F1": [
                53.13235894925932
            ],
            "epoch": [
                14
            ]
        }
    ],
    "10": [
        {
            "t_F1": [
                87.61608768963936
            ],
            "e_F1": [
                55.456887505857246
            ],
            "epoch": [
                8
            ]
        }
    ],
    "average f1": [
        56.63647830474182
    ]
}