{
    "1": [
        {
            "t_F1": [
                68.88219793211188
            ],
            "e_F1": [
                54.965514958300645
            ],
            "epoch": [
                132
            ]
        }
    ],
    "2": [
        {
            "t_F1": [
                72.9110928455807
            ],
            "e_F1": [
                57.573322564409914
            ],
            "epoch": [
                138
            ]
        }
    ],
    "3": [
        {
            "t_F1": [
                69.40158413133736
            ],
            "e_F1": [
                54.332661469406794
            ],
            "epoch": [
                121
            ]
        }
    ],
    "4": [
        {
            "t_F1": [
                70.2532086746112
            ],
            "e_F1": [
                57.68860743890375
            ],
            "epoch": [
                127
            ]
        }
    ],
    "5": [
        {
            "t_F1": [
                66.99678373825222
            ],
            "e_F1": [
                54.1455560448751
            ],
            "epoch": [
                116
            ]
        }
    ],
    "6": [
        {
            "t_F1": [
                69.16234888885175
            ],
            "e_F1": [
                58.221593040374565
            ],
            "epoch": [
                133
            ]
        }
    ],
    "7": [
        {
            "t_F1": [
                67.7018773789811
            ],
            "e_F1": [
                56.05239698837586
            ],
            "epoch": [
                139
            ]
        }
    ],
    "8": [
        {
            "t_F1": [
                68.84109786212558
            ],
            "e_F1": [
                59.20776033612141
            ],
            "epoch": [
                125
            ]
        }
    ],
    "9": [
        {
            "t_F1": [
                68.79089537231029
            ],
            "e_F1": [
                55.999967478749404
            ],
            "epoch": [
                133
            ]
        }
    ],
    "10": [
        {
            "t_F1": [
                66.01420907641003
            ],
            "e_F1": [
                56.38883160554676
            ],
            "epoch": [
                124
            ]
        }
    ],
    "average f1": [
        56.457621192506416
    ]
}