{
    "1": [
        {
            "t_F1": [
                75.65549549322247
            ],
            "e_F1": [
                59.29511066505342
            ],
            "epoch": [
                144
            ]
        }
    ],
    "2": [
        {
            "t_F1": [
                72.25990969344367
            ],
            "e_F1": [
                59.72828262700294
            ],
            "epoch": [
                127
            ]
        }
    ],
    "3": [
        {
            "t_F1": [
                74.62156535737643
            ],
            "e_F1": [
                61.08845875042695
            ],
            "epoch": [
                131
            ]
        }
    ],
    "4": [
        {
            "t_F1": [
                71.59836905967258
            ],
            "e_F1": [
                61.222156426786434
            ],
            "epoch": [
                138
            ]
        }
    ],
    "5": [
        {
            "t_F1": [
                72.70595420229672
            ],
            "e_F1": [
                60.99588521320235
            ],
            "epoch": [
                120
            ]
        }
    ],
    "6": [
        {
            "t_F1": [
                71.69806363204782
            ],
            "e_F1": [
                63.46197205280381
            ],
            "epoch": [
                143
            ]
        }
    ],
    "7": [
        {
            "t_F1": [
                75.20722992148126
            ],
            "e_F1": [
                58.63765814202129
            ],
            "epoch": [
                154
            ]
        }
    ],
    "8": [
        {
            "t_F1": [
                71.28539281568223
            ],
            "e_F1": [
                62.77122400539377
            ],
            "epoch": [
                127
            ]
        }
    ],
    "9": [
        {
            "t_F1": [
                74.68288658192505
            ],
            "e_F1": [
                64.13887865415863
            ],
            "epoch": [
                144
            ]
        }
    ],
    "10": [
        {
            "t_F1": [
                73.841013877844
            ],
            "e_F1": [
                60.86204580397613
            ],
            "epoch": [
                134
            ]
        }
    ],
    "average f1": [
        61.22016723408257
    ]
}