{
    "1": [
        {
            "t_F1": [
                95.95156214148692
            ],
            "e_F1": [
                59.51046427467548
            ],
            "epoch": [
                47
            ]
        }
    ],
    "2": [
        {
            "t_F1": [
                96.17167390187677
            ],
            "e_F1": [
                59.06943474065941
            ],
            "epoch": [
                52
            ]
        }
    ],
    "3": [
        {
            "t_F1": [
                94.03252817486617
            ],
            "e_F1": [
                59.0157796703228
            ],
            "epoch": [
                45
            ]
        }
    ],
    "4": [
        {
            "t_F1": [
                98.08493017559314
            ],
            "e_F1": [
                60.001605546433126
            ],
            "epoch": [
                53
            ]
        }
    ],
    "5": [
        {
            "t_F1": [
                98.72122035801341
            ],
            "e_F1": [
                63.666140755639674
            ],
            "epoch": [
                50
            ]
        }
    ],
    "6": [
        {
            "t_F1": [
                97.23507062090245
            ],
            "e_F1": [
                59.33138920161063
            ],
            "epoch": [
                49
            ]
        }
    ],
    "7": [
        {
            "t_F1": [
                95.10037941209436
            ],
            "e_F1": [
                57.591753863660635
            ],
            "epoch": [
                46
            ]
        }
    ],
    "8": [
        {
            "t_F1": [
                94.05549891210879
            ],
            "e_F1": [
                60.56523725730047
            ],
            "epoch": [
                50
            ]
        }
    ],
    "9": [
        {
            "t_F1": [
                94.0283740826765
            ],
            "e_F1": [
                59.58251060698685
            ],
            "epoch": [
                48
            ]
        }
    ],
    "10": [
        {
            "t_F1": [
                96.80985452459305
            ],
            "e_F1": [
                61.20933785763665
            ],
            "epoch": [
                52
            ]
        }
    ],
    "average f1": [
        59.95436537749257
    ]
}