{
    "1": [
        {
            "t_F1": [
                99.79247395160597
            ],
            "e_F1": [
                57.43696237380449
            ],
            "epoch": [
                18
            ]
        }
    ],
    "2": [
        {
            "t_F1": [
                99.78813178920909
            ],
            "e_F1": [
                59.13585056541078
            ],
            "epoch": [
                19
            ]
        }
    ],
    "3": [
        {
            "t_F1": [
                100.0
            ],
            "e_F1": [
                55.869026153432856
            ],
            "epoch": [
                18
            ]
        }
    ],
    "4": [
        {
            "t_F1": [
                100.0
            ],
            "e_F1": [
                58.84777773224417
            ],
            "epoch": [
                19
            ]
        }
    ],
    "5": [
        {
            "t_F1": [
                99.57264957264957
            ],
            "e_F1": [
                59.247929691709764
            ],
            "epoch": [
                18
            ]
        }
    ],
    "6": [
        {
            "t_F1": [
                99.3658880127694
            ],
            "e_F1": [
                56.1383880508753
            ],
            "epoch": [
                18
            ]
        }
    ],
    "7": [
        {
            "t_F1": [
                100.0
            ],
            "e_F1": [
                59.42248756932492
            ],
            "epoch": [
                18
            ]
        }
    ],
    "8": [
        {
            "t_F1": [
                99.57258411082138
            ],
            "e_F1": [
                55.634712885046945
            ],
            "epoch": [
                19
            ]
        }
    ],
    "9": [
        {
            "t_F1": [
                100.0
            ],
            "e_F1": [
                57.63143850228201
            ],
            "epoch": [
                18
            ]
        }
    ],
    "10": [
        {
            "t_F1": [
                100.0
            ],
            "e_F1": [
                62.03023767677014
            ],
            "epoch": [
                19
            ]
        }
    ],
    "average f1": [
        58.13948112009014
    ]
}