{
    "1": [
        {
            "t_F1": [
                67.40948887425535
            ],
            "e_F1": [
                58.54423868312757
            ],
            "epoch": [
                116
            ]
        }
    ],
    "2": [
        {
            "t_F1": [
                70.978936389315
            ],
            "e_F1": [
                58.797975457612054
            ],
            "epoch": [
                121
            ]
        }
    ],
    "3": [
        {
            "t_F1": [
                72.15452405479239
            ],
            "e_F1": [
                61.51518700754772
            ],
            "epoch": [
                114
            ]
        }
    ],
    "4": [
        {
            "t_F1": [
                74.90615826036696
            ],
            "e_F1": [
                64.41082413671639
            ],
            "epoch": [
                149
            ]
        }
    ],
    "5": [
        {
            "t_F1": [
                71.87082197272073
            ],
            "e_F1": [
                59.79865078727613
            ],
            "epoch": [
                134
            ]
        }
    ],
    "6": [
        {
            "t_F1": [
                68.51960523234746
            ],
            "e_F1": [
                62.372976421520555
            ],
            "epoch": [
                129
            ]
        }
    ],
    "7": [
        {
            "t_F1": [
                69.84402472437397
            ],
            "e_F1": [
                58.9
            ],
            "epoch": [
                131
            ]
        }
    ],
    "8": [
        {
            "t_F1": [
                72.81708908116633
            ],
            "e_F1": [
                61.87538529158816
            ],
            "epoch": [
                139
            ]
        }
    ],
    "9": [
        {
            "t_F1": [
                73.24800549169063
            ],
            "e_F1": [
                63.29393553530818
            ],
            "epoch": [
                128
            ]
        }
    ],
    "10": [
        {
            "t_F1": [
                69.62147605295013
            ],
            "e_F1": [
                62.97107365673542
            ],
            "epoch": [
                140
            ]
        }
    ],
    "average f1": [
        61.24802469774321
    ]
}