{
    "1": [
        {
            "t_F1": [
                76.01299159930335
            ],
            "e_F1": [
                55.033860171880576
            ],
            "epoch": [
                174
            ]
        }
    ],
    "2": [
        {
            "t_F1": [
                74.60422022586862
            ],
            "e_F1": [
                58.90867414609215
            ],
            "epoch": [
                147
            ]
        }
    ],
    "3": [
        {
            "t_F1": [
                74.64020009057694
            ],
            "e_F1": [
                58.80302064258631
            ],
            "epoch": [
                145
            ]
        }
    ],
    "4": [
        {
            "t_F1": [
                75.1309902176855
            ],
            "e_F1": [
                59.24209715816823
            ],
            "epoch": [
                177
            ]
        }
    ],
    "5": [
        {
            "t_F1": [
                73.90575758059397
            ],
            "e_F1": [
                57.658959504097574
            ],
            "epoch": [
                138
            ]
        }
    ],
    "6": [
        {
            "t_F1": [
                76.13223295456079
            ],
            "e_F1": [
                61.81062721057495
            ],
            "epoch": [
                176
            ]
        }
    ],
    "7": [
        {
            "t_F1": [
                72.00260925656734
            ],
            "e_F1": [
                57.761473665560246
            ],
            "epoch": [
                152
            ]
        }
    ],
    "8": [
        {
            "t_F1": [
                74.75809478181019
            ],
            "e_F1": [
                56.32993362590778
            ],
            "epoch": [
                154
            ]
        }
    ],
    "9": [
        {
            "t_F1": [
                72.75050500084824
            ],
            "e_F1": [
                58.89682177963758
            ],
            "epoch": [
                157
            ]
        }
    ],
    "10": [
        {
            "t_F1": [
                70.28899490814844
            ],
            "e_F1": [
                61.042476574960126
            ],
            "epoch": [
                155
            ]
        }
    ],
    "average f1": [
        58.548794447946555
    ]
}