{
    "1": [
        {
            "t_F1": [
                84.37106196779418
            ],
            "e_F1": [
                61.03401463866527
            ],
            "epoch": [
                35
            ]
        }
    ],
    "2": [
        {
            "t_F1": [
                88.74383165284092
            ],
            "e_F1": [
                61.454596400657216
            ],
            "epoch": [
                37
            ]
        }
    ],
    "3": [
        {
            "t_F1": [
                86.03728067273177
            ],
            "e_F1": [
                62.84771267198439
            ],
            "epoch": [
                33
            ]
        }
    ],
    "4": [
        {
            "t_F1": [
                82.56598994849455
            ],
            "e_F1": [
                61.80288653406934
            ],
            "epoch": [
                39
            ]
        }
    ],
    "5": [
        {
            "t_F1": [
                91.06925543200968
            ],
            "e_F1": [
                63.92848746032334
            ],
            "epoch": [
                40
            ]
        }
    ],
    "6": [
        {
            "t_F1": [
                84.27641348230553
            ],
            "e_F1": [
                63.66245997763378
            ],
            "epoch": [
                33
            ]
        }
    ],
    "7": [
        {
            "t_F1": [
                92.35138199791571
            ],
            "e_F1": [
                61.88323513914349
            ],
            "epoch": [
                39
            ]
        }
    ],
    "8": [
        {
            "t_F1": [
                85.96925170128024
            ],
            "e_F1": [
                61.94730998882477
            ],
            "epoch": [
                39
            ]
        }
    ],
    "9": [
        {
            "t_F1": [
                85.78553120502383
            ],
            "e_F1": [
                60.5659362504497
            ],
            "epoch": [
                33
            ]
        }
    ],
    "10": [
        {
            "t_F1": [
                87.07374834368574
            ],
            "e_F1": [
                61.940714107524386
            ],
            "epoch": [
                36
            ]
        }
    ],
    "average f1": [
        62.10673531692756
    ]
}