{
    "1": [
        {
            "t_F1": [
                83.10069657333608
            ],
            "e_F1": [
                57.550115519064924
            ],
            "epoch": [
                33
            ]
        }
    ],
    "2": [
        {
            "t_F1": [
                84.30179702187878
            ],
            "e_F1": [
                64.00489358311397
            ],
            "epoch": [
                35
            ]
        }
    ],
    "3": [
        {
            "t_F1": [
                87.4567607674372
            ],
            "e_F1": [
                57.57975057048497
            ],
            "epoch": [
                32
            ]
        }
    ],
    "4": [
        {
            "t_F1": [
                83.42155508952106
            ],
            "e_F1": [
                60.18426991599601
            ],
            "epoch": [
                37
            ]
        }
    ],
    "5": [
        {
            "t_F1": [
                89.57574028964058
            ],
            "e_F1": [
                63.168724279835395
            ],
            "epoch": [
                41
            ]
        }
    ],
    "6": [
        {
            "t_F1": [
                84.76266855154415
            ],
            "e_F1": [
                61.12128696350643
            ],
            "epoch": [
                35
            ]
        }
    ],
    "7": [
        {
            "t_F1": [
                89.13068526170362
            ],
            "e_F1": [
                61.20408114927982
            ],
            "epoch": [
                40
            ]
        }
    ],
    "8": [
        {
            "t_F1": [
                86.45753931544866
            ],
            "e_F1": [
                57.6027772765739
            ],
            "epoch": [
                31
            ]
        }
    ],
    "9": [
        {
            "t_F1": [
                90.22139878713583
            ],
            "e_F1": [
                60.53647741147741
            ],
            "epoch": [
                42
            ]
        }
    ],
    "10": [
        {
            "t_F1": [
                86.43045529161436
            ],
            "e_F1": [
                63.731076541003496
            ],
            "epoch": [
                41
            ]
        }
    ],
    "average f1": [
        60.668345321033634
    ]
}