{
    "1": [
        {
            "t_F1": [
                100.0
            ],
            "e_F1": [
                59.66751277037798
            ],
            "epoch": [
                33
            ]
        }
    ],
    "2": [
        {
            "t_F1": [
                100.0
            ],
            "e_F1": [
                58.55881573760024
            ],
            "epoch": [
                32
            ]
        }
    ],
    "3": [
        {
            "t_F1": [
                100.0
            ],
            "e_F1": [
                59.89714700242038
            ],
            "epoch": [
                32
            ]
        }
    ],
    "4": [
        {
            "t_F1": [
                100.0
            ],
            "e_F1": [
                60.28720633185595
            ],
            "epoch": [
                34
            ]
        }
    ],
    "5": [
        {
            "t_F1": [
                100.0
            ],
            "e_F1": [
                61.205557861990265
            ],
            "epoch": [
                33
            ]
        }
    ],
    "6": [
        {
            "t_F1": [
                100.0
            ],
            "e_F1": [
                59.500309420530925
            ],
            "epoch": [
                33
            ]
        }
    ],
    "7": [
        {
            "t_F1": [
                100.0
            ],
            "e_F1": [
                59.028345116561795
            ],
            "epoch": [
                33
            ]
        }
    ],
    "8": [
        {
            "t_F1": [
                100.0
            ],
            "e_F1": [
                60.794484729941935
            ],
            "epoch": [
                34
            ]
        }
    ],
    "9": [
        {
            "t_F1": [
                100.0
            ],
            "e_F1": [
                58.53384991455963
            ],
            "epoch": [
                34
            ]
        }
    ],
    "10": [
        {
            "t_F1": [
                100.0
            ],
            "e_F1": [
                62.16102356104538
            ],
            "epoch": [
                33
            ]
        }
    ],
    "average f1": [
        59.96342524468845
    ]
}