{
    "1": [
        {
            "t_F1": [
                100.0
            ],
            "e_F1": [
                58.55110408087894
            ],
            "epoch": [
                39
            ]
        }
    ],
    "2": [
        {
            "t_F1": [
                100.0
            ],
            "e_F1": [
                57.28362689561575
            ],
            "epoch": [
                38
            ]
        }
    ],
    "3": [
        {
            "t_F1": [
                100.0
            ],
            "e_F1": [
                58.178762984588225
            ],
            "epoch": [
                39
            ]
        }
    ],
    "4": [
        {
            "t_F1": [
                100.0
            ],
            "e_F1": [
                60.72603293313298
            ],
            "epoch": [
                39
            ]
        }
    ],
    "5": [
        {
            "t_F1": [
                100.0
            ],
            "e_F1": [
                61.76683593724825
            ],
            "epoch": [
                38
            ]
        }
    ],
    "6": [
        {
            "t_F1": [
                100.0
            ],
            "e_F1": [
                59.94795053671442
            ],
            "epoch": [
                38
            ]
        }
    ],
    "7": [
        {
            "t_F1": [
                100.0
            ],
            "e_F1": [
                59.268697263587185
            ],
            "epoch": [
                39
            ]
        }
    ],
    "8": [
        {
            "t_F1": [
                100.0
            ],
            "e_F1": [
                59.10414099270099
            ],
            "epoch": [
                38
            ]
        }
    ],
    "9": [
        {
            "t_F1": [
                100.0
            ],
            "e_F1": [
                62.38904032990844
            ],
            "epoch": [
                39
            ]
        }
    ],
    "10": [
        {
            "t_F1": [
                100.0
            ],
            "e_F1": [
                60.54593697349206
            ],
            "epoch": [
                39
            ]
        }
    ],
    "average f1": [
        59.776212892786724
    ]
}