{
    "1": [
        {
            "t_F1": [
                74.66248949458564
            ],
            "e_F1": [
                59.31683946543204
            ],
            "epoch": [
                144
            ]
        }
    ],
    "2": [
        {
            "t_F1": [
                70.76596910913237
            ],
            "e_F1": [
                59.40819372562143
            ],
            "epoch": [
                127
            ]
        }
    ],
    "3": [
        {
            "t_F1": [
                72.48112626263016
            ],
            "e_F1": [
                62.20998005972134
            ],
            "epoch": [
                136
            ]
        }
    ],
    "4": [
        {
            "t_F1": [
                75.87270317430142
            ],
            "e_F1": [
                63.00431629544395
            ],
            "epoch": [
                149
            ]
        }
    ],
    "5": [
        {
            "t_F1": [
                73.32022313231434
            ],
            "e_F1": [
                60.66841962890501
            ],
            "epoch": [
                136
            ]
        }
    ],
    "6": [
        {
            "t_F1": [
                72.0566412401855
            ],
            "e_F1": [
                62.90076555811094
            ],
            "epoch": [
                142
            ]
        }
    ],
    "7": [
        {
            "t_F1": [
                70.84832210685882
            ],
            "e_F1": [
                60.360032977518664
            ],
            "epoch": [
                153
            ]
        }
    ],
    "8": [
        {
            "t_F1": [
                69.37039684903237
            ],
            "e_F1": [
                63.80285751741339
            ],
            "epoch": [
                131
            ]
        }
    ],
    "9": [
        {
            "t_F1": [
                72.50062015071259
            ],
            "e_F1": [
                59.363555231879374
            ],
            "epoch": [
                141
            ]
        }
    ],
    "10": [
        {
            "t_F1": [
                74.99027899290367
            ],
            "e_F1": [
                63.11580116042198
            ],
            "epoch": [
                160
            ]
        }
    ],
    "average f1": [
        61.41507616204681
    ]
}