{
    "1": [
        {
            "t_F1": [
                68.53829923321513
            ],
            "e_F1": [
                56.2553984727019
            ],
            "epoch": [
                115
            ]
        }
    ],
    "2": [
        {
            "t_F1": [
                72.86107078039929
            ],
            "e_F1": [
                61.25947128687448
            ],
            "epoch": [
                137
            ]
        }
    ],
    "3": [
        {
            "t_F1": [
                70.66030017366897
            ],
            "e_F1": [
                58.96018968870123
            ],
            "epoch": [
                134
            ]
        }
    ],
    "4": [
        {
            "t_F1": [
                68.85828978853606
            ],
            "e_F1": [
                60.391710207722696
            ],
            "epoch": [
                149
            ]
        }
    ],
    "5": [
        {
            "t_F1": [
                73.14348797623282
            ],
            "e_F1": [
                55.73612550291458
            ],
            "epoch": [
                125
            ]
        }
    ],
    "6": [
        {
            "t_F1": [
                70.8911466559255
            ],
            "e_F1": [
                63.16954395204489
            ],
            "epoch": [
                154
            ]
        }
    ],
    "7": [
        {
            "t_F1": [
                72.04810264922041
            ],
            "e_F1": [
                57.16415505948357
            ],
            "epoch": [
                149
            ]
        }
    ],
    "8": [
        {
            "t_F1": [
                69.47549235743679
            ],
            "e_F1": [
                58.075494750880694
            ],
            "epoch": [
                120
            ]
        }
    ],
    "9": [
        {
            "t_F1": [
                68.3053478010936
            ],
            "e_F1": [
                55.186700106418925
            ],
            "epoch": [
                129
            ]
        }
    ],
    "10": [
        {
            "t_F1": [
                68.00250777123024
            ],
            "e_F1": [
                57.07609352808811
            ],
            "epoch": [
                122
            ]
        }
    ],
    "average f1": [
        58.32748825558311
    ]
}