{
    "1": [
        {
            "t_F1": [
                81.50144341596624
            ],
            "e_F1": [
                57.38022492527729
            ],
            "epoch": [
                27
            ]
        }
    ],
    "2": [
        {
            "t_F1": [
                81.93376042979058
            ],
            "e_F1": [
                62.454621582473294
            ],
            "epoch": [
                27
            ]
        }
    ],
    "3": [
        {
            "t_F1": [
                80.06409801501692
            ],
            "e_F1": [
                59.51461249374914
            ],
            "epoch": [
                30
            ]
        }
    ],
    "4": [
        {
            "t_F1": [
                80.58346683187263
            ],
            "e_F1": [
                62.133579762890115
            ],
            "epoch": [
                31
            ]
        }
    ],
    "5": [
        {
            "t_F1": [
                83.65500489848877
            ],
            "e_F1": [
                60.5989464982827
            ],
            "epoch": [
                26
            ]
        }
    ],
    "6": [
        {
            "t_F1": [
                81.5263167656983
            ],
            "e_F1": [
                59.88151747355932
            ],
            "epoch": [
                27
            ]
        }
    ],
    "7": [
        {
            "t_F1": [
                81.76625255158963
            ],
            "e_F1": [
                61.34826029152774
            ],
            "epoch": [
                26
            ]
        }
    ],
    "8": [
        {
            "t_F1": [
                76.82125581123344
            ],
            "e_F1": [
                60.121489190810316
            ],
            "epoch": [
                23
            ]
        }
    ],
    "9": [
        {
            "t_F1": [
                82.44427796446419
            ],
            "e_F1": [
                60.55277198758004
            ],
            "epoch": [
                28
            ]
        }
    ],
    "10": [
        {
            "t_F1": [
                80.27859792565675
            ],
            "e_F1": [
                62.879540952683364
            ],
            "epoch": [
                30
            ]
        }
    ],
    "average f1": [
        60.68655651588333
    ]
}