{
    "1": [
        {
            "t_F1": [
                100.0
            ],
            "e_F1": [
                59.07197245063354
            ],
            "epoch": [
                18
            ]
        }
    ],
    "2": [
        {
            "t_F1": [
                99.78813178920909
            ],
            "e_F1": [
                59.7585724891998
            ],
            "epoch": [
                18
            ]
        }
    ],
    "3": [
        {
            "t_F1": [
                100.0
            ],
            "e_F1": [
                58.35268173001216
            ],
            "epoch": [
                18
            ]
        }
    ],
    "4": [
        {
            "t_F1": [
                100.0
            ],
            "e_F1": [
                60.273373951419984
            ],
            "epoch": [
                19
            ]
        }
    ],
    "5": [
        {
            "t_F1": [
                100.0
            ],
            "e_F1": [
                61.253540508551474
            ],
            "epoch": [
                19
            ]
        }
    ],
    "6": [
        {
            "t_F1": [
                100.0
            ],
            "e_F1": [
                59.66254390798716
            ],
            "epoch": [
                20
            ]
        }
    ],
    "7": [
        {
            "t_F1": [
                100.0
            ],
            "e_F1": [
                60.568969945555565
            ],
            "epoch": [
                19
            ]
        }
    ],
    "8": [
        {
            "t_F1": [
                99.79157620495006
            ],
            "e_F1": [
                59.802087258701505
            ],
            "epoch": [
                18
            ]
        }
    ],
    "9": [
        {
            "t_F1": [
                100.0
            ],
            "e_F1": [
                61.99120356661116
            ],
            "epoch": [
                18
            ]
        }
    ],
    "10": [
        {
            "t_F1": [
                99.78717238131465
            ],
            "e_F1": [
                60.84922008953046
            ],
            "epoch": [
                20
            ]
        }
    ],
    "average f1": [
        60.158416589820284
    ]
}