{
    "1": [
        {
            "t_F1": [
                100.0
            ],
            "e_F1": [
                57.03776941653461
            ],
            "epoch": [
                28
            ]
        }
    ],
    "2": [
        {
            "t_F1": [
                100.0
            ],
            "e_F1": [
                56.965997528307554
            ],
            "epoch": [
                29
            ]
        }
    ],
    "3": [
        {
            "t_F1": [
                100.0
            ],
            "e_F1": [
                58.19317049682364
            ],
            "epoch": [
                29
            ]
        }
    ],
    "4": [
        {
            "t_F1": [
                99.7933001930337
            ],
            "e_F1": [
                57.58675295603369
            ],
            "epoch": [
                29
            ]
        }
    ],
    "5": [
        {
            "t_F1": [
                100.0
            ],
            "e_F1": [
                60.875791088758056
            ],
            "epoch": [
                28
            ]
        }
    ],
    "6": [
        {
            "t_F1": [
                100.0
            ],
            "e_F1": [
                58.286359736865
            ],
            "epoch": [
                28
            ]
        }
    ],
    "7": [
        {
            "t_F1": [
                100.0
            ],
            "e_F1": [
                61.14899986627499
            ],
            "epoch": [
                29
            ]
        }
    ],
    "8": [
        {
            "t_F1": [
                100.0
            ],
            "e_F1": [
                59.868839487315384
            ],
            "epoch": [
                28
            ]
        }
    ],
    "9": [
        {
            "t_F1": [
                100.0
            ],
            "e_F1": [
                59.34314401376031
            ],
            "epoch": [
                28
            ]
        }
    ],
    "10": [
        {
            "t_F1": [
                100.0
            ],
            "e_F1": [
                59.60991696250486
            ],
            "epoch": [
                28
            ]
        }
    ],
    "average f1": [
        58.8916741553178
    ]
}