{
    "1": [
        {
            "t_F1": [
                71.52367704143809
            ],
            "e_F1": [
                58.2124038129986
            ],
            "epoch": [
                122
            ]
        }
    ],
    "2": [
        {
            "t_F1": [
                68.81481829573934
            ],
            "e_F1": [
                58.77922456258056
            ],
            "epoch": [
                108
            ]
        }
    ],
    "3": [
        {
            "t_F1": [
                73.41578011779204
            ],
            "e_F1": [
                61.902657386711255
            ],
            "epoch": [
                124
            ]
        }
    ],
    "4": [
        {
            "t_F1": [
                70.11294958424222
            ],
            "e_F1": [
                60.86675156644513
            ],
            "epoch": [
                145
            ]
        }
    ],
    "5": [
        {
            "t_F1": [
                68.60831506849206
            ],
            "e_F1": [
                59.90092558679976
            ],
            "epoch": [
                111
            ]
        }
    ],
    "6": [
        {
            "t_F1": [
                69.32787785262614
            ],
            "e_F1": [
                62.378536410065365
            ],
            "epoch": [
                138
            ]
        }
    ],
    "7": [
        {
            "t_F1": [
                73.23212608366839
            ],
            "e_F1": [
                62.215566982567495
            ],
            "epoch": [
                133
            ]
        }
    ],
    "8": [
        {
            "t_F1": [
                72.79800470634376
            ],
            "e_F1": [
                61.63956240584575
            ],
            "epoch": [
                120
            ]
        }
    ],
    "9": [
        {
            "t_F1": [
                72.49924179058036
            ],
            "e_F1": [
                64.01140088160209
            ],
            "epoch": [
                128
            ]
        }
    ],
    "10": [
        {
            "t_F1": [
                71.35158487177208
            ],
            "e_F1": [
                60.26513772600413
            ],
            "epoch": [
                126
            ]
        }
    ],
    "average f1": [
        61.01721673216201
    ]
}