{
    "1": [
        {
            "t_F1": [
                100.0
            ],
            "e_F1": [
                55.44436614204056
            ],
            "epoch": [
                18
            ]
        }
    ],
    "2": [
        {
            "t_F1": [
                100.0
            ],
            "e_F1": [
                57.25895913065442
            ],
            "epoch": [
                18
            ]
        }
    ],
    "3": [
        {
            "t_F1": [
                100.0
            ],
            "e_F1": [
                57.82029674336704
            ],
            "epoch": [
                18
            ]
        }
    ],
    "4": [
        {
            "t_F1": [
                100.0
            ],
            "e_F1": [
                57.043434684129366
            ],
            "epoch": [
                18
            ]
        }
    ],
    "5": [
        {
            "t_F1": [
                100.0
            ],
            "e_F1": [
                59.59158994003976
            ],
            "epoch": [
                18
            ]
        }
    ],
    "6": [
        {
            "t_F1": [
                99.78717238131465
            ],
            "e_F1": [
                56.73167973939513
            ],
            "epoch": [
                18
            ]
        }
    ],
    "7": [
        {
            "t_F1": [
                99.78632088393753
            ],
            "e_F1": [
                60.68147658187498
            ],
            "epoch": [
                18
            ]
        }
    ],
    "8": [
        {
            "t_F1": [
                100.0
            ],
            "e_F1": [
                59.08062161697292
            ],
            "epoch": [
                18
            ]
        }
    ],
    "9": [
        {
            "t_F1": [
                100.0
            ],
            "e_F1": [
                60.63155631872543
            ],
            "epoch": [
                18
            ]
        }
    ],
    "10": [
        {
            "t_F1": [
                100.0
            ],
            "e_F1": [
                60.027757469046605
            ],
            "epoch": [
                18
            ]
        }
    ],
    "average f1": [
        58.43117383662461
    ]
}