{
    "1": [
        {
            "t_F1": [
                100.0
            ],
            "e_F1": [
                59.366632141734954
            ],
            "epoch": [
                38
            ]
        }
    ],
    "2": [
        {
            "t_F1": [
                100.0
            ],
            "e_F1": [
                59.60931751563574
            ],
            "epoch": [
                38
            ]
        }
    ],
    "3": [
        {
            "t_F1": [
                100.0
            ],
            "e_F1": [
                57.56000900029257
            ],
            "epoch": [
                39
            ]
        }
    ],
    "4": [
        {
            "t_F1": [
                100.0
            ],
            "e_F1": [
                59.41703216584554
            ],
            "epoch": [
                39
            ]
        }
    ],
    "5": [
        {
            "t_F1": [
                100.0
            ],
            "e_F1": [
                62.43740525000342
            ],
            "epoch": [
                39
            ]
        }
    ],
    "6": [
        {
            "t_F1": [
                100.0
            ],
            "e_F1": [
                56.42740448118712
            ],
            "epoch": [
                39
            ]
        }
    ],
    "7": [
        {
            "t_F1": [
                100.0
            ],
            "e_F1": [
                56.7362765198809
            ],
            "epoch": [
                40
            ]
        }
    ],
    "8": [
        {
            "t_F1": [
                100.0
            ],
            "e_F1": [
                60.26890355787013
            ],
            "epoch": [
                39
            ]
        }
    ],
    "9": [
        {
            "t_F1": [
                100.0
            ],
            "e_F1": [
                56.61132551746455
            ],
            "epoch": [
                38
            ]
        }
    ],
    "10": [
        {
            "t_F1": [
                100.0
            ],
            "e_F1": [
                56.30319548012673
            ],
            "epoch": [
                38
            ]
        }
    ],
    "average f1": [
        58.47375016300417
    ]
}