{
    "1": [
        {
            "t_F1": [
                91.27211677475788
            ],
            "e_F1": [
                55.957985188304484
            ],
            "epoch": [
                41
            ]
        }
    ],
    "2": [
        {
            "t_F1": [
                92.7594953433585
            ],
            "e_F1": [
                57.895729086083925
            ],
            "epoch": [
                41
            ]
        }
    ],
    "3": [
        {
            "t_F1": [
                93.00686256530854
            ],
            "e_F1": [
                54.18786043786044
            ],
            "epoch": [
                40
            ]
        }
    ],
    "4": [
        {
            "t_F1": [
                94.47994504567296
            ],
            "e_F1": [
                60.45926609440654
            ],
            "epoch": [
                42
            ]
        }
    ],
    "5": [
        {
            "t_F1": [
                97.65357301039728
            ],
            "e_F1": [
                59.92739267073711
            ],
            "epoch": [
                46
            ]
        }
    ],
    "6": [
        {
            "t_F1": [
                95.95153329813341
            ],
            "e_F1": [
                62.15222066151167
            ],
            "epoch": [
                48
            ]
        }
    ],
    "7": [
        {
            "t_F1": [
                94.70068671276228
            ],
            "e_F1": [
                59.01145291042972
            ],
            "epoch": [
                43
            ]
        }
    ],
    "8": [
        {
            "t_F1": [
                93.41324788657678
            ],
            "e_F1": [
                58.8668827092515
            ],
            "epoch": [
                48
            ]
        }
    ],
    "9": [
        {
            "t_F1": [
                91.740705399231
            ],
            "e_F1": [
                60.710096940508166
            ],
            "epoch": [
                49
            ]
        }
    ],
    "10": [
        {
            "t_F1": [
                94.70303206141527
            ],
            "e_F1": [
                57.62072216688746
            ],
            "epoch": [
                49
            ]
        }
    ],
    "average f1": [
        58.67896088659811
    ]
}