{
    "1": [
        {
            "t_F1": [
                79.37142554727694
            ],
            "e_F1": [
                60.16849653308136
            ],
            "epoch": [
                30
            ]
        }
    ],
    "2": [
        {
            "t_F1": [
                81.54141496960636
            ],
            "e_F1": [
                58.58473198945018
            ],
            "epoch": [
                29
            ]
        }
    ],
    "3": [
        {
            "t_F1": [
                75.15645723217813
            ],
            "e_F1": [
                54.92646537987355
            ],
            "epoch": [
                26
            ]
        }
    ],
    "4": [
        {
            "t_F1": [
                82.7340971616739
            ],
            "e_F1": [
                61.95028418034697
            ],
            "epoch": [
                28
            ]
        }
    ],
    "5": [
        {
            "t_F1": [
                84.82629744353419
            ],
            "e_F1": [
                63.87856171976487
            ],
            "epoch": [
                33
            ]
        }
    ],
    "6": [
        {
            "t_F1": [
                79.61026036043154
            ],
            "e_F1": [
                63.43541686031895
            ],
            "epoch": [
                31
            ]
        }
    ],
    "7": [
        {
            "t_F1": [
                81.56701829202247
            ],
            "e_F1": [
                63.00091628585523
            ],
            "epoch": [
                30
            ]
        }
    ],
    "8": [
        {
            "t_F1": [
                85.99953256736939
            ],
            "e_F1": [
                62.24658403772272
            ],
            "epoch": [
                30
            ]
        }
    ],
    "9": [
        {
            "t_F1": [
                84.69537436640971
            ],
            "e_F1": [
                63.42377623387343
            ],
            "epoch": [
                33
            ]
        }
    ],
    "10": [
        {
            "t_F1": [
                78.7421099894761
            ],
            "e_F1": [
                61.710891444488404
            ],
            "epoch": [
                30
            ]
        }
    ],
    "average f1": [
        61.33261246647758
    ]
}