{
    "1": [
        {
            "t_F1": [
                69.0121345807607
            ],
            "e_F1": [
                55.83643595856383
            ],
            "epoch": [
                120
            ]
        }
    ],
    "2": [
        {
            "t_F1": [
                71.3367983480707
            ],
            "e_F1": [
                57.7142064217616
            ],
            "epoch": [
                152
            ]
        }
    ],
    "3": [
        {
            "t_F1": [
                71.33080342534822
            ],
            "e_F1": [
                55.27500524319689
            ],
            "epoch": [
                128
            ]
        }
    ],
    "4": [
        {
            "t_F1": [
                70.07362789727118
            ],
            "e_F1": [
                62.15386811143683
            ],
            "epoch": [
                161
            ]
        }
    ],
    "5": [
        {
            "t_F1": [
                68.37233919290982
            ],
            "e_F1": [
                56.6992641911591
            ],
            "epoch": [
                145
            ]
        }
    ],
    "6": [
        {
            "t_F1": [
                71.21500898486846
            ],
            "e_F1": [
                61.13468886551379
            ],
            "epoch": [
                136
            ]
        }
    ],
    "7": [
        {
            "t_F1": [
                70.66474915759545
            ],
            "e_F1": [
                58.952657259108875
            ],
            "epoch": [
                159
            ]
        }
    ],
    "8": [
        {
            "t_F1": [
                71.54350567465322
            ],
            "e_F1": [
                58.61266142754664
            ],
            "epoch": [
                137
            ]
        }
    ],
    "9": [
        {
            "t_F1": [
                72.13797755389075
            ],
            "e_F1": [
                57.51055227731775
            ],
            "epoch": [
                144
            ]
        }
    ],
    "10": [
        {
            "t_F1": [
                71.02453793728407
            ],
            "e_F1": [
                58.43687467050627
            ],
            "epoch": [
                144
            ]
        }
    ],
    "average f1": [
        58.23262144261116
    ]
}