{
    "1": [
        {
            "t_F1": [
                100.0
            ],
            "e_F1": [
                55.540036590324924
            ],
            "epoch": [
                18
            ]
        }
    ],
    "2": [
        {
            "t_F1": [
                100.0
            ],
            "e_F1": [
                58.085088937814355
            ],
            "epoch": [
                18
            ]
        }
    ],
    "3": [
        {
            "t_F1": [
                100.0
            ],
            "e_F1": [
                54.19438323261977
            ],
            "epoch": [
                18
            ]
        }
    ],
    "4": [
        {
            "t_F1": [
                100.0
            ],
            "e_F1": [
                61.482305390584116
            ],
            "epoch": [
                20
            ]
        }
    ],
    "5": [
        {
            "t_F1": [
                100.0
            ],
            "e_F1": [
                60.199952386710876
            ],
            "epoch": [
                20
            ]
        }
    ],
    "6": [
        {
            "t_F1": [
                100.0
            ],
            "e_F1": [
                59.391139120701865
            ],
            "epoch": [
                20
            ]
        }
    ],
    "7": [
        {
            "t_F1": [
                95.96762359589863
            ],
            "e_F1": [
                58.60180539278519
            ],
            "epoch": [
                18
            ]
        }
    ],
    "8": [
        {
            "t_F1": [
                100.0
            ],
            "e_F1": [
                60.471664468487596
            ],
            "epoch": [
                20
            ]
        }
    ],
    "9": [
        {
            "t_F1": [
                99.78632088393753
            ],
            "e_F1": [
                55.8783274357206
            ],
            "epoch": [
                18
            ]
        }
    ],
    "10": [
        {
            "t_F1": [
                100.0
            ],
            "e_F1": [
                61.06323318585382
            ],
            "epoch": [
                18
            ]
        }
    ],
    "average f1": [
        58.49079361416032
    ]
}