{
    "1": [
        {
            "t_F1": [
                100.0
            ],
            "e_F1": [
                60.047278195002676
            ],
            "epoch": [
                28
            ]
        }
    ],
    "2": [
        {
            "t_F1": [
                100.0
            ],
            "e_F1": [
                58.76042372418397
            ],
            "epoch": [
                28
            ]
        }
    ],
    "3": [
        {
            "t_F1": [
                100.0
            ],
            "e_F1": [
                57.232758763668244
            ],
            "epoch": [
                28
            ]
        }
    ],
    "4": [
        {
            "t_F1": [
                100.0
            ],
            "e_F1": [
                60.21967345496757
            ],
            "epoch": [
                28
            ]
        }
    ],
    "5": [
        {
            "t_F1": [
                100.0
            ],
            "e_F1": [
                59.93993134896696
            ],
            "epoch": [
                30
            ]
        }
    ],
    "6": [
        {
            "t_F1": [
                100.0
            ],
            "e_F1": [
                61.10802976754746
            ],
            "epoch": [
                28
            ]
        }
    ],
    "7": [
        {
            "t_F1": [
                100.0
            ],
            "e_F1": [
                61.9455011064752
            ],
            "epoch": [
                28
            ]
        }
    ],
    "8": [
        {
            "t_F1": [
                100.0
            ],
            "e_F1": [
                61.373140485265296
            ],
            "epoch": [
                29
            ]
        }
    ],
    "9": [
        {
            "t_F1": [
                100.0
            ],
            "e_F1": [
                58.868830035503336
            ],
            "epoch": [
                29
            ]
        }
    ],
    "10": [
        {
            "t_F1": [
                100.0
            ],
            "e_F1": [
                63.62640455146551
            ],
            "epoch": [
                29
            ]
        }
    ],
    "average f1": [
        60.31219714330463
    ]
}