{
    "1": [
        {
            "t_F1": [
                100.0
            ],
            "e_F1": [
                60.81414500532147
            ],
            "epoch": [
                23
            ]
        }
    ],
    "2": [
        {
            "t_F1": [
                100.0
            ],
            "e_F1": [
                60.77752206099063
            ],
            "epoch": [
                23
            ]
        }
    ],
    "3": [
        {
            "t_F1": [
                99.79157620495006
            ],
            "e_F1": [
                55.12400017269448
            ],
            "epoch": [
                23
            ]
        }
    ],
    "4": [
        {
            "t_F1": [
                99.79157620495006
            ],
            "e_F1": [
                60.64078610969966
            ],
            "epoch": [
                22
            ]
        }
    ],
    "5": [
        {
            "t_F1": [
                100.0
            ],
            "e_F1": [
                63.37968352670919
            ],
            "epoch": [
                24
            ]
        }
    ],
    "6": [
        {
            "t_F1": [
                100.0
            ],
            "e_F1": [
                60.46306933766389
            ],
            "epoch": [
                23
            ]
        }
    ],
    "7": [
        {
            "t_F1": [
                99.78632088393753
            ],
            "e_F1": [
                60.597361992117804
            ],
            "epoch": [
                23
            ]
        }
    ],
    "8": [
        {
            "t_F1": [
                100.0
            ],
            "e_F1": [
                58.52749433106577
            ],
            "epoch": [
                24
            ]
        }
    ],
    "9": [
        {
            "t_F1": [
                100.0
            ],
            "e_F1": [
                59.24129019814086
            ],
            "epoch": [
                23
            ]
        }
    ],
    "10": [
        {
            "t_F1": [
                100.0
            ],
            "e_F1": [
                60.99712555932999
            ],
            "epoch": [
                24
            ]
        }
    ],
    "average f1": [
        60.056247829373376
    ]
}