{
    "1": [
        {
            "t_F1": [
                75.23263927915778
            ],
            "e_F1": [
                59.95376246418396
            ],
            "epoch": [
                144
            ]
        }
    ],
    "2": [
        {
            "t_F1": [
                73.33620896671597
            ],
            "e_F1": [
                59.352659789500386
            ],
            "epoch": [
                127
            ]
        }
    ],
    "3": [
        {
            "t_F1": [
                73.38017639179043
            ],
            "e_F1": [
                61.1338684670633
            ],
            "epoch": [
                135
            ]
        }
    ],
    "4": [
        {
            "t_F1": [
                71.09061186700939
            ],
            "e_F1": [
                62.70925370709715
            ],
            "epoch": [
                134
            ]
        }
    ],
    "5": [
        {
            "t_F1": [
                73.04287367932928
            ],
            "e_F1": [
                61.581317292822256
            ],
            "epoch": [
                120
            ]
        }
    ],
    "6": [
        {
            "t_F1": [
                70.8644779574189
            ],
            "e_F1": [
                63.65667775596155
            ],
            "epoch": [
                143
            ]
        }
    ],
    "7": [
        {
            "t_F1": [
                75.00228727259869
            ],
            "e_F1": [
                58.39258415534303
            ],
            "epoch": [
                154
            ]
        }
    ],
    "8": [
        {
            "t_F1": [
                71.47476423070631
            ],
            "e_F1": [
                62.076246705315285
            ],
            "epoch": [
                127
            ]
        }
    ],
    "9": [
        {
            "t_F1": [
                74.45136203324356
            ],
            "e_F1": [
                63.69489329799648
            ],
            "epoch": [
                144
            ]
        }
    ],
    "10": [
        {
            "t_F1": [
                73.43376418373232
            ],
            "e_F1": [
                61.04052168516618
            ],
            "epoch": [
                134
            ]
        }
    ],
    "average f1": [
        61.35917853204495
    ]
}