{
    "1": [
        {
            "t_F1": [
                70.6981212205362
            ],
            "e_F1": [
                56.897061087365984
            ],
            "epoch": [
                120
            ]
        }
    ],
    "2": [
        {
            "t_F1": [
                70.26988224198412
            ],
            "e_F1": [
                56.84281926283909
            ],
            "epoch": [
                140
            ]
        }
    ],
    "3": [
        {
            "t_F1": [
                71.88577051862077
            ],
            "e_F1": [
                58.4461879265178
            ],
            "epoch": [
                132
            ]
        }
    ],
    "4": [
        {
            "t_F1": [
                72.39050132076136
            ],
            "e_F1": [
                60.89569819424965
            ],
            "epoch": [
                148
            ]
        }
    ],
    "5": [
        {
            "t_F1": [
                70.07458891770688
            ],
            "e_F1": [
                58.91056931513978
            ],
            "epoch": [
                123
            ]
        }
    ],
    "6": [
        {
            "t_F1": [
                73.6090110299716
            ],
            "e_F1": [
                61.39436165967519
            ],
            "epoch": [
                160
            ]
        }
    ],
    "7": [
        {
            "t_F1": [
                68.52415962061353
            ],
            "e_F1": [
                55.623852807919896
            ],
            "epoch": [
                135
            ]
        }
    ],
    "8": [
        {
            "t_F1": [
                67.5158121171913
            ],
            "e_F1": [
                59.84247979480881
            ],
            "epoch": [
                128
            ]
        }
    ],
    "9": [
        {
            "t_F1": [
                76.66420919572307
            ],
            "e_F1": [
                56.14017336892563
            ],
            "epoch": [
                142
            ]
        }
    ],
    "10": [
        {
            "t_F1": [
                68.62001380247413
            ],
            "e_F1": [
                60.885646434426924
            ],
            "epoch": [
                134
            ]
        }
    ],
    "average f1": [
        58.58788498518688
    ]
}