{
    "1": [
        {
            "t_F1": [
                94.07201625679721
            ],
            "e_F1": [
                58.60297043941234
            ],
            "epoch": [
                51
            ]
        }
    ],
    "2": [
        {
            "t_F1": [
                95.31235611611609
            ],
            "e_F1": [
                58.59162020878402
            ],
            "epoch": [
                42
            ]
        }
    ],
    "3": [
        {
            "t_F1": [
                96.61549311079636
            ],
            "e_F1": [
                60.238996060334095
            ],
            "epoch": [
                45
            ]
        }
    ],
    "4": [
        {
            "t_F1": [
                96.63504196749933
            ],
            "e_F1": [
                57.80128508172739
            ],
            "epoch": [
                48
            ]
        }
    ],
    "5": [
        {
            "t_F1": [
                95.95862545908469
            ],
            "e_F1": [
                60.766042132184175
            ],
            "epoch": [
                48
            ]
        }
    ],
    "6": [
        {
            "t_F1": [
                90.6376484818254
            ],
            "e_F1": [
                59.880029585475846
            ],
            "epoch": [
                47
            ]
        }
    ],
    "7": [
        {
            "t_F1": [
                94.48979795941004
            ],
            "e_F1": [
                61.155354120724134
            ],
            "epoch": [
                42
            ]
        }
    ],
    "8": [
        {
            "t_F1": [
                92.1266412837255
            ],
            "e_F1": [
                58.84551639469016
            ],
            "epoch": [
                43
            ]
        }
    ],
    "9": [
        {
            "t_F1": [
                94.27370503418673
            ],
            "e_F1": [
                60.171275180185745
            ],
            "epoch": [
                44
            ]
        }
    ],
    "10": [
        {
            "t_F1": [
                92.36615704970136
            ],
            "e_F1": [
                61.80979380203959
            ],
            "epoch": [
                43
            ]
        }
    ],
    "average f1": [
        59.78628830055576
    ]
}