{
    "1": [
        {
            "t_F1": [
                97.8619697209307
            ],
            "e_F1": [
                58.89826193983592
            ],
            "epoch": [
                53
            ]
        }
    ],
    "2": [
        {
            "t_F1": [
                96.62828726287115
            ],
            "e_F1": [
                57.12483297205808
            ],
            "epoch": [
                50
            ]
        }
    ],
    "3": [
        {
            "t_F1": [
                94.46352095674871
            ],
            "e_F1": [
                58.00017204544764
            ],
            "epoch": [
                44
            ]
        }
    ],
    "4": [
        {
            "t_F1": [
                95.77387983257198
            ],
            "e_F1": [
                61.23974210495267
            ],
            "epoch": [
                44
            ]
        }
    ],
    "5": [
        {
            "t_F1": [
                96.40422333167268
            ],
            "e_F1": [
                61.44074029269889
            ],
            "epoch": [
                44
            ]
        }
    ],
    "6": [
        {
            "t_F1": [
                96.19097759067058
            ],
            "e_F1": [
                61.43109525889878
            ],
            "epoch": [
                49
            ]
        }
    ],
    "7": [
        {
            "t_F1": [
                98.73392240080173
            ],
            "e_F1": [
                58.267096397326526
            ],
            "epoch": [
                53
            ]
        }
    ],
    "8": [
        {
            "t_F1": [
                95.13662856653188
            ],
            "e_F1": [
                60.29681020407428
            ],
            "epoch": [
                43
            ]
        }
    ],
    "9": [
        {
            "t_F1": [
                94.30047224250528
            ],
            "e_F1": [
                57.88858593230791
            ],
            "epoch": [
                48
            ]
        }
    ],
    "10": [
        {
            "t_F1": [
                94.8803568306708
            ],
            "e_F1": [
                59.109134019019706
            ],
            "epoch": [
                48
            ]
        }
    ],
    "average f1": [
        59.369647116662044
    ]
}