{
    "1": [
        {
            "t_F1": [
                68.89918534494589
            ],
            "e_F1": [
                56.04682510385635
            ],
            "epoch": [
                115
            ]
        }
    ],
    "2": [
        {
            "t_F1": [
                68.61341413362032
            ],
            "e_F1": [
                57.02927116043648
            ],
            "epoch": [
                132
            ]
        }
    ],
    "3": [
        {
            "t_F1": [
                68.02539813244542
            ],
            "e_F1": [
                53.915988826391455
            ],
            "epoch": [
                128
            ]
        }
    ],
    "4": [
        {
            "t_F1": [
                70.37021590206416
            ],
            "e_F1": [
                61.60008528140594
            ],
            "epoch": [
                151
            ]
        }
    ],
    "5": [
        {
            "t_F1": [
                63.68315614471924
            ],
            "e_F1": [
                57.238416997103656
            ],
            "epoch": [
                109
            ]
        }
    ],
    "6": [
        {
            "t_F1": [
                70.24928036472915
            ],
            "e_F1": [
                60.82343676646526
            ],
            "epoch": [
                130
            ]
        }
    ],
    "7": [
        {
            "t_F1": [
                68.30489619864338
            ],
            "e_F1": [
                58.572679163448306
            ],
            "epoch": [
                130
            ]
        }
    ],
    "8": [
        {
            "t_F1": [
                68.902278437045
            ],
            "e_F1": [
                56.067608730804565
            ],
            "epoch": [
                112
            ]
        }
    ],
    "9": [
        {
            "t_F1": [
                70.90340363591315
            ],
            "e_F1": [
                56.841517857142854
            ],
            "epoch": [
                130
            ]
        }
    ],
    "10": [
        {
            "t_F1": [
                65.37740414688902
            ],
            "e_F1": [
                59.44849456878325
            ],
            "epoch": [
                117
            ]
        }
    ],
    "average f1": [
        57.7584324455838
    ]
}