{
    "1": [
        {
            "t_F1": [
                58.375322686546625
            ],
            "e_F1": [
                48.18561336792211
            ],
            "epoch": [
                82
            ]
        }
    ],
    "2": [
        {
            "t_F1": [
                69.5217794594468
            ],
            "e_F1": [
                58.56174473304947
            ],
            "epoch": [
                148
            ]
        }
    ],
    "3": [
        {
            "t_F1": [
                67.54797347770895
            ],
            "e_F1": [
                56.212874250097464
            ],
            "epoch": [
                123
            ]
        }
    ],
    "4": [
        {
            "t_F1": [
                64.52037465271292
            ],
            "e_F1": [
                56.14863840810145
            ],
            "epoch": [
                127
            ]
        }
    ],
    "5": [
        {
            "t_F1": [
                66.8517479454142
            ],
            "e_F1": [
                54.64116581892934
            ],
            "epoch": [
                117
            ]
        }
    ],
    "6": [
        {
            "t_F1": [
                68.5353953336017
            ],
            "e_F1": [
                59.29693669414131
            ],
            "epoch": [
                139
            ]
        }
    ],
    "7": [
        {
            "t_F1": [
                72.12898111283415
            ],
            "e_F1": [
                55.64863085403796
            ],
            "epoch": [
                151
            ]
        }
    ],
    "8": [
        {
            "t_F1": [
                67.02887730019069
            ],
            "e_F1": [
                53.11322299058061
            ],
            "epoch": [
                105
            ]
        }
    ],
    "9": [
        {
            "t_F1": [
                69.24560402286617
            ],
            "e_F1": [
                52.472974903566836
            ],
            "epoch": [
                128
            ]
        }
    ],
    "10": [
        {
            "t_F1": [
                67.6561993239943
            ],
            "e_F1": [
                60.200416362235856
            ],
            "epoch": [
                132
            ]
        }
    ],
    "average f1": [
        55.448221838266235
    ]
}