{
    "1": [
        {
            "t_F1": [
                71.07595760160935
            ],
            "e_F1": [
                57.228520848883505
            ],
            "epoch": [
                156
            ]
        }
    ],
    "2": [
        {
            "t_F1": [
                73.60108588699669
            ],
            "e_F1": [
                58.954424829885795
            ],
            "epoch": [
                142
            ]
        }
    ],
    "3": [
        {
            "t_F1": [
                70.12741334341929
            ],
            "e_F1": [
                58.52079973228881
            ],
            "epoch": [
                124
            ]
        }
    ],
    "4": [
        {
            "t_F1": [
                70.81073625625083
            ],
            "e_F1": [
                60.759928505816795
            ],
            "epoch": [
                154
            ]
        }
    ],
    "5": [
        {
            "t_F1": [
                74.49552111436078
            ],
            "e_F1": [
                59.615931062929306
            ],
            "epoch": [
                177
            ]
        }
    ],
    "6": [
        {
            "t_F1": [
                70.06686473810588
            ],
            "e_F1": [
                59.61551010354186
            ],
            "epoch": [
                146
            ]
        }
    ],
    "7": [
        {
            "t_F1": [
                68.76165744779938
            ],
            "e_F1": [
                58.50975610537896
            ],
            "epoch": [
                156
            ]
        }
    ],
    "8": [
        {
            "t_F1": [
                68.67905604904641
            ],
            "e_F1": [
                61.24469600106891
            ],
            "epoch": [
                145
            ]
        }
    ],
    "9": [
        {
            "t_F1": [
                71.5839785245239
            ],
            "e_F1": [
                57.5117352877224
            ],
            "epoch": [
                139
            ]
        }
    ],
    "10": [
        {
            "t_F1": [
                73.59744686831199
            ],
            "e_F1": [
                64.47284303386967
            ],
            "epoch": [
                169
            ]
        }
    ],
    "average f1": [
        59.643414551138605
    ]
}