{
    "1": [
        {
            "t_F1": [
                99.78632088393753
            ],
            "e_F1": [
                57.7141329122362
            ],
            "epoch": [
                18
            ]
        }
    ],
    "2": [
        {
            "t_F1": [
                100.0
            ],
            "e_F1": [
                59.87045294548421
            ],
            "epoch": [
                19
            ]
        }
    ],
    "3": [
        {
            "t_F1": [
                100.0
            ],
            "e_F1": [
                57.71658032643538
            ],
            "epoch": [
                18
            ]
        }
    ],
    "4": [
        {
            "t_F1": [
                100.0
            ],
            "e_F1": [
                60.15862702732085
            ],
            "epoch": [
                18
            ]
        }
    ],
    "5": [
        {
            "t_F1": [
                100.0
            ],
            "e_F1": [
                61.857775224867
            ],
            "epoch": [
                18
            ]
        }
    ],
    "6": [
        {
            "t_F1": [
                99.3658880127694
            ],
            "e_F1": [
                59.42481808014968
            ],
            "epoch": [
                18
            ]
        }
    ],
    "7": [
        {
            "t_F1": [
                99.16795631450448
            ],
            "e_F1": [
                61.74564292531443
            ],
            "epoch": [
                18
            ]
        }
    ],
    "8": [
        {
            "t_F1": [
                100.0
            ],
            "e_F1": [
                58.43999533175301
            ],
            "epoch": [
                19
            ]
        }
    ],
    "9": [
        {
            "t_F1": [
                100.0
            ],
            "e_F1": [
                58.78229432300884
            ],
            "epoch": [
                18
            ]
        }
    ],
    "10": [
        {
            "t_F1": [
                99.15839205117443
            ],
            "e_F1": [
                60.32001393398162
            ],
            "epoch": [
                20
            ]
        }
    ],
    "average f1": [
        59.60303330305512
    ]
}