{
    "1": [
        {
            "t_F1": [
                100.0
            ],
            "e_F1": [
                56.16240230069531
            ],
            "epoch": [
                18
            ]
        }
    ],
    "2": [
        {
            "t_F1": [
                99.78721863059344
            ],
            "e_F1": [
                57.98673407293629
            ],
            "epoch": [
                17
            ]
        }
    ],
    "average f1": [
        57.074568186815796
    ]
}