{
    "1": [
        {
            "t_F1": [
                95.13094630390387
            ],
            "e_F1": [
                61.63040947695917
            ],
            "epoch": [
                55
            ]
        }
    ],
    "2": [
        {
            "t_F1": [
                98.93763915005987
            ],
            "e_F1": [
                60.88988004771229
            ],
            "epoch": [
                55
            ]
        }
    ],
    "3": [
        {
            "t_F1": [
                97.448849490639
            ],
            "e_F1": [
                59.12505959914579
            ],
            "epoch": [
                53
            ]
        }
    ],
    "4": [
        {
            "t_F1": [
                99.16161533210864
            ],
            "e_F1": [
                60.02744866190339
            ],
            "epoch": [
                55
            ]
        }
    ],
    "5": [
        {
            "t_F1": [
                99.36509230344699
            ],
            "e_F1": [
                58.40547820433978
            ],
            "epoch": [
                52
            ]
        }
    ],
    "6": [
        {
            "t_F1": [
                95.94197233778358
            ],
            "e_F1": [
                61.14097345325096
            ],
            "epoch": [
                55
            ]
        }
    ],
    "7": [
        {
            "t_F1": [
                98.72249499909074
            ],
            "e_F1": [
                60.686834037893725
            ],
            "epoch": [
                57
            ]
        }
    ],
    "8": [
        {
            "t_F1": [
                96.18746206708842
            ],
            "e_F1": [
                62.9983429511473
            ],
            "epoch": [
                50
            ]
        }
    ],
    "9": [
        {
            "t_F1": [
                97.23107613704359
            ],
            "e_F1": [
                61.337954113438386
            ],
            "epoch": [
                53
            ]
        }
    ],
    "10": [
        {
            "t_F1": [
                97.65186459069531
            ],
            "e_F1": [
                61.01451364343819
            ],
            "epoch": [
                51
            ]
        }
    ],
    "average f1": [
        60.72568941892291
    ]
}