{
    "1": [
        {
            "t_F1": [
                100.0
            ],
            "e_F1": [
                58.48807289629801
            ],
            "epoch": [
                18
            ]
        }
    ],
    "2": [
        {
            "t_F1": [
                99.78813178920909
            ],
            "e_F1": [
                58.53366773165655
            ],
            "epoch": [
                17
            ]
        }
    ],
    "3": [
        {
            "t_F1": [
                100.0
            ],
            "e_F1": [
                58.58897877687096
            ],
            "epoch": [
                18
            ]
        }
    ],
    "4": [
        {
            "t_F1": [
                100.0
            ],
            "e_F1": [
                57.74674686763864
            ],
            "epoch": [
                18
            ]
        }
    ],
    "5": [
        {
            "t_F1": [
                100.0
            ],
            "e_F1": [
                59.14143038455729
            ],
            "epoch": [
                18
            ]
        }
    ],
    "6": [
        {
            "t_F1": [
                100.0
            ],
            "e_F1": [
                56.723636269466425
            ],
            "epoch": [
                19
            ]
        }
    ],
    "7": [
        {
            "t_F1": [
                100.0
            ],
            "e_F1": [
                56.18200607143892
            ],
            "epoch": [
                18
            ]
        }
    ],
    "8": [
        {
            "t_F1": [
                100.0
            ],
            "e_F1": [
                58.687464387464395
            ],
            "epoch": [
                18
            ]
        }
    ],
    "9": [
        {
            "t_F1": [
                99.78721863059344
            ],
            "e_F1": [
                58.072953089967406
            ],
            "epoch": [
                18
            ]
        }
    ],
    "10": [
        {
            "t_F1": [
                100.0
            ],
            "e_F1": [
                61.542701880492544
            ],
            "epoch": [
                18
            ]
        }
    ],
    "average f1": [
        58.37076583558512
    ]
}