{
    "1": [
        {
            "t_F1": [
                73.33823941687693
            ],
            "e_F1": [
                59.32306444936364
            ],
            "epoch": [
                130
            ]
        }
    ],
    "2": [
        {
            "t_F1": [
                72.13743368932572
            ],
            "e_F1": [
                60.79309452448636
            ],
            "epoch": [
                120
            ]
        }
    ],
    "3": [
        {
            "t_F1": [
                72.50460576967956
            ],
            "e_F1": [
                59.54387524524321
            ],
            "epoch": [
                137
            ]
        }
    ],
    "4": [
        {
            "t_F1": [
                72.66688473771015
            ],
            "e_F1": [
                63.24081723508313
            ],
            "epoch": [
                153
            ]
        }
    ],
    "5": [
        {
            "t_F1": [
                71.75038682618226
            ],
            "e_F1": [
                60.77221969302538
            ],
            "epoch": [
                120
            ]
        }
    ],
    "6": [
        {
            "t_F1": [
                73.895565217331
            ],
            "e_F1": [
                65.64070024489635
            ],
            "epoch": [
                146
            ]
        }
    ],
    "7": [
        {
            "t_F1": [
                72.49215356758523
            ],
            "e_F1": [
                61.147309105190196
            ],
            "epoch": [
                141
            ]
        }
    ],
    "8": [
        {
            "t_F1": [
                72.45148485871181
            ],
            "e_F1": [
                61.548367512592115
            ],
            "epoch": [
                123
            ]
        }
    ],
    "9": [
        {
            "t_F1": [
                74.83479092609446
            ],
            "e_F1": [
                62.49598836068417
            ],
            "epoch": [
                148
            ]
        }
    ],
    "10": [
        {
            "t_F1": [
                77.97220888069442
            ],
            "e_F1": [
                62.31026070515646
            ],
            "epoch": [
                171
            ]
        }
    ],
    "average f1": [
        61.68156970757209
    ]
}