{
    "1": [
        {
            "t_F1": [
                97.02673706244636
            ],
            "e_F1": [
                55.37115493982772
            ],
            "epoch": [
                13
            ]
        }
    ],
    "2": [
        {
            "t_F1": [
                99.78721863059344
            ],
            "e_F1": [
                61.23282149881808
            ],
            "epoch": [
                14
            ]
        }
    ],
    "3": [
        {
            "t_F1": [
                100.0
            ],
            "e_F1": [
                59.276146223241795
            ],
            "epoch": [
                14
            ]
        }
    ],
    "4": [
        {
            "t_F1": [
                99.78813178920909
            ],
            "e_F1": [
                59.35515536723164
            ],
            "epoch": [
                13
            ]
        }
    ],
    "5": [
        {
            "t_F1": [
                97.86309175920515
            ],
            "e_F1": [
                59.467242802014
            ],
            "epoch": [
                14
            ]
        }
    ],
    "6": [
        {
            "t_F1": [
                99.78721863059344
            ],
            "e_F1": [
                61.06506981993364
            ],
            "epoch": [
                14
            ]
        }
    ],
    "7": [
        {
            "t_F1": [
                98.72583318329681
            ],
            "e_F1": [
                60.89731005709267
            ],
            "epoch": [
                13
            ]
        }
    ],
    "8": [
        {
            "t_F1": [
                99.79335667321322
            ],
            "e_F1": [
                59.7404756969934
            ],
            "epoch": [
                13
            ]
        }
    ],
    "9": [
        {
            "t_F1": [
                94.49518210568645
            ],
            "e_F1": [
                63.32547151819148
            ],
            "epoch": [
                13
            ]
        }
    ],
    "10": [
        {
            "t_F1": [
                97.65897467173372
            ],
            "e_F1": [
                44.15122036835491
            ],
            "epoch": [
                14
            ]
        }
    ],
    "average f1": [
        58.38820682916994
    ]
}