{
    "1": [
        {
            "t_F1": [
                95.15326285051616
            ],
            "e_F1": [
                56.689892233370486
            ],
            "epoch": [
                8
            ]
        }
    ],
    "2": [
        {
            "t_F1": [
                96.21768565745866
            ],
            "e_F1": [
                58.42875416142862
            ],
            "epoch": [
                9
            ]
        }
    ],
    "3": [
        {
            "t_F1": [
                95.76200227030864
            ],
            "e_F1": [
                60.233884677248795
            ],
            "epoch": [
                8
            ]
        }
    ],
    "4": [
        {
            "t_F1": [
                91.8979120244025
            ],
            "e_F1": [
                57.3407871921633
            ],
            "epoch": [
                10
            ]
        }
    ],
    "5": [
        {
            "t_F1": [
                95.12374529050149
            ],
            "e_F1": [
                62.375747820789584
            ],
            "epoch": [
                8
            ]
        }
    ],
    "6": [
        {
            "t_F1": [
                91.52478992253938
            ],
            "e_F1": [
                56.086401900855364
            ],
            "epoch": [
                8
            ]
        }
    ],
    "7": [
        {
            "t_F1": [
                88.13351187762053
            ],
            "e_F1": [
                61.77033019138282
            ],
            "epoch": [
                8
            ]
        }
    ],
    "8": [
        {
            "t_F1": [
                95.31587463547669
            ],
            "e_F1": [
                59.46432271432271
            ],
            "epoch": [
                9
            ]
        }
    ],
    "9": [
        {
            "t_F1": [
                91.75499056232631
            ],
            "e_F1": [
                52.21686284447969
            ],
            "epoch": [
                8
            ]
        }
    ],
    "10": [
        {
            "t_F1": [
                93.62035178752964
            ],
            "e_F1": [
                58.32746627650439
            ],
            "epoch": [
                8
            ]
        }
    ],
    "average f1": [
        58.293445001254575
    ]
}