{
    "1": [
        {
            "t_F1": [
                24.64333200303454
            ],
            "e_F1": [
                9.813874788494077
            ],
            "epoch": [
                24
            ]
        }
    ],
    "2": [
        {
            "t_F1": [
                23.93830877097556
            ],
            "e_F1": [
                9.881756756756756
            ],
            "epoch": [
                28
            ]
        }
    ],
    "3": [
        {
            "t_F1": [
                25.327108184602647
            ],
            "e_F1": [
                10.28428093645485
            ],
            "epoch": [
                16
            ]
        }
    ],
    "4": [
        {
            "t_F1": [
                24.09930659532858
            ],
            "e_F1": [
                9.881756756756756
            ],
            "epoch": [
                27
            ]
        }
    ],
    "5": [
        {
            "t_F1": [
                22.502088123753897
            ],
            "e_F1": [
                10.28428093645485
            ],
            "epoch": [
                16
            ]
        }
    ],
    "6": [
        {
            "t_F1": [
                22.522129302243556
            ],
            "e_F1": [
                10.389945029775538
            ],
            "epoch": [
                18
            ]
        }
    ],
    "7": [
        {
            "t_F1": [
                25.190408044115166
            ],
            "e_F1": [
                9.881756756756756
            ],
            "epoch": [
                16
            ]
        }
    ],
    "8": [
        {
            "t_F1": [
                24.667570223055325
            ],
            "e_F1": [
                9.949409780775719
            ],
            "epoch": [
                28
            ]
        }
    ],
    "9": [
        {
            "t_F1": [
                22.92897942404733
            ],
            "e_F1": [
                10.28428093645485
            ],
            "epoch": [
                18
            ]
        }
    ],
    "10": [
        {
            "t_F1": [
                30.830835535841832
            ],
            "e_F1": [
                9.881756756756756
            ],
            "epoch": [
                16
            ]
        }
    ],
    "average f1": [
        10.053309943543692
    ]
}