{
    "1": [
        {
            "t_F1": [
                99.78723404255318
            ],
            "e_F1": [
                58.47564996031658
            ],
            "epoch": [
                15
            ]
        }
    ],
    "2": [
        {
            "t_F1": [
                95.7689886158327
            ],
            "e_F1": [
                53.72243544246258
            ],
            "epoch": [
                13
            ]
        }
    ],
    "3": [
        {
            "t_F1": [
                100.0
            ],
            "e_F1": [
                58.476208232935974
            ],
            "epoch": [
                13
            ]
        }
    ],
    "4": [
        {
            "t_F1": [
                96.39069380593206
            ],
            "e_F1": [
                59.995982722750504
            ],
            "epoch": [
                14
            ]
        }
    ],
    "5": [
        {
            "t_F1": [
                95.11394687229424
            ],
            "e_F1": [
                56.66174196486489
            ],
            "epoch": [
                13
            ]
        }
    ],
    "6": [
        {
            "t_F1": [
                99.57074428887252
            ],
            "e_F1": [
                54.44389820705611
            ],
            "epoch": [
                14
            ]
        }
    ],
    "7": [
        {
            "t_F1": [
                99.15843848719075
            ],
            "e_F1": [
                59.93957526870077
            ],
            "epoch": [
                14
            ]
        }
    ],
    "8": [
        {
            "t_F1": [
                97.87535696806412
            ],
            "e_F1": [
                56.43693509077495
            ],
            "epoch": [
                13
            ]
        }
    ],
    "9": [
        {
            "t_F1": [
                94.88583966674085
            ],
            "e_F1": [
                61.17613680210996
            ],
            "epoch": [
                13
            ]
        }
    ],
    "10": [
        {
            "t_F1": [
                97.6692087126904
            ],
            "e_F1": [
                48.73897017522664
            ],
            "epoch": [
                12
            ]
        }
    ],
    "average f1": [
        56.806753386719905
    ]
}