{
    "1": [
        {
            "t_F1": [
                100.0
            ],
            "e_F1": [
                59.596399255619694
            ],
            "epoch": [
                20
            ]
        }
    ],
    "2": [
        {
            "t_F1": [
                99.57445647715788
            ],
            "e_F1": [
                59.846917574454686
            ],
            "epoch": [
                18
            ]
        }
    ],
    "3": [
        {
            "t_F1": [
                99.78632088393753
            ],
            "e_F1": [
                55.37627011111993
            ],
            "epoch": [
                20
            ]
        }
    ],
    "4": [
        {
            "t_F1": [
                100.0
            ],
            "e_F1": [
                57.8116791922841
            ],
            "epoch": [
                17
            ]
        }
    ],
    "5": [
        {
            "t_F1": [
                100.0
            ],
            "e_F1": [
                60.14738714967548
            ],
            "epoch": [
                18
            ]
        }
    ],
    "6": [
        {
            "t_F1": [
                100.0
            ],
            "e_F1": [
                61.192818642183376
            ],
            "epoch": [
                18
            ]
        }
    ],
    "7": [
        {
            "t_F1": [
                100.0
            ],
            "e_F1": [
                62.352251380965704
            ],
            "epoch": [
                18
            ]
        }
    ],
    "8": [
        {
            "t_F1": [
                100.0
            ],
            "e_F1": [
                58.72567372743337
            ],
            "epoch": [
                18
            ]
        }
    ],
    "9": [
        {
            "t_F1": [
                99.79157620495006
            ],
            "e_F1": [
                60.2200462166254
            ],
            "epoch": [
                19
            ]
        }
    ],
    "10": [
        {
            "t_F1": [
                100.0
            ],
            "e_F1": [
                62.001320729787544
            ],
            "epoch": [
                20
            ]
        }
    ],
    "average f1": [
        59.72707639801492
    ]
}