{
    "1": [
        {
            "t_F1": [
                88.73986795990272
            ],
            "e_F1": [
                57.39470856603233
            ],
            "epoch": [
                37
            ]
        }
    ],
    "2": [
        {
            "t_F1": [
                93.62476827622694
            ],
            "e_F1": [
                58.915438585582216
            ],
            "epoch": [
                38
            ]
        }
    ],
    "3": [
        {
            "t_F1": [
                91.94818526141063
            ],
            "e_F1": [
                61.188702161790545
            ],
            "epoch": [
                38
            ]
        }
    ],
    "4": [
        {
            "t_F1": [
                88.85500518595302
            ],
            "e_F1": [
                61.53298279835096
            ],
            "epoch": [
                39
            ]
        }
    ],
    "5": [
        {
            "t_F1": [
                94.26510171534149
            ],
            "e_F1": [
                61.32642085411073
            ],
            "epoch": [
                39
            ]
        }
    ],
    "6": [
        {
            "t_F1": [
                88.15364961584761
            ],
            "e_F1": [
                59.70659983467448
            ],
            "epoch": [
                37
            ]
        }
    ],
    "7": [
        {
            "t_F1": [
                91.2794043286035
            ],
            "e_F1": [
                60.19871621011333
            ],
            "epoch": [
                41
            ]
        }
    ],
    "8": [
        {
            "t_F1": [
                92.13218135990222
            ],
            "e_F1": [
                60.49446516579985
            ],
            "epoch": [
                38
            ]
        }
    ],
    "9": [
        {
            "t_F1": [
                92.56417885359551
            ],
            "e_F1": [
                60.31784707022179
            ],
            "epoch": [
                45
            ]
        }
    ],
    "10": [
        {
            "t_F1": [
                91.09269153135237
            ],
            "e_F1": [
                62.13021447009065
            ],
            "epoch": [
                42
            ]
        }
    ],
    "average f1": [
        60.320609571676684
    ]
}