{
    "1": [
        {
            "t_F1": [
                91.26678252735113
            ],
            "e_F1": [
                57.138801152936715
            ],
            "epoch": [
                7
            ]
        }
    ],
    "2": [
        {
            "t_F1": [
                94.66623352376685
            ],
            "e_F1": [
                58.62584214904414
            ],
            "epoch": [
                7
            ]
        }
    ],
    "average f1": [
        5788.2321650990425
    ]
}