{
    "1": [
        {
            "t_F1": [
                100.0
            ],
            "e_F1": [
                60.98984675211583
            ],
            "epoch": [
                24
            ]
        }
    ],
    "2": [
        {
            "t_F1": [
                99.78813178920909
            ],
            "e_F1": [
                60.836873816136986
            ],
            "epoch": [
                23
            ]
        }
    ],
    "3": [
        {
            "t_F1": [
                100.0
            ],
            "e_F1": [
                55.56258982324719
            ],
            "epoch": [
                24
            ]
        }
    ],
    "4": [
        {
            "t_F1": [
                100.0
            ],
            "e_F1": [
                60.5577352921697
            ],
            "epoch": [
                25
            ]
        }
    ],
    "5": [
        {
            "t_F1": [
                100.0
            ],
            "e_F1": [
                61.07175434104841
            ],
            "epoch": [
                23
            ]
        }
    ],
    "6": [
        {
            "t_F1": [
                100.0
            ],
            "e_F1": [
                59.741263694610545
            ],
            "epoch": [
                25
            ]
        }
    ],
    "7": [
        {
            "t_F1": [
                100.0
            ],
            "e_F1": [
                58.685860060071896
            ],
            "epoch": [
                23
            ]
        }
    ],
    "8": [
        {
            "t_F1": [
                100.0
            ],
            "e_F1": [
                57.17283659761536
            ],
            "epoch": [
                23
            ]
        }
    ],
    "9": [
        {
            "t_F1": [
                98.31086024397898
            ],
            "e_F1": [
                55.31322737130016
            ],
            "epoch": [
                35
            ]
        }
    ],
    "10": [
        {
            "t_F1": [
                99.79157620495006
            ],
            "e_F1": [
                59.590734935562516
            ],
            "epoch": [
                22
            ]
        }
    ],
    "average f1": [
        58.95227226838786
    ]
}