{
    "1": [
        {
            "t_F1": [
                95.32465232913162
            ],
            "e_F1": [
                57.36884993474894
            ],
            "epoch": [
                48
            ]
        }
    ],
    "2": [
        {
            "t_F1": [
                97.66374805738046
            ],
            "e_F1": [
                53.890399475288575
            ],
            "epoch": [
                48
            ]
        }
    ],
    "3": [
        {
            "t_F1": [
                94.90481397634348
            ],
            "e_F1": [
                56.66769469854466
            ],
            "epoch": [
                49
            ]
        }
    ],
    "4": [
        {
            "t_F1": [
                91.92429993302198
            ],
            "e_F1": [
                58.662852065629835
            ],
            "epoch": [
                49
            ]
        }
    ],
    "5": [
        {
            "t_F1": [
                95.31646329604398
            ],
            "e_F1": [
                61.31306867789568
            ],
            "epoch": [
                49
            ]
        }
    ],
    "6": [
        {
            "t_F1": [
                98.0924878861024
            ],
            "e_F1": [
                58.18558291901712
            ],
            "epoch": [
                61
            ]
        }
    ],
    "7": [
        {
            "t_F1": [
                93.39092509361069
            ],
            "e_F1": [
                59.07727020870707
            ],
            "epoch": [
                53
            ]
        }
    ],
    "8": [
        {
            "t_F1": [
                96.80868779139442
            ],
            "e_F1": [
                57.79655198602567
            ],
            "epoch": [
                48
            ]
        }
    ],
    "9": [
        {
            "t_F1": [
                97.87729265819387
            ],
            "e_F1": [
                57.46525599776312
            ],
            "epoch": [
                47
            ]
        }
    ],
    "10": [
        {
            "t_F1": [
                97.44878354690876
            ],
            "e_F1": [
                59.83977679298144
            ],
            "epoch": [
                58
            ]
        }
    ],
    "average f1": [
        58.02673027566021
    ]
}