{
    "1": [
        {
            "t_F1": [
                85.53580849842925
            ],
            "e_F1": [
                54.27426268538142
            ],
            "epoch": [
                36
            ]
        }
    ],
    "2": [
        {
            "t_F1": [
                92.15181039769085
            ],
            "e_F1": [
                59.93775275126121
            ],
            "epoch": [
                36
            ]
        }
    ],
    "3": [
        {
            "t_F1": [
                90.03493833095986
            ],
            "e_F1": [
                55.09003659989175
            ],
            "epoch": [
                36
            ]
        }
    ],
    "4": [
        {
            "t_F1": [
                96.38945695723234
            ],
            "e_F1": [
                57.81078952988376
            ],
            "epoch": [
                47
            ]
        }
    ],
    "5": [
        {
            "t_F1": [
                93.21024743366723
            ],
            "e_F1": [
                61.62017245746526
            ],
            "epoch": [
                37
            ]
        }
    ],
    "6": [
        {
            "t_F1": [
                91.68804736274657
            ],
            "e_F1": [
                58.930637848147484
            ],
            "epoch": [
                45
            ]
        }
    ],
    "7": [
        {
            "t_F1": [
                95.96894870539822
            ],
            "e_F1": [
                60.05443146725765
            ],
            "epoch": [
                45
            ]
        }
    ],
    "8": [
        {
            "t_F1": [
                87.65290571077038
            ],
            "e_F1": [
                55.313414244650275
            ],
            "epoch": [
                36
            ]
        }
    ],
    "9": [
        {
            "t_F1": [
                93.43746658392627
            ],
            "e_F1": [
                55.13122291039896
            ],
            "epoch": [
                41
            ]
        }
    ],
    "10": [
        {
            "t_F1": [
                90.63730016250604
            ],
            "e_F1": [
                59.32827102819003
            ],
            "epoch": [
                38
            ]
        }
    ],
    "average f1": [
        57.74909915225278
    ]
}