{
    "1": [
        {
            "t_F1": [
                95.74110287404807
            ],
            "e_F1": [
                58.00678735363085
            ],
            "epoch": [
                8
            ]
        }
    ],
    "2": [
        {
            "t_F1": [
                91.9921179502015
            ],
            "e_F1": [
                53.36142690534862
            ],
            "epoch": [
                8
            ]
        }
    ],
    "3": [
        {
            "t_F1": [
                94.90663773878441
            ],
            "e_F1": [
                52.216307457948965
            ],
            "epoch": [
                8
            ]
        }
    ],
    "4": [
        {
            "t_F1": [
                91.93637130004471
            ],
            "e_F1": [
                57.59448886297247
            ],
            "epoch": [
                8
            ]
        }
    ],
    "5": [
        {
            "t_F1": [
                94.46812766886875
            ],
            "e_F1": [
                60.30858740962191
            ],
            "epoch": [
                10
            ]
        }
    ],
    "6": [
        {
            "t_F1": [
                91.71380596501368
            ],
            "e_F1": [
                57.45974620927387
            ],
            "epoch": [
                9
            ]
        }
    ],
    "7": [
        {
            "t_F1": [
                94.29199374135864
            ],
            "e_F1": [
                56.21760198332206
            ],
            "epoch": [
                8
            ]
        }
    ],
    "8": [
        {
            "t_F1": [
                93.18356113787671
            ],
            "e_F1": [
                59.02182261314395
            ],
            "epoch": [
                8
            ]
        }
    ],
    "9": [
        {
            "t_F1": [
                92.79387485834263
            ],
            "e_F1": [
                54.89300532327916
            ],
            "epoch": [
                8
            ]
        }
    ],
    "10": [
        {
            "t_F1": [
                98.51177152083541
            ],
            "e_F1": [
                59.42495918805496
            ],
            "epoch": [
                11
            ]
        }
    ],
    "average f1": [
        56.85047333065968
    ]
}