{
    "1": [
        {
            "t_F1": [
                100.0
            ],
            "e_F1": [
                57.88259228093252
            ],
            "epoch": [
                19
            ]
        }
    ],
    "2": [
        {
            "t_F1": [
                100.0
            ],
            "e_F1": [
                58.95190998873684
            ],
            "epoch": [
                18
            ]
        }
    ],
    "3": [
        {
            "t_F1": [
                100.0
            ],
            "e_F1": [
                57.739422959852206
            ],
            "epoch": [
                19
            ]
        }
    ],
    "4": [
        {
            "t_F1": [
                100.0
            ],
            "e_F1": [
                58.306725072789035
            ],
            "epoch": [
                19
            ]
        }
    ],
    "5": [
        {
            "t_F1": [
                100.0
            ],
            "e_F1": [
                57.465003226999336
            ],
            "epoch": [
                20
            ]
        }
    ],
    "6": [
        {
            "t_F1": [
                100.0
            ],
            "e_F1": [
                57.22379038110168
            ],
            "epoch": [
                18
            ]
        }
    ],
    "7": [
        {
            "t_F1": [
                100.0
            ],
            "e_F1": [
                58.7850336735204
            ],
            "epoch": [
                20
            ]
        }
    ],
    "8": [
        {
            "t_F1": [
                99.79157620495006
            ],
            "e_F1": [
                59.77596785929048
            ],
            "epoch": [
                18
            ]
        }
    ],
    "9": [
        {
            "t_F1": [
                100.0
            ],
            "e_F1": [
                59.70351623866155
            ],
            "epoch": [
                19
            ]
        }
    ],
    "10": [
        {
            "t_F1": [
                100.0
            ],
            "e_F1": [
                60.576703110454325
            ],
            "epoch": [
                18
            ]
        }
    ],
    "average f1": [
        58.64106647923383
    ]
}