{
    "1": [
        {
            "t_F1": [
                68.13060650590413
            ],
            "e_F1": [
                55.20889603042153
            ],
            "epoch": [
                115
            ]
        }
    ],
    "2": [
        {
            "t_F1": [
                66.89704793390456
            ],
            "e_F1": [
                59.39980346418628
            ],
            "epoch": [
                134
            ]
        }
    ],
    "3": [
        {
            "t_F1": [
                69.48772401839098
            ],
            "e_F1": [
                58.04728079518129
            ],
            "epoch": [
                130
            ]
        }
    ],
    "4": [
        {
            "t_F1": [
                71.2298896228841
            ],
            "e_F1": [
                59.481409937015314
            ],
            "epoch": [
                155
            ]
        }
    ],
    "5": [
        {
            "t_F1": [
                70.9719363071603
            ],
            "e_F1": [
                59.339325398192464
            ],
            "epoch": [
                130
            ]
        }
    ],
    "6": [
        {
            "t_F1": [
                72.52152547062045
            ],
            "e_F1": [
                61.452921397037905
            ],
            "epoch": [
                150
            ]
        }
    ],
    "7": [
        {
            "t_F1": [
                69.50447939136521
            ],
            "e_F1": [
                55.73538099658201
            ],
            "epoch": [
                132
            ]
        }
    ],
    "8": [
        {
            "t_F1": [
                69.23435847733415
            ],
            "e_F1": [
                60.473820207455596
            ],
            "epoch": [
                134
            ]
        }
    ],
    "9": [
        {
            "t_F1": [
                71.64081013790839
            ],
            "e_F1": [
                57.80036091643811
            ],
            "epoch": [
                158
            ]
        }
    ],
    "10": [
        {
            "t_F1": [
                69.44725222530722
            ],
            "e_F1": [
                64.6208873832934
            ],
            "epoch": [
                162
            ]
        }
    ],
    "average f1": [
        59.1560086525804
    ]
}