{
    "1": [
        {
            "t_F1": [
                81.77612874638167
            ],
            "e_F1": [
                60.938857126669
            ],
            "epoch": [
                27
            ]
        }
    ],
    "2": [
        {
            "t_F1": [
                81.42146683139696
            ],
            "e_F1": [
                62.870159910043576
            ],
            "epoch": [
                30
            ]
        }
    ],
    "3": [
        {
            "t_F1": [
                81.80175214417926
            ],
            "e_F1": [
                56.832301565603096
            ],
            "epoch": [
                28
            ]
        }
    ],
    "4": [
        {
            "t_F1": [
                83.70797678011216
            ],
            "e_F1": [
                61.83899646815249
            ],
            "epoch": [
                31
            ]
        }
    ],
    "5": [
        {
            "t_F1": [
                85.77760288630783
            ],
            "e_F1": [
                61.77924669967015
            ],
            "epoch": [
                32
            ]
        }
    ],
    "6": [
        {
            "t_F1": [
                81.10335310919166
            ],
            "e_F1": [
                60.29537057657935
            ],
            "epoch": [
                33
            ]
        }
    ],
    "7": [
        {
            "t_F1": [
                80.70389922325035
            ],
            "e_F1": [
                58.82176555000389
            ],
            "epoch": [
                29
            ]
        }
    ],
    "8": [
        {
            "t_F1": [
                78.58899923605807
            ],
            "e_F1": [
                58.79758334417641
            ],
            "epoch": [
                27
            ]
        }
    ],
    "9": [
        {
            "t_F1": [
                80.64573186711857
            ],
            "e_F1": [
                58.25370365134219
            ],
            "epoch": [
                28
            ]
        }
    ],
    "10": [
        {
            "t_F1": [
                82.8395462399711
            ],
            "e_F1": [
                60.14373112034037
            ],
            "epoch": [
                35
            ]
        }
    ],
    "average f1": [
        60.05717160125805
    ]
}