{
    "1": [
        {
            "t_F1": [
                100.0
            ],
            "e_F1": [
                58.81005850442237
            ],
            "epoch": [
                28
            ]
        }
    ],
    "2": [
        {
            "t_F1": [
                100.0
            ],
            "e_F1": [
                59.24053638926816
            ],
            "epoch": [
                29
            ]
        }
    ],
    "3": [
        {
            "t_F1": [
                100.0
            ],
            "e_F1": [
                56.60675737000537
            ],
            "epoch": [
                29
            ]
        }
    ],
    "4": [
        {
            "t_F1": [
                100.0
            ],
            "e_F1": [
                59.81995408224917
            ],
            "epoch": [
                29
            ]
        }
    ],
    "5": [
        {
            "t_F1": [
                100.0
            ],
            "e_F1": [
                60.50429182340389
            ],
            "epoch": [
                28
            ]
        }
    ],
    "6": [
        {
            "t_F1": [
                100.0
            ],
            "e_F1": [
                58.34442528940726
            ],
            "epoch": [
                28
            ]
        }
    ],
    "7": [
        {
            "t_F1": [
                100.0
            ],
            "e_F1": [
                58.86788492511461
            ],
            "epoch": [
                29
            ]
        }
    ],
    "8": [
        {
            "t_F1": [
                100.0
            ],
            "e_F1": [
                57.58186445700652
            ],
            "epoch": [
                28
            ]
        }
    ],
    "9": [
        {
            "t_F1": [
                100.0
            ],
            "e_F1": [
                58.18368944572819
            ],
            "epoch": [
                28
            ]
        }
    ],
    "10": [
        {
            "t_F1": [
                100.0
            ],
            "e_F1": [
                61.94728631966571
            ],
            "epoch": [
                29
            ]
        }
    ],
    "average f1": [
        58.990674860627124
    ]
}