{
    "1": [
        {
            "t_F1": [
                85.97404605807884
            ],
            "e_F1": [
                55.38995140744512
            ],
            "epoch": [
                31
            ]
        }
    ],
    "2": [
        {
            "t_F1": [
                88.26513867778523
            ],
            "e_F1": [
                59.66201717621236
            ],
            "epoch": [
                35
            ]
        }
    ],
    "3": [
        {
            "t_F1": [
                85.14171140752484
            ],
            "e_F1": [
                56.42666716265421
            ],
            "epoch": [
                30
            ]
        }
    ],
    "4": [
        {
            "t_F1": [
                88.31426723601882
            ],
            "e_F1": [
                59.15842540497852
            ],
            "epoch": [
                33
            ]
        }
    ],
    "5": [
        {
            "t_F1": [
                88.76930534380676
            ],
            "e_F1": [
                62.407337925112394
            ],
            "epoch": [
                37
            ]
        }
    ],
    "6": [
        {
            "t_F1": [
                90.63511890416419
            ],
            "e_F1": [
                58.88369114600944
            ],
            "epoch": [
                34
            ]
        }
    ],
    "7": [
        {
            "t_F1": [
                85.61206027693886
            ],
            "e_F1": [
                60.54465805948526
            ],
            "epoch": [
                31
            ]
        }
    ],
    "8": [
        {
            "t_F1": [
                88.94817237172046
            ],
            "e_F1": [
                60.468315032805066
            ],
            "epoch": [
                31
            ]
        }
    ],
    "9": [
        {
            "t_F1": [
                88.96477286075225
            ],
            "e_F1": [
                60.60406585485472
            ],
            "epoch": [
                34
            ]
        }
    ],
    "10": [
        {
            "t_F1": [
                86.43614632732634
            ],
            "e_F1": [
                57.98454378040889
            ],
            "epoch": [
                32
            ]
        }
    ],
    "average f1": [
        59.1529672949966
    ]
}