{
    "1": [
        {
            "t_F1": [
                71.59152994626558
            ],
            "e_F1": [
                57.09747718042193
            ],
            "epoch": [
                144
            ]
        }
    ],
    "2": [
        {
            "t_F1": [
                71.48293987899316
            ],
            "e_F1": [
                61.53336674591819
            ],
            "epoch": [
                135
            ]
        }
    ],
    "3": [
        {
            "t_F1": [
                75.07120174943731
            ],
            "e_F1": [
                63.09622425088527
            ],
            "epoch": [
                143
            ]
        }
    ],
    "4": [
        {
            "t_F1": [
                71.6085648394553
            ],
            "e_F1": [
                60.24921962994523
            ],
            "epoch": [
                139
            ]
        }
    ],
    "5": [
        {
            "t_F1": [
                70.26552180923574
            ],
            "e_F1": [
                57.47743361574571
            ],
            "epoch": [
                109
            ]
        }
    ],
    "6": [
        {
            "t_F1": [
                72.6359213675287
            ],
            "e_F1": [
                62.81280784756456
            ],
            "epoch": [
                153
            ]
        }
    ],
    "7": [
        {
            "t_F1": [
                72.48903079022524
            ],
            "e_F1": [
                60.21008835016144
            ],
            "epoch": [
                161
            ]
        }
    ],
    "8": [
        {
            "t_F1": [
                73.1914988482487
            ],
            "e_F1": [
                59.90528563936049
            ],
            "epoch": [
                137
            ]
        }
    ],
    "9": [
        {
            "t_F1": [
                73.16289997762362
            ],
            "e_F1": [
                59.573304691269044
            ],
            "epoch": [
                150
            ]
        }
    ],
    "10": [
        {
            "t_F1": [
                72.33551323475993
            ],
            "e_F1": [
                61.11665565398084
            ],
            "epoch": [
                163
            ]
        }
    ],
    "average f1": [
        60.30718636052527
    ]
}