{
    "1": [
        {
            "t_F1": [
                100.0
            ],
            "e_F1": [
                56.86997392628841
            ],
            "epoch": [
                18
            ]
        }
    ],
    "2": [
        {
            "t_F1": [
                99.57080754494547
            ],
            "e_F1": [
                59.44614143708667
            ],
            "epoch": [
                19
            ]
        }
    ],
    "average f1": [
        58.15805768168754
    ]
}