{
    "1": [
        {
            "t_F1": [
                89.97975022301516
            ],
            "e_F1": [
                59.76780419927267
            ],
            "epoch": [
                8
            ]
        }
    ],
    "2": [
        {
            "t_F1": [
                93.2397444916732
            ],
            "e_F1": [
                55.77947658546645
            ],
            "epoch": [
                7
            ]
        }
    ],
    "3": [
        {
            "t_F1": [
                91.7109643512168
            ],
            "e_F1": [
                56.55793082009306
            ],
            "epoch": [
                8
            ]
        }
    ],
    "4": [
        {
            "t_F1": [
                88.9055469746245
            ],
            "e_F1": [
                62.927209766202175
            ],
            "epoch": [
                9
            ]
        }
    ],
    "5": [
        {
            "t_F1": [
                94.70353532233906
            ],
            "e_F1": [
                53.858809961818444
            ],
            "epoch": [
                8
            ]
        }
    ],
    "6": [
        {
            "t_F1": [
                95.3508608220677
            ],
            "e_F1": [
                58.248523053966764
            ],
            "epoch": [
                10
            ]
        }
    ],
    "7": [
        {
            "t_F1": [
                89.22119492385225
            ],
            "e_F1": [
                57.69867215193531
            ],
            "epoch": [
                8
            ]
        }
    ],
    "8": [
        {
            "t_F1": [
                92.388437228088
            ],
            "e_F1": [
                57.30924224826664
            ],
            "epoch": [
                8
            ]
        }
    ],
    "9": [
        {
            "t_F1": [
                96.82099447382551
            ],
            "e_F1": [
                56.55670892173538
            ],
            "epoch": [
                9
            ]
        }
    ],
    "10": [
        {
            "t_F1": [
                91.10509481573526
            ],
            "e_F1": [
                61.98895451339116
            ],
            "epoch": [
                8
            ]
        }
    ],
    "average f1": [
        58.06933322221481
    ]
}