{
    "1": [
        {
            "t_F1": [
                71.30602223955268
            ],
            "e_F1": [
                53.89179372073619
            ],
            "epoch": [
                160
            ]
        }
    ],
    "2": [
        {
            "t_F1": [
                72.0890493934859
            ],
            "e_F1": [
                60.225504343151414
            ],
            "epoch": [
                161
            ]
        }
    ],
    "3": [
        {
            "t_F1": [
                71.89033450114619
            ],
            "e_F1": [
                55.20148188450443
            ],
            "epoch": [
                138
            ]
        }
    ],
    "4": [
        {
            "t_F1": [
                72.2303563376333
            ],
            "e_F1": [
                60.48920419454754
            ],
            "epoch": [
                168
            ]
        }
    ],
    "5": [
        {
            "t_F1": [
                70.36918656056586
            ],
            "e_F1": [
                56.45920513132789
            ],
            "epoch": [
                168
            ]
        }
    ],
    "6": [
        {
            "t_F1": [
                72.36090403791763
            ],
            "e_F1": [
                59.284714166284026
            ],
            "epoch": [
                170
            ]
        }
    ],
    "7": [
        {
            "t_F1": [
                70.37747809442615
            ],
            "e_F1": [
                55.58897950692655
            ],
            "epoch": [
                153
            ]
        }
    ],
    "8": [
        {
            "t_F1": [
                66.76500931243075
            ],
            "e_F1": [
                55.57663590939646
            ],
            "epoch": [
                143
            ]
        }
    ],
    "9": [
        {
            "t_F1": [
                73.43625231937474
            ],
            "e_F1": [
                54.42745243353686
            ],
            "epoch": [
                161
            ]
        }
    ],
    "10": [
        {
            "t_F1": [
                73.00190836353451
            ],
            "e_F1": [
                60.444043511892154
            ],
            "epoch": [
                189
            ]
        }
    ],
    "average f1": [
        57.15890148023035
    ]
}