{
    "1": [
        {
            "t_F1": [
                85.07463239379236
            ],
            "e_F1": [
                57.59481646519373
            ],
            "epoch": [
                38
            ]
        }
    ],
    "2": [
        {
            "t_F1": [
                89.9872666609355
            ],
            "e_F1": [
                59.412683944875454
            ],
            "epoch": [
                37
            ]
        }
    ],
    "3": [
        {
            "t_F1": [
                88.93442356124012
            ],
            "e_F1": [
                60.72913755047151
            ],
            "epoch": [
                33
            ]
        }
    ],
    "4": [
        {
            "t_F1": [
                87.7263878690274
            ],
            "e_F1": [
                63.644010363844195
            ],
            "epoch": [
                36
            ]
        }
    ],
    "5": [
        {
            "t_F1": [
                90.7839355392713
            ],
            "e_F1": [
                62.72200262186267
            ],
            "epoch": [
                39
            ]
        }
    ],
    "6": [
        {
            "t_F1": [
                89.8440542908628
            ],
            "e_F1": [
                57.50477478894125
            ],
            "epoch": [
                36
            ]
        }
    ],
    "7": [
        {
            "t_F1": [
                88.70025286684279
            ],
            "e_F1": [
                62.50699484859555
            ],
            "epoch": [
                38
            ]
        }
    ],
    "8": [
        {
            "t_F1": [
                89.19428710155528
            ],
            "e_F1": [
                61.720092829801295
            ],
            "epoch": [
                34
            ]
        }
    ],
    "9": [
        {
            "t_F1": [
                91.05153532398114
            ],
            "e_F1": [
                60.588000604427215
            ],
            "epoch": [
                40
            ]
        }
    ],
    "10": [
        {
            "t_F1": [
                80.96395807292406
            ],
            "e_F1": [
                64.407935304766
            ],
            "epoch": [
                37
            ]
        }
    ],
    "average f1": [
        61.08304493227788
    ]
}