{
    "1": [
        {
            "t_F1": [
                61.304263068409895
            ],
            "e_F1": [
                49.26654345431341
            ],
            "epoch": [
                83
            ]
        }
    ],
    "2": [
        {
            "t_F1": [
                70.11720581019965
            ],
            "e_F1": [
                59.88917662516017
            ],
            "epoch": [
                126
            ]
        }
    ],
    "3": [
        {
            "t_F1": [
                69.55511784220985
            ],
            "e_F1": [
                58.568077493377544
            ],
            "epoch": [
                109
            ]
        }
    ],
    "4": [
        {
            "t_F1": [
                66.12203897612487
            ],
            "e_F1": [
                58.677434734503464
            ],
            "epoch": [
                123
            ]
        }
    ],
    "5": [
        {
            "t_F1": [
                66.34006124846948
            ],
            "e_F1": [
                56.439101727533384
            ],
            "epoch": [
                112
            ]
        }
    ],
    "6": [
        {
            "t_F1": [
                67.90390689966675
            ],
            "e_F1": [
                60.24336029873809
            ],
            "epoch": [
                125
            ]
        }
    ],
    "7": [
        {
            "t_F1": [
                66.96707696571882
            ],
            "e_F1": [
                56.347779131427636
            ],
            "epoch": [
                122
            ]
        }
    ],
    "8": [
        {
            "t_F1": [
                63.72104091518986
            ],
            "e_F1": [
                57.445445027195504
            ],
            "epoch": [
                95
            ]
        }
    ],
    "9": [
        {
            "t_F1": [
                71.40041038409638
            ],
            "e_F1": [
                58.220636726534245
            ],
            "epoch": [
                131
            ]
        }
    ],
    "10": [
        {
            "t_F1": [
                65.9247240962336
            ],
            "e_F1": [
                55.445057218737446
            ],
            "epoch": [
                96
            ]
        }
    ],
    "average f1": [
        57.054261243752094
    ]
}