{
    "1": [
        {
            "t_F1": [
                100.0
            ],
            "e_F1": [
                60.36245457499596
            ],
            "epoch": [
                19
            ]
        }
    ],
    "2": [
        {
            "t_F1": [
                100.0
            ],
            "e_F1": [
                57.350757405889716
            ],
            "epoch": [
                18
            ]
        }
    ],
    "3": [
        {
            "t_F1": [
                99.78721863059344
            ],
            "e_F1": [
                57.49921314589208
            ],
            "epoch": [
                18
            ]
        }
    ],
    "4": [
        {
            "t_F1": [
                100.0
            ],
            "e_F1": [
                58.33234461864226
            ],
            "epoch": [
                18
            ]
        }
    ],
    "5": [
        {
            "t_F1": [
                100.0
            ],
            "e_F1": [
                60.34917005391832
            ],
            "epoch": [
                20
            ]
        }
    ],
    "6": [
        {
            "t_F1": [
                100.0
            ],
            "e_F1": [
                60.994303635432665
            ],
            "epoch": [
                20
            ]
        }
    ],
    "7": [
        {
            "t_F1": [
                100.0
            ],
            "e_F1": [
                58.833883588496505
            ],
            "epoch": [
                19
            ]
        }
    ],
    "8": [
        {
            "t_F1": [
                100.0
            ],
            "e_F1": [
                59.400191622237344
            ],
            "epoch": [
                18
            ]
        }
    ],
    "9": [
        {
            "t_F1": [
                100.0
            ],
            "e_F1": [
                58.37334285941097
            ],
            "epoch": [
                19
            ]
        }
    ],
    "10": [
        {
            "t_F1": [
                100.0
            ],
            "e_F1": [
                59.191996084471164
            ],
            "epoch": [
                18
            ]
        }
    ],
    "average f1": [
        59.06876575893871
    ]
}