{
    "1": [
        {
            "t_F1": [
                94.06395015035132
            ],
            "e_F1": [
                56.96179124469383
            ],
            "epoch": [
                46
            ]
        }
    ],
    "2": [
        {
            "t_F1": [
                90.2312517231872
            ],
            "e_F1": [
                57.761814225840325
            ],
            "epoch": [
                37
            ]
        }
    ],
    "3": [
        {
            "t_F1": [
                94.48605542303203
            ],
            "e_F1": [
                57.944849088687555
            ],
            "epoch": [
                36
            ]
        }
    ],
    "4": [
        {
            "t_F1": [
                93.02797239219747
            ],
            "e_F1": [
                58.0645412671697
            ],
            "epoch": [
                39
            ]
        }
    ],
    "5": [
        {
            "t_F1": [
                93.438657564764
            ],
            "e_F1": [
                60.308840810029395
            ],
            "epoch": [
                37
            ]
        }
    ],
    "6": [
        {
            "t_F1": [
                88.99066720252011
            ],
            "e_F1": [
                60.40987309678898
            ],
            "epoch": [
                39
            ]
        }
    ],
    "7": [
        {
            "t_F1": [
                96.59705218303813
            ],
            "e_F1": [
                63.91137306327076
            ],
            "epoch": [
                44
            ]
        }
    ],
    "8": [
        {
            "t_F1": [
                95.95320954323036
            ],
            "e_F1": [
                61.30330293774806
            ],
            "epoch": [
                45
            ]
        }
    ],
    "9": [
        {
            "t_F1": [
                93.64340377271058
            ],
            "e_F1": [
                59.99874525023075
            ],
            "epoch": [
                41
            ]
        }
    ],
    "10": [
        {
            "t_F1": [
                88.89138250243761
            ],
            "e_F1": [
                59.385141499154045
            ],
            "epoch": [
                37
            ]
        }
    ],
    "average f1": [
        59.60502724836134
    ]
}