{
    "1": [
        {
            "t_F1": [
                100.0
            ],
            "e_F1": [
                58.05701602523489
            ],
            "epoch": [
                18
            ]
        }
    ],
    "2": [
        {
            "t_F1": [
                100.0
            ],
            "e_F1": [
                59.54054122560484
            ],
            "epoch": [
                18
            ]
        }
    ],
    "3": [
        {
            "t_F1": [
                100.0
            ],
            "e_F1": [
                58.78658278116147
            ],
            "epoch": [
                18
            ]
        }
    ],
    "4": [
        {
            "t_F1": [
                100.0
            ],
            "e_F1": [
                60.61096544164732
            ],
            "epoch": [
                19
            ]
        }
    ],
    "5": [
        {
            "t_F1": [
                100.0
            ],
            "e_F1": [
                61.29838188383182
            ],
            "epoch": [
                19
            ]
        }
    ],
    "6": [
        {
            "t_F1": [
                100.0
            ],
            "e_F1": [
                59.84941614728848
            ],
            "epoch": [
                19
            ]
        }
    ],
    "7": [
        {
            "t_F1": [
                100.0
            ],
            "e_F1": [
                60.55961370014583
            ],
            "epoch": [
                18
            ]
        }
    ],
    "8": [
        {
            "t_F1": [
                100.0
            ],
            "e_F1": [
                60.31545871992824
            ],
            "epoch": [
                19
            ]
        }
    ],
    "9": [
        {
            "t_F1": [
                99.78723404255318
            ],
            "e_F1": [
                50.568451630483956
            ],
            "epoch": [
                19
            ]
        }
    ],
    "10": [
        {
            "t_F1": [
                99.79157620495006
            ],
            "e_F1": [
                58.99345406677461
            ],
            "epoch": [
                19
            ]
        }
    ],
    "average f1": [
        58.85798816221014
    ]
}