{
    "1": [
        {
            "t_F1": [
                72.21527825178838
            ],
            "e_F1": [
                55.58051506130567
            ],
            "epoch": [
                114
            ]
        }
    ],
    "2": [
        {
            "t_F1": [
                72.05781828262796
            ],
            "e_F1": [
                58.79933840239785
            ],
            "epoch": [
                137
            ]
        }
    ],
    "3": [
        {
            "t_F1": [
                71.10411520040648
            ],
            "e_F1": [
                59.91123022339793
            ],
            "epoch": [
                119
            ]
        }
    ],
    "4": [
        {
            "t_F1": [
                69.74654487245752
            ],
            "e_F1": [
                57.03247465456508
            ],
            "epoch": [
                116
            ]
        }
    ],
    "5": [
        {
            "t_F1": [
                66.59854500146858
            ],
            "e_F1": [
                57.780405879193985
            ],
            "epoch": [
                97
            ]
        }
    ],
    "6": [
        {
            "t_F1": [
                70.8169009900002
            ],
            "e_F1": [
                61.05725331192182
            ],
            "epoch": [
                136
            ]
        }
    ],
    "7": [
        {
            "t_F1": [
                69.00147599267143
            ],
            "e_F1": [
                58.7901086046279
            ],
            "epoch": [
                126
            ]
        }
    ],
    "8": [
        {
            "t_F1": [
                70.66015452714096
            ],
            "e_F1": [
                59.12706723999279
            ],
            "epoch": [
                100
            ]
        }
    ],
    "9": [
        {
            "t_F1": [
                76.3750464064481
            ],
            "e_F1": [
                59.615647443833474
            ],
            "epoch": [
                147
            ]
        }
    ],
    "10": [
        {
            "t_F1": [
                67.56380388834354
            ],
            "e_F1": [
                60.12334372125184
            ],
            "epoch": [
                143
            ]
        }
    ],
    "average f1": [
        58.78173845424883
    ]
}