{
    "1": [
        {
            "t_F1": [
                69.30759939908587
            ],
            "e_F1": [
                53.31828594971806
            ],
            "epoch": [
                166
            ]
        }
    ],
    "2": [
        {
            "t_F1": [
                71.56670685151697
            ],
            "e_F1": [
                59.40668589359889
            ],
            "epoch": [
                164
            ]
        }
    ],
    "3": [
        {
            "t_F1": [
                73.48522188265237
            ],
            "e_F1": [
                56.504154648573525
            ],
            "epoch": [
                144
            ]
        }
    ],
    "4": [
        {
            "t_F1": [
                71.45885808190803
            ],
            "e_F1": [
                58.225542061277416
            ],
            "epoch": [
                190
            ]
        }
    ],
    "5": [
        {
            "t_F1": [
                73.49062874166579
            ],
            "e_F1": [
                55.84627230517808
            ],
            "epoch": [
                156
            ]
        }
    ],
    "6": [
        {
            "t_F1": [
                71.3669062150882
            ],
            "e_F1": [
                59.05668335343381
            ],
            "epoch": [
                169
            ]
        }
    ],
    "7": [
        {
            "t_F1": [
                69.59033311340066
            ],
            "e_F1": [
                56.50629022834616
            ],
            "epoch": [
                149
            ]
        }
    ],
    "8": [
        {
            "t_F1": [
                68.89463511662188
            ],
            "e_F1": [
                55.59384064199699
            ],
            "epoch": [
                136
            ]
        }
    ],
    "9": [
        {
            "t_F1": [
                73.30111688243358
            ],
            "e_F1": [
                57.77308307860574
            ],
            "epoch": [
                157
            ]
        }
    ],
    "10": [
        {
            "t_F1": [
                73.94262299229143
            ],
            "e_F1": [
                57.95768220253347
            ],
            "epoch": [
                162
            ]
        }
    ],
    "average f1": [
        57.01885203632621
    ]
}