{
    "1": [
        {
            "t_F1": [
                91.29216808246625
            ],
            "e_F1": [
                59.8408139479568
            ],
            "epoch": [
                40
            ]
        }
    ],
    "2": [
        {
            "t_F1": [
                89.16664246968516
            ],
            "e_F1": [
                61.133041954882785
            ],
            "epoch": [
                40
            ]
        }
    ],
    "3": [
        {
            "t_F1": [
                91.30011635931253
            ],
            "e_F1": [
                59.66287294899462
            ],
            "epoch": [
                39
            ]
        }
    ],
    "4": [
        {
            "t_F1": [
                89.79601931503123
            ],
            "e_F1": [
                61.78618709276428
            ],
            "epoch": [
                37
            ]
        }
    ],
    "5": [
        {
            "t_F1": [
                90.01157255360084
            ],
            "e_F1": [
                62.69278726825317
            ],
            "epoch": [
                43
            ]
        }
    ],
    "6": [
        {
            "t_F1": [
                88.75625615083612
            ],
            "e_F1": [
                60.37419839957332
            ],
            "epoch": [
                40
            ]
        }
    ],
    "7": [
        {
            "t_F1": [
                87.47160093692376
            ],
            "e_F1": [
                62.90714955776998
            ],
            "epoch": [
                38
            ]
        }
    ],
    "8": [
        {
            "t_F1": [
                87.82463331324091
            ],
            "e_F1": [
                62.71248262074147
            ],
            "epoch": [
                40
            ]
        }
    ],
    "9": [
        {
            "t_F1": [
                93.65679167611891
            ],
            "e_F1": [
                62.46626485279882
            ],
            "epoch": [
                49
            ]
        }
    ],
    "10": [
        {
            "t_F1": [
                88.9941432221063
            ],
            "e_F1": [
                63.74455923334158
            ],
            "epoch": [
                38
            ]
        }
    ],
    "average f1": [
        61.73203578770769
    ]
}