{
    "1": [
        {
            "t_F1": [
                100.0
            ],
            "e_F1": [
                60.62081037745632
            ],
            "epoch": [
                28
            ]
        }
    ],
    "2": [
        {
            "t_F1": [
                100.0
            ],
            "e_F1": [
                59.42813657337308
            ],
            "epoch": [
                29
            ]
        }
    ],
    "3": [
        {
            "t_F1": [
                100.0
            ],
            "e_F1": [
                60.4234416245996
            ],
            "epoch": [
                29
            ]
        }
    ],
    "4": [
        {
            "t_F1": [
                100.0
            ],
            "e_F1": [
                60.08452425382522
            ],
            "epoch": [
                28
            ]
        }
    ],
    "5": [
        {
            "t_F1": [
                100.0
            ],
            "e_F1": [
                59.203364635483744
            ],
            "epoch": [
                28
            ]
        }
    ],
    "6": [
        {
            "t_F1": [
                100.0
            ],
            "e_F1": [
                60.959662839008885
            ],
            "epoch": [
                28
            ]
        }
    ],
    "7": [
        {
            "t_F1": [
                100.0
            ],
            "e_F1": [
                61.00095018682805
            ],
            "epoch": [
                29
            ]
        }
    ],
    "8": [
        {
            "t_F1": [
                99.79335667321322
            ],
            "e_F1": [
                59.817109734306854
            ],
            "epoch": [
                28
            ]
        }
    ],
    "9": [
        {
            "t_F1": [
                100.0
            ],
            "e_F1": [
                59.77557410159186
            ],
            "epoch": [
                28
            ]
        }
    ],
    "10": [
        {
            "t_F1": [
                100.0
            ],
            "e_F1": [
                62.1626941330802
            ],
            "epoch": [
                29
            ]
        }
    ],
    "average f1": [
        60.34762684595538
    ]
}