{
    "1": [
        {
            "t_F1": [
                100.0
            ],
            "e_F1": [
                58.4923440418297
            ],
            "epoch": [
                23
            ]
        }
    ],
    "2": [
        {
            "t_F1": [
                100.0
            ],
            "e_F1": [
                57.45578503515375
            ],
            "epoch": [
                24
            ]
        }
    ],
    "3": [
        {
            "t_F1": [
                100.0
            ],
            "e_F1": [
                57.13172191404566
            ],
            "epoch": [
                23
            ]
        }
    ],
    "4": [
        {
            "t_F1": [
                100.0
            ],
            "e_F1": [
                59.80203787985305
            ],
            "epoch": [
                25
            ]
        }
    ],
    "5": [
        {
            "t_F1": [
                100.0
            ],
            "e_F1": [
                64.80369414185657
            ],
            "epoch": [
                23
            ]
        }
    ],
    "6": [
        {
            "t_F1": [
                100.0
            ],
            "e_F1": [
                60.395486240339594
            ],
            "epoch": [
                24
            ]
        }
    ],
    "7": [
        {
            "t_F1": [
                100.0
            ],
            "e_F1": [
                60.18783681415173
            ],
            "epoch": [
                23
            ]
        }
    ],
    "8": [
        {
            "t_F1": [
                100.0
            ],
            "e_F1": [
                59.293392983147484
            ],
            "epoch": [
                23
            ]
        }
    ],
    "9": [
        {
            "t_F1": [
                100.0
            ],
            "e_F1": [
                59.747909873222184
            ],
            "epoch": [
                25
            ]
        }
    ],
    "10": [
        {
            "t_F1": [
                100.0
            ],
            "e_F1": [
                59.6842692669173
            ],
            "epoch": [
                23
            ]
        }
    ],
    "average f1": [
        59.69944781905171
    ]
}