{
    "1": [
        {
            "t_F1": [
                100.0
            ],
            "e_F1": [
                59.78695933492458
            ],
            "epoch": [
                38
            ]
        }
    ],
    "2": [
        {
            "t_F1": [
                100.0
            ],
            "e_F1": [
                59.62686924860788
            ],
            "epoch": [
                39
            ]
        }
    ],
    "3": [
        {
            "t_F1": [
                100.0
            ],
            "e_F1": [
                56.551921746471
            ],
            "epoch": [
                38
            ]
        }
    ],
    "4": [
        {
            "t_F1": [
                100.0
            ],
            "e_F1": [
                58.20589935492333
            ],
            "epoch": [
                38
            ]
        }
    ],
    "5": [
        {
            "t_F1": [
                100.0
            ],
            "e_F1": [
                61.18525031972825
            ],
            "epoch": [
                38
            ]
        }
    ],
    "6": [
        {
            "t_F1": [
                100.0
            ],
            "e_F1": [
                58.43504431076647
            ],
            "epoch": [
                39
            ]
        }
    ],
    "7": [
        {
            "t_F1": [
                100.0
            ],
            "e_F1": [
                60.96481487039427
            ],
            "epoch": [
                40
            ]
        }
    ],
    "8": [
        {
            "t_F1": [
                100.0
            ],
            "e_F1": [
                59.84909380675979
            ],
            "epoch": [
                38
            ]
        }
    ],
    "9": [
        {
            "t_F1": [
                100.0
            ],
            "e_F1": [
                60.988142292490124
            ],
            "epoch": [
                39
            ]
        }
    ],
    "10": [
        {
            "t_F1": [
                100.0
            ],
            "e_F1": [
                61.356987478802374
            ],
            "epoch": [
                40
            ]
        }
    ],
    "average f1": [
        59.695098276386794
    ]
}