{
    "1": [
        {
            "t_F1": [
                92.3313013202497
            ],
            "e_F1": [
                58.78715832130976
            ],
            "epoch": [
                8
            ]
        }
    ],
    "2": [
        {
            "t_F1": [
                91.09041690889792
            ],
            "e_F1": [
                55.961082437312314
            ],
            "epoch": [
                9
            ]
        }
    ],
    "3": [
        {
            "t_F1": [
                93.84813590922798
            ],
            "e_F1": [
                57.39020788888407
            ],
            "epoch": [
                7
            ]
        }
    ],
    "4": [
        {
            "t_F1": [
                89.6271295355626
            ],
            "e_F1": [
                62.197145415059815
            ],
            "epoch": [
                9
            ]
        }
    ],
    "5": [
        {
            "t_F1": [
                97.4561483036703
            ],
            "e_F1": [
                57.27591997096111
            ],
            "epoch": [
                9
            ]
        }
    ],
    "6": [
        {
            "t_F1": [
                94.91565095543396
            ],
            "e_F1": [
                57.88491020675322
            ],
            "epoch": [
                8
            ]
        }
    ],
    "7": [
        {
            "t_F1": [
                89.84493270942522
            ],
            "e_F1": [
                58.52490320122492
            ],
            "epoch": [
                8
            ]
        }
    ],
    "8": [
        {
            "t_F1": [
                91.0867236039187
            ],
            "e_F1": [
                62.066253051239514
            ],
            "epoch": [
                8
            ]
        }
    ],
    "9": [
        {
            "t_F1": [
                93.84489798256021
            ],
            "e_F1": [
                55.63860067019258
            ],
            "epoch": [
                9
            ]
        }
    ],
    "10": [
        {
            "t_F1": [
                94.01260148808763
            ],
            "e_F1": [
                56.044817595857225
            ],
            "epoch": [
                8
            ]
        }
    ],
    "average f1": [
        58.177099875879456
    ]
}