{
    "1": [
        {
            "t_F1": [
                98.30698554080305
            ],
            "e_F1": [
                54.92276255302757
            ],
            "epoch": [
                13
            ]
        }
    ],
    "2": [
        {
            "t_F1": [
                100.0
            ],
            "e_F1": [
                55.54485525793466
            ],
            "epoch": [
                13
            ]
        }
    ],
    "3": [
        {
            "t_F1": [
                100.0
            ],
            "e_F1": [
                60.01504373554106
            ],
            "epoch": [
                14
            ]
        }
    ],
    "4": [
        {
            "t_F1": [
                99.58487975668876
            ],
            "e_F1": [
                58.980687230771665
            ],
            "epoch": [
                12
            ]
        }
    ],
    "5": [
        {
            "t_F1": [
                96.19680407450593
            ],
            "e_F1": [
                49.77314575649451
            ],
            "epoch": [
                15
            ]
        }
    ],
    "6": [
        {
            "t_F1": [
                99.5777829516544
            ],
            "e_F1": [
                57.852040273631346
            ],
            "epoch": [
                13
            ]
        }
    ],
    "7": [
        {
            "t_F1": [
                95.76542846789098
            ],
            "e_F1": [
                56.36632059262442
            ],
            "epoch": [
                14
            ]
        }
    ],
    "8": [
        {
            "t_F1": [
                96.38602584431875
            ],
            "e_F1": [
                59.48975169548804
            ],
            "epoch": [
                13
            ]
        }
    ],
    "9": [
        {
            "t_F1": [
                99.35895114224012
            ],
            "e_F1": [
                55.4491986911319
            ],
            "epoch": [
                13
            ]
        }
    ],
    "10": [
        {
            "t_F1": [
                97.85553398215315
            ],
            "e_F1": [
                57.35502470465443
            ],
            "epoch": [
                15
            ]
        }
    ],
    "average f1": [
        56.57488304912996
    ]
}