{
    "1": [
        {
            "t_F1": [
                76.45418627236523
            ],
            "e_F1": [
                55.30390536137308
            ],
            "epoch": [
                174
            ]
        }
    ],
    "2": [
        {
            "t_F1": [
                75.23019967205028
            ],
            "e_F1": [
                58.86678730217854
            ],
            "epoch": [
                147
            ]
        }
    ],
    "3": [
        {
            "t_F1": [
                74.61572943032171
            ],
            "e_F1": [
                59.020217842247206
            ],
            "epoch": [
                145
            ]
        }
    ],
    "4": [
        {
            "t_F1": [
                75.33976314679506
            ],
            "e_F1": [
                59.22782817277502
            ],
            "epoch": [
                177
            ]
        }
    ],
    "5": [
        {
            "t_F1": [
                74.26963795164984
            ],
            "e_F1": [
                57.842086276074056
            ],
            "epoch": [
                138
            ]
        }
    ],
    "6": [
        {
            "t_F1": [
                75.86303695887094
            ],
            "e_F1": [
                62.669968289801325
            ],
            "epoch": [
                176
            ]
        }
    ],
    "7": [
        {
            "t_F1": [
                71.96684834720315
            ],
            "e_F1": [
                57.71227172781119
            ],
            "epoch": [
                152
            ]
        }
    ],
    "8": [
        {
            "t_F1": [
                75.38346632549087
            ],
            "e_F1": [
                57.0271644315463
            ],
            "epoch": [
                154
            ]
        }
    ],
    "9": [
        {
            "t_F1": [
                74.89144281866493
            ],
            "e_F1": [
                58.787134467733594
            ],
            "epoch": [
                161
            ]
        }
    ],
    "10": [
        {
            "t_F1": [
                69.30181659161555
            ],
            "e_F1": [
                57.49925671385338
            ],
            "epoch": [
                143
            ]
        }
    ],
    "average f1": [
        58.39566205853936
    ]
}