{
    "1": [
        {
            "t_F1": [
                66.78877644247663
            ],
            "e_F1": [
                56.25607818579314
            ],
            "epoch": [
                83
            ]
        }
    ],
    "2": [
        {
            "t_F1": [
                69.29099236807691
            ],
            "e_F1": [
                60.0963394614344
            ],
            "epoch": [
                115
            ]
        }
    ],
    "3": [
        {
            "t_F1": [
                70.09085879441398
            ],
            "e_F1": [
                58.481909912513544
            ],
            "epoch": [
                120
            ]
        }
    ],
    "4": [
        {
            "t_F1": [
                69.55490477129518
            ],
            "e_F1": [
                59.74522311058673
            ],
            "epoch": [
                127
            ]
        }
    ],
    "5": [
        {
            "t_F1": [
                71.64072524407253
            ],
            "e_F1": [
                59.70719341227713
            ],
            "epoch": [
                121
            ]
        }
    ],
    "6": [
        {
            "t_F1": [
                71.78990673173479
            ],
            "e_F1": [
                62.98540342380519
            ],
            "epoch": [
                127
            ]
        }
    ],
    "7": [
        {
            "t_F1": [
                75.02507487070622
            ],
            "e_F1": [
                59.53189932607007
            ],
            "epoch": [
                133
            ]
        }
    ],
    "8": [
        {
            "t_F1": [
                71.1889732062558
            ],
            "e_F1": [
                62.22300844227995
            ],
            "epoch": [
                132
            ]
        }
    ],
    "9": [
        {
            "t_F1": [
                67.37129451752709
            ],
            "e_F1": [
                58.676565379200206
            ],
            "epoch": [
                124
            ]
        }
    ],
    "10": [
        {
            "t_F1": [
                66.66555407581907
            ],
            "e_F1": [
                61.02213454740987
            ],
            "epoch": [
                107
            ]
        }
    ],
    "average f1": [
        59.872575520137026
    ]
}