{
    "1": [
        {
            "t_F1": [
                66.70888344448981
            ],
            "e_F1": [
                57.19331192858043
            ],
            "epoch": [
                115
            ]
        }
    ],
    "2": [
        {
            "t_F1": [
                70.75578604802182
            ],
            "e_F1": [
                58.6367805157124
            ],
            "epoch": [
                127
            ]
        }
    ],
    "3": [
        {
            "t_F1": [
                73.79789312926151
            ],
            "e_F1": [
                57.92561257977171
            ],
            "epoch": [
                122
            ]
        }
    ],
    "4": [
        {
            "t_F1": [
                69.51745859255688
            ],
            "e_F1": [
                59.09758841514755
            ],
            "epoch": [
                133
            ]
        }
    ],
    "5": [
        {
            "t_F1": [
                66.42323478907329
            ],
            "e_F1": [
                58.03993186238233
            ],
            "epoch": [
                107
            ]
        }
    ],
    "6": [
        {
            "t_F1": [
                67.6920621571307
            ],
            "e_F1": [
                59.43216348536466
            ],
            "epoch": [
                115
            ]
        }
    ],
    "7": [
        {
            "t_F1": [
                67.83886754171846
            ],
            "e_F1": [
                56.30865118833155
            ],
            "epoch": [
                122
            ]
        }
    ],
    "8": [
        {
            "t_F1": [
                66.99811626319632
            ],
            "e_F1": [
                59.902955102819575
            ],
            "epoch": [
                121
            ]
        }
    ],
    "9": [
        {
            "t_F1": [
                67.4778005439263
            ],
            "e_F1": [
                55.46961117890431
            ],
            "epoch": [
                113
            ]
        }
    ],
    "10": [
        {
            "t_F1": [
                70.38014722269004
            ],
            "e_F1": [
                62.58118722115128
            ],
            "epoch": [
                139
            ]
        }
    ],
    "average f1": [
        58.458779347816574
    ]
}