{
    "1": [
        {
            "t_F1": [
                69.32003673549568
            ],
            "e_F1": [
                57.57366338738098
            ],
            "epoch": [
                115
            ]
        }
    ],
    "2": [
        {
            "t_F1": [
                69.40268312813289
            ],
            "e_F1": [
                59.26192845148714
            ],
            "epoch": [
                116
            ]
        }
    ],
    "3": [
        {
            "t_F1": [
                70.61400231819115
            ],
            "e_F1": [
                59.59622787486866
            ],
            "epoch": [
                120
            ]
        }
    ],
    "4": [
        {
            "t_F1": [
                72.80571550089206
            ],
            "e_F1": [
                63.255539821352
            ],
            "epoch": [
                141
            ]
        }
    ],
    "5": [
        {
            "t_F1": [
                67.83414744652436
            ],
            "e_F1": [
                60.94596526266003
            ],
            "epoch": [
                112
            ]
        }
    ],
    "6": [
        {
            "t_F1": [
                71.26116809008184
            ],
            "e_F1": [
                62.67962837183615
            ],
            "epoch": [
                129
            ]
        }
    ],
    "7": [
        {
            "t_F1": [
                66.99784486337126
            ],
            "e_F1": [
                58.64898856327321
            ],
            "epoch": [
                129
            ]
        }
    ],
    "8": [
        {
            "t_F1": [
                71.55421410911735
            ],
            "e_F1": [
                63.08838800173766
            ],
            "epoch": [
                110
            ]
        }
    ],
    "9": [
        {
            "t_F1": [
                74.53192432493047
            ],
            "e_F1": [
                61.34624299316243
            ],
            "epoch": [
                127
            ]
        }
    ],
    "10": [
        {
            "t_F1": [
                69.54727373265689
            ],
            "e_F1": [
                63.443594486049946
            ],
            "epoch": [
                116
            ]
        }
    ],
    "average f1": [
        60.98401672138082
    ]
}