{
    "1": [
        {
            "t_F1": [
                100.0
            ],
            "e_F1": [
                58.045716850565846
            ],
            "epoch": [
                23
            ]
        }
    ],
    "2": [
        {
            "t_F1": [
                92.34023863335537
            ],
            "e_F1": [
                51.34485081175565
            ],
            "epoch": [
                24
            ]
        }
    ],
    "3": [
        {
            "t_F1": [
                100.0
            ],
            "e_F1": [
                56.55396120464845
            ],
            "epoch": [
                23
            ]
        }
    ],
    "4": [
        {
            "t_F1": [
                100.0
            ],
            "e_F1": [
                60.2403671082578
            ],
            "epoch": [
                22
            ]
        }
    ],
    "5": [
        {
            "t_F1": [
                100.0
            ],
            "e_F1": [
                61.43246732677604
            ],
            "epoch": [
                25
            ]
        }
    ],
    "6": [
        {
            "t_F1": [
                99.78539191305148
            ],
            "e_F1": [
                57.65216893857671
            ],
            "epoch": [
                23
            ]
        }
    ],
    "7": [
        {
            "t_F1": [
                100.0
            ],
            "e_F1": [
                61.847911285503635
            ],
            "epoch": [
                23
            ]
        }
    ],
    "8": [
        {
            "t_F1": [
                100.0
            ],
            "e_F1": [
                58.076320024613636
            ],
            "epoch": [
                23
            ]
        }
    ],
    "9": [
        {
            "t_F1": [
                100.0
            ],
            "e_F1": [
                59.128107646247344
            ],
            "epoch": [
                23
            ]
        }
    ],
    "10": [
        {
            "t_F1": [
                100.0
            ],
            "e_F1": [
                57.554160062939694
            ],
            "epoch": [
                24
            ]
        }
    ],
    "average f1": [
        58.18760312598848
    ]
}