{
    "1": [
        {
            "t_F1": [
                68.50396447817428
            ],
            "e_F1": [
                55.35940889389165
            ],
            "epoch": [
                115
            ]
        }
    ],
    "2": [
        {
            "t_F1": [
                72.47962782538981
            ],
            "e_F1": [
                61.25150163544455
            ],
            "epoch": [
                137
            ]
        }
    ],
    "3": [
        {
            "t_F1": [
                70.67200820926602
            ],
            "e_F1": [
                59.79758328002431
            ],
            "epoch": [
                134
            ]
        }
    ],
    "4": [
        {
            "t_F1": [
                69.29494995043311
            ],
            "e_F1": [
                60.602034066500146
            ],
            "epoch": [
                149
            ]
        }
    ],
    "5": [
        {
            "t_F1": [
                72.9425775100612
            ],
            "e_F1": [
                55.51023439738405
            ],
            "epoch": [
                125
            ]
        }
    ],
    "6": [
        {
            "t_F1": [
                71.11905274121933
            ],
            "e_F1": [
                63.435286054740445
            ],
            "epoch": [
                154
            ]
        }
    ],
    "7": [
        {
            "t_F1": [
                71.43648903107574
            ],
            "e_F1": [
                57.99284584580139
            ],
            "epoch": [
                149
            ]
        }
    ],
    "8": [
        {
            "t_F1": [
                68.8721547734918
            ],
            "e_F1": [
                57.62824607958844
            ],
            "epoch": [
                120
            ]
        }
    ],
    "9": [
        {
            "t_F1": [
                73.92746742900795
            ],
            "e_F1": [
                56.24079481188937
            ],
            "epoch": [
                139
            ]
        }
    ],
    "10": [
        {
            "t_F1": [
                68.07912158507719
            ],
            "e_F1": [
                61.31054582164459
            ],
            "epoch": [
                135
            ]
        }
    ],
    "average f1": [
        58.91284808869091
    ]
}