{
    "1": [
        {
            "t_F1": [
                69.76965186900894
            ],
            "e_F1": [
                57.98485597195868
            ],
            "epoch": [
                115
            ]
        }
    ],
    "2": [
        {
            "t_F1": [
                69.8458896794603
            ],
            "e_F1": [
                59.079154583062646
            ],
            "epoch": [
                116
            ]
        }
    ],
    "3": [
        {
            "t_F1": [
                71.20462857690997
            ],
            "e_F1": [
                59.820985857089504
            ],
            "epoch": [
                120
            ]
        }
    ],
    "4": [
        {
            "t_F1": [
                73.22496829389763
            ],
            "e_F1": [
                63.255539821352
            ],
            "epoch": [
                141
            ]
        }
    ],
    "5": [
        {
            "t_F1": [
                67.84564036555875
            ],
            "e_F1": [
                61.16632611752092
            ],
            "epoch": [
                112
            ]
        }
    ],
    "6": [
        {
            "t_F1": [
                70.84519148344069
            ],
            "e_F1": [
                62.86990558695857
            ],
            "epoch": [
                129
            ]
        }
    ],
    "7": [
        {
            "t_F1": [
                66.77788624168926
            ],
            "e_F1": [
                58.615194820744385
            ],
            "epoch": [
                129
            ]
        }
    ],
    "8": [
        {
            "t_F1": [
                71.53434493971007
            ],
            "e_F1": [
                63.15154821537801
            ],
            "epoch": [
                110
            ]
        }
    ],
    "9": [
        {
            "t_F1": [
                74.56804494642238
            ],
            "e_F1": [
                60.50316911827497
            ],
            "epoch": [
                127
            ]
        }
    ],
    "10": [
        {
            "t_F1": [
                70.22094512504623
            ],
            "e_F1": [
                63.2300617099574
            ],
            "epoch": [
                116
            ]
        }
    ],
    "average f1": [
        60.96767418022971
    ]
}