{
    "1": [
        {
            "t_F1": [
                99.14860200617238
            ],
            "e_F1": [
                57.64919935933358
            ],
            "epoch": [
                58
            ]
        }
    ],
    "2": [
        {
            "t_F1": [
                96.82186178839136
            ],
            "e_F1": [
                58.49628275075521
            ],
            "epoch": [
                50
            ]
        }
    ],
    "3": [
        {
            "t_F1": [
                97.6577133270083
            ],
            "e_F1": [
                59.99367706568795
            ],
            "epoch": [
                50
            ]
        }
    ],
    "4": [
        {
            "t_F1": [
                99.16194724544364
            ],
            "e_F1": [
                59.28677787809911
            ],
            "epoch": [
                55
            ]
        }
    ],
    "5": [
        {
            "t_F1": [
                97.22384570426652
            ],
            "e_F1": [
                62.5707199407447
            ],
            "epoch": [
                53
            ]
        }
    ],
    "6": [
        {
            "t_F1": [
                97.47128234817664
            ],
            "e_F1": [
                57.721721594536035
            ],
            "epoch": [
                47
            ]
        }
    ],
    "7": [
        {
            "t_F1": [
                97.66866445256564
            ],
            "e_F1": [
                62.065505965426446
            ],
            "epoch": [
                56
            ]
        }
    ],
    "8": [
        {
            "t_F1": [
                95.30518074356577
            ],
            "e_F1": [
                61.559925118103976
            ],
            "epoch": [
                47
            ]
        }
    ],
    "9": [
        {
            "t_F1": [
                98.08054469071419
            ],
            "e_F1": [
                56.77866540438935
            ],
            "epoch": [
                51
            ]
        }
    ],
    "10": [
        {
            "t_F1": [
                98.73198180573297
            ],
            "e_F1": [
                60.74587789203202
            ],
            "epoch": [
                54
            ]
        }
    ],
    "average f1": [
        59.68683529691084
    ]
}