{
    "1": [
        {
            "t_F1": [
                72.91967439201584
            ],
            "e_F1": [
                57.72488950312504
            ],
            "epoch": [
                140
            ]
        }
    ],
    "2": [
        {
            "t_F1": [
                74.61586446155573
            ],
            "e_F1": [
                60.12927295340521
            ],
            "epoch": [
                139
            ]
        }
    ],
    "3": [
        {
            "t_F1": [
                69.93594823631109
            ],
            "e_F1": [
                57.94662443416949
            ],
            "epoch": [
                132
            ]
        }
    ],
    "4": [
        {
            "t_F1": [
                72.07654515562234
            ],
            "e_F1": [
                64.55479233516292
            ],
            "epoch": [
                150
            ]
        }
    ],
    "5": [
        {
            "t_F1": [
                72.02230892356944
            ],
            "e_F1": [
                58.55545984084009
            ],
            "epoch": [
                128
            ]
        }
    ],
    "6": [
        {
            "t_F1": [
                73.04105616605617
            ],
            "e_F1": [
                62.947902896567186
            ],
            "epoch": [
                145
            ]
        }
    ],
    "7": [
        {
            "t_F1": [
                69.689906204292
            ],
            "e_F1": [
                57.033617351959705
            ],
            "epoch": [
                148
            ]
        }
    ],
    "8": [
        {
            "t_F1": [
                71.52945073847587
            ],
            "e_F1": [
                60.23915205452801
            ],
            "epoch": [
                126
            ]
        }
    ],
    "9": [
        {
            "t_F1": [
                72.10258005539015
            ],
            "e_F1": [
                61.05459017204723
            ],
            "epoch": [
                148
            ]
        }
    ],
    "10": [
        {
            "t_F1": [
                71.550611268664
            ],
            "e_F1": [
                59.02728199018623
            ],
            "epoch": [
                132
            ]
        }
    ],
    "average f1": [
        59.92135835319912
    ]
}