{
    "1": [
        {
            "t_F1": [
                100.0
            ],
            "e_F1": [
                58.38753779640042
            ],
            "epoch": [
                34
            ]
        }
    ],
    "2": [
        {
            "t_F1": [
                100.0
            ],
            "e_F1": [
                60.45664373200606
            ],
            "epoch": [
                33
            ]
        }
    ],
    "3": [
        {
            "t_F1": [
                100.0
            ],
            "e_F1": [
                59.903592137117634
            ],
            "epoch": [
                34
            ]
        }
    ],
    "4": [
        {
            "t_F1": [
                100.0
            ],
            "e_F1": [
                59.01532538183054
            ],
            "epoch": [
                33
            ]
        }
    ],
    "5": [
        {
            "t_F1": [
                100.0
            ],
            "e_F1": [
                63.19777998950274
            ],
            "epoch": [
                33
            ]
        }
    ],
    "6": [
        {
            "t_F1": [
                100.0
            ],
            "e_F1": [
                58.23756235410371
            ],
            "epoch": [
                33
            ]
        }
    ],
    "7": [
        {
            "t_F1": [
                100.0
            ],
            "e_F1": [
                61.27834989431715
            ],
            "epoch": [
                33
            ]
        }
    ],
    "8": [
        {
            "t_F1": [
                100.0
            ],
            "e_F1": [
                59.45490456423692
            ],
            "epoch": [
                33
            ]
        }
    ],
    "9": [
        {
            "t_F1": [
                100.0
            ],
            "e_F1": [
                60.41477471392389
            ],
            "epoch": [
                35
            ]
        }
    ],
    "10": [
        {
            "t_F1": [
                100.0
            ],
            "e_F1": [
                60.12029936668459
            ],
            "epoch": [
                33
            ]
        }
    ],
    "average f1": [
        60.04667699301236
    ]
}