{
    "1": [
        {
            "t_F1": [
                92.82769850522695
            ],
            "e_F1": [
                46.79108088782306
            ],
            "epoch": [
                8
            ]
        }
    ],
    "2": [
        {
            "t_F1": [
                94.92001134170825
            ],
            "e_F1": [
                53.46213626523444
            ],
            "epoch": [
                9
            ]
        }
    ],
    "3": [
        {
            "t_F1": [
                95.12063538602342
            ],
            "e_F1": [
                55.346134476569254
            ],
            "epoch": [
                8
            ]
        }
    ],
    "4": [
        {
            "t_F1": [
                90.48383004940986
            ],
            "e_F1": [
                56.5348460157938
            ],
            "epoch": [
                8
            ]
        }
    ],
    "5": [
        {
            "t_F1": [
                95.36485454190058
            ],
            "e_F1": [
                50.22956616377898
            ],
            "epoch": [
                8
            ]
        }
    ],
    "6": [
        {
            "t_F1": [
                96.40394781237154
            ],
            "e_F1": [
                58.163819018102835
            ],
            "epoch": [
                9
            ]
        }
    ],
    "7": [
        {
            "t_F1": [
                95.55111473820757
            ],
            "e_F1": [
                53.783963571699424
            ],
            "epoch": [
                9
            ]
        }
    ],
    "8": [
        {
            "t_F1": [
                93.39716257479141
            ],
            "e_F1": [
                57.221672748973475
            ],
            "epoch": [
                8
            ]
        }
    ],
    "9": [
        {
            "t_F1": [
                95.74847856611164
            ],
            "e_F1": [
                52.020873240073094
            ],
            "epoch": [
                10
            ]
        }
    ],
    "10": [
        {
            "t_F1": [
                89.38671576286742
            ],
            "e_F1": [
                56.864835538574035
            ],
            "epoch": [
                9
            ]
        }
    ],
    "average f1": [
        54.041892792662246
    ]
}