{
    "1": [
        {
            "t_F1": [
                88.7168834605367
            ],
            "e_F1": [
                60.96562085055809
            ],
            "epoch": [
                37
            ]
        }
    ],
    "2": [
        {
            "t_F1": [
                90.00179548667349
            ],
            "e_F1": [
                57.77763044169002
            ],
            "epoch": [
                41
            ]
        }
    ],
    "3": [
        {
            "t_F1": [
                90.62799063520266
            ],
            "e_F1": [
                58.40286005946124
            ],
            "epoch": [
                41
            ]
        }
    ],
    "4": [
        {
            "t_F1": [
                86.85155401288294
            ],
            "e_F1": [
                61.6089088743024
            ],
            "epoch": [
                35
            ]
        }
    ],
    "5": [
        {
            "t_F1": [
                90.48417212406645
            ],
            "e_F1": [
                60.91250773057124
            ],
            "epoch": [
                44
            ]
        }
    ],
    "6": [
        {
            "t_F1": [
                90.11654023748105
            ],
            "e_F1": [
                60.781052803258184
            ],
            "epoch": [
                46
            ]
        }
    ],
    "7": [
        {
            "t_F1": [
                91.70109686040075
            ],
            "e_F1": [
                60.00957336631863
            ],
            "epoch": [
                42
            ]
        }
    ],
    "8": [
        {
            "t_F1": [
                91.2744279642943
            ],
            "e_F1": [
                60.309892413025736
            ],
            "epoch": [
                37
            ]
        }
    ],
    "9": [
        {
            "t_F1": [
                93.16689300588766
            ],
            "e_F1": [
                61.0679309435311
            ],
            "epoch": [
                43
            ]
        }
    ],
    "10": [
        {
            "t_F1": [
                86.56797048071851
            ],
            "e_F1": [
                61.992823861510736
            ],
            "epoch": [
                37
            ]
        }
    ],
    "average f1": [
        60.382880134422734
    ]
}