{
    "1": [
        {
            "t_F1": [
                100.0
            ],
            "e_F1": [
                59.95565888950871
            ],
            "epoch": [
                25
            ]
        }
    ],
    "2": [
        {
            "t_F1": [
                100.0
            ],
            "e_F1": [
                59.333386649691455
            ],
            "epoch": [
                24
            ]
        }
    ],
    "3": [
        {
            "t_F1": [
                100.0
            ],
            "e_F1": [
                57.56104736687261
            ],
            "epoch": [
                24
            ]
        }
    ],
    "4": [
        {
            "t_F1": [
                100.0
            ],
            "e_F1": [
                61.561621830427136
            ],
            "epoch": [
                24
            ]
        }
    ],
    "5": [
        {
            "t_F1": [
                100.0
            ],
            "e_F1": [
                61.331410425735434
            ],
            "epoch": [
                24
            ]
        }
    ],
    "6": [
        {
            "t_F1": [
                100.0
            ],
            "e_F1": [
                61.41206522267307
            ],
            "epoch": [
                23
            ]
        }
    ],
    "7": [
        {
            "t_F1": [
                100.0
            ],
            "e_F1": [
                62.839482256043986
            ],
            "epoch": [
                24
            ]
        }
    ],
    "8": [
        {
            "t_F1": [
                100.0
            ],
            "e_F1": [
                59.532889426957226
            ],
            "epoch": [
                23
            ]
        }
    ],
    "9": [
        {
            "t_F1": [
                100.0
            ],
            "e_F1": [
                61.35881694562584
            ],
            "epoch": [
                23
            ]
        }
    ],
    "10": [
        {
            "t_F1": [
                100.0
            ],
            "e_F1": [
                63.35240130473985
            ],
            "epoch": [
                25
            ]
        }
    ],
    "average f1": [
        60.82387803182753
    ]
}