{
    "1": [
        {
            "t_F1": [
                100.0
            ],
            "e_F1": [
                60.26990032795461
            ],
            "epoch": [
                23
            ]
        }
    ],
    "2": [
        {
            "t_F1": [
                99.78721863059344
            ],
            "e_F1": [
                57.4567219096066
            ],
            "epoch": [
                23
            ]
        }
    ],
    "3": [
        {
            "t_F1": [
                100.0
            ],
            "e_F1": [
                58.52949800962668
            ],
            "epoch": [
                23
            ]
        }
    ],
    "4": [
        {
            "t_F1": [
                100.0
            ],
            "e_F1": [
                61.06546354339268
            ],
            "epoch": [
                24
            ]
        }
    ],
    "5": [
        {
            "t_F1": [
                100.0
            ],
            "e_F1": [
                58.506978776501214
            ],
            "epoch": [
                23
            ]
        }
    ],
    "6": [
        {
            "t_F1": [
                100.0
            ],
            "e_F1": [
                59.91501183857504
            ],
            "epoch": [
                23
            ]
        }
    ],
    "7": [
        {
            "t_F1": [
                100.0
            ],
            "e_F1": [
                60.6378109660365
            ],
            "epoch": [
                24
            ]
        }
    ],
    "8": [
        {
            "t_F1": [
                100.0
            ],
            "e_F1": [
                61.00623270582819
            ],
            "epoch": [
                24
            ]
        }
    ],
    "9": [
        {
            "t_F1": [
                99.15753313334959
            ],
            "e_F1": [
                55.53390031763751
            ],
            "epoch": [
                23
            ]
        }
    ],
    "10": [
        {
            "t_F1": [
                100.0
            ],
            "e_F1": [
                62.444925759994454
            ],
            "epoch": [
                24
            ]
        }
    ],
    "average f1": [
        59.536644415515354
    ]
}