{
    "1": [
        {
            "t_F1": [
                100.0
            ],
            "e_F1": [
                55.912281838161924
            ],
            "epoch": [
                43
            ]
        }
    ],
    "2": [
        {
            "t_F1": [
                100.0
            ],
            "e_F1": [
                60.486240975620056
            ],
            "epoch": [
                43
            ]
        }
    ],
    "average f1": [
        58.19926140689099
    ]
}