{
    "1": [
        {
            "t_F1": [
                98.51020666920249
            ],
            "e_F1": [
                60.59703705046038
            ],
            "epoch": [
                13
            ]
        }
    ],
    "2": [
        {
            "t_F1": [
                100.0
            ],
            "e_F1": [
                61.20226673997913
            ],
            "epoch": [
                15
            ]
        }
    ],
    "3": [
        {
            "t_F1": [
                99.35895114224012
            ],
            "e_F1": [
                58.25871166210447
            ],
            "epoch": [
                13
            ]
        }
    ],
    "4": [
        {
            "t_F1": [
                99.7933001930337
            ],
            "e_F1": [
                59.08112092346236
            ],
            "epoch": [
                14
            ]
        }
    ],
    "5": [
        {
            "t_F1": [
                96.85965342605287
            ],
            "e_F1": [
                50.82407290420197
            ],
            "epoch": [
                13
            ]
        }
    ],
    "6": [
        {
            "t_F1": [
                95.54730749940676
            ],
            "e_F1": [
                54.638408273385785
            ],
            "epoch": [
                14
            ]
        }
    ],
    "7": [
        {
            "t_F1": [
                99.36503260630438
            ],
            "e_F1": [
                59.212911362674326
            ],
            "epoch": [
                15
            ]
        }
    ],
    "8": [
        {
            "t_F1": [
                96.41455617899702
            ],
            "e_F1": [
                57.24468293596653
            ],
            "epoch": [
                13
            ]
        }
    ],
    "9": [
        {
            "t_F1": [
                99.15313727384415
            ],
            "e_F1": [
                62.13218658298282
            ],
            "epoch": [
                13
            ]
        }
    ],
    "10": [
        {
            "t_F1": [
                95.96127163784789
            ],
            "e_F1": [
                52.86409137231609
            ],
            "epoch": [
                14
            ]
        }
    ],
    "average f1": [
        57.60554898075338
    ]
}