{
    "1": [
        {
            "t_F1": [
                94.47250566500071
            ],
            "e_F1": [
                53.54300139333667
            ],
            "epoch": [
                8
            ]
        }
    ],
    "2": [
        {
            "t_F1": [
                86.67122867623964
            ],
            "e_F1": [
                52.73590182195297
            ],
            "epoch": [
                7
            ]
        }
    ],
    "3": [
        {
            "t_F1": [
                96.1742092702924
            ],
            "e_F1": [
                51.88545212015059
            ],
            "epoch": [
                8
            ]
        }
    ],
    "4": [
        {
            "t_F1": [
                89.82798123124314
            ],
            "e_F1": [
                57.36325544186348
            ],
            "epoch": [
                9
            ]
        }
    ],
    "5": [
        {
            "t_F1": [
                93.44390470680221
            ],
            "e_F1": [
                56.686302936908106
            ],
            "epoch": [
                9
            ]
        }
    ],
    "6": [
        {
            "t_F1": [
                95.77178555592856
            ],
            "e_F1": [
                51.86460118666021
            ],
            "epoch": [
                9
            ]
        }
    ],
    "7": [
        {
            "t_F1": [
                94.48212237425379
            ],
            "e_F1": [
                53.67123202799324
            ],
            "epoch": [
                8
            ]
        }
    ],
    "8": [
        {
            "t_F1": [
                94.47595525112973
            ],
            "e_F1": [
                56.621990251671185
            ],
            "epoch": [
                8
            ]
        }
    ],
    "9": [
        {
            "t_F1": [
                97.23257575317434
            ],
            "e_F1": [
                55.958488392698925
            ],
            "epoch": [
                10
            ]
        }
    ],
    "10": [
        {
            "t_F1": [
                93.19913382536028
            ],
            "e_F1": [
                56.1675060153321
            ],
            "epoch": [
                9
            ]
        }
    ],
    "average f1": [
        54.649773158856746
    ]
}