{
    "1": [
        {
            "t_F1": [
                81.03396829032421
            ],
            "e_F1": [
                57.06905790071721
            ],
            "epoch": [
                32
            ]
        }
    ],
    "2": [
        {
            "t_F1": [
                88.99265154603394
            ],
            "e_F1": [
                61.56280837427415
            ],
            "epoch": [
                36
            ]
        }
    ],
    "3": [
        {
            "t_F1": [
                88.1356205686992
            ],
            "e_F1": [
                57.36655360074053
            ],
            "epoch": [
                33
            ]
        }
    ],
    "4": [
        {
            "t_F1": [
                85.63637483379985
            ],
            "e_F1": [
                61.70554680255991
            ],
            "epoch": [
                38
            ]
        }
    ],
    "5": [
        {
            "t_F1": [
                83.53564639349455
            ],
            "e_F1": [
                60.59173907443116
            ],
            "epoch": [
                34
            ]
        }
    ],
    "6": [
        {
            "t_F1": [
                87.26774940745528
            ],
            "e_F1": [
                61.15653155621808
            ],
            "epoch": [
                35
            ]
        }
    ],
    "7": [
        {
            "t_F1": [
                86.68140750449035
            ],
            "e_F1": [
                60.95171455334456
            ],
            "epoch": [
                38
            ]
        }
    ],
    "8": [
        {
            "t_F1": [
                86.5342689439075
            ],
            "e_F1": [
                59.3201603603533
            ],
            "epoch": [
                37
            ]
        }
    ],
    "9": [
        {
            "t_F1": [
                92.15951130048244
            ],
            "e_F1": [
                60.372416561348174
            ],
            "epoch": [
                35
            ]
        }
    ],
    "10": [
        {
            "t_F1": [
                88.57221506503076
            ],
            "e_F1": [
                60.26496601549679
            ],
            "epoch": [
                38
            ]
        }
    ],
    "average f1": [
        60.03614947994838
    ]
}