{
    "1": [
        {
            "t_F1": [
                90.21227867136669
            ],
            "e_F1": [
                50.85821881606765
            ],
            "epoch": [
                8
            ]
        }
    ],
    "2": [
        {
            "t_F1": [
                98.93944195585888
            ],
            "e_F1": [
                58.56049846520365
            ],
            "epoch": [
                9
            ]
        }
    ],
    "3": [
        {
            "t_F1": [
                98.29658999378694
            ],
            "e_F1": [
                56.190174730896395
            ],
            "epoch": [
                8
            ]
        }
    ],
    "4": [
        {
            "t_F1": [
                93.43383140465387
            ],
            "e_F1": [
                52.79571876126423
            ],
            "epoch": [
                8
            ]
        }
    ],
    "5": [
        {
            "t_F1": [
                96.39765489505048
            ],
            "e_F1": [
                54.16685051430852
            ],
            "epoch": [
                9
            ]
        }
    ],
    "6": [
        {
            "t_F1": [
                90.45632284288975
            ],
            "e_F1": [
                58.86050915417811
            ],
            "epoch": [
                8
            ]
        }
    ],
    "7": [
        {
            "t_F1": [
                93.19626881546387
            ],
            "e_F1": [
                58.34590127943097
            ],
            "epoch": [
                9
            ]
        }
    ],
    "8": [
        {
            "t_F1": [
                90.90637057021532
            ],
            "e_F1": [
                57.43920282176802
            ],
            "epoch": [
                8
            ]
        }
    ],
    "9": [
        {
            "t_F1": [
                87.09338035879999
            ],
            "e_F1": [
                54.73942121377814
            ],
            "epoch": [
                9
            ]
        }
    ],
    "10": [
        {
            "t_F1": [
                96.18455927431049
            ],
            "e_F1": [
                57.63486797012111
            ],
            "epoch": [
                10
            ]
        }
    ],
    "average f1": [
        55.95913637270168
    ]
}