{
    "1": [
        {
            "t_F1": [
                100.0
            ],
            "e_F1": [
                55.95912435293564
            ],
            "epoch": [
                23
            ]
        }
    ],
    "2": [
        {
            "t_F1": [
                100.0
            ],
            "e_F1": [
                59.30126495246253
            ],
            "epoch": [
                24
            ]
        }
    ],
    "3": [
        {
            "t_F1": [
                100.0
            ],
            "e_F1": [
                53.655785867424974
            ],
            "epoch": [
                24
            ]
        }
    ],
    "4": [
        {
            "t_F1": [
                100.0
            ],
            "e_F1": [
                60.25351862067898
            ],
            "epoch": [
                25
            ]
        }
    ],
    "5": [
        {
            "t_F1": [
                100.0
            ],
            "e_F1": [
                58.671000107886506
            ],
            "epoch": [
                24
            ]
        }
    ],
    "6": [
        {
            "t_F1": [
                100.0
            ],
            "e_F1": [
                60.92286100086158
            ],
            "epoch": [
                23
            ]
        }
    ],
    "7": [
        {
            "t_F1": [
                100.0
            ],
            "e_F1": [
                58.38786105558581
            ],
            "epoch": [
                24
            ]
        }
    ],
    "8": [
        {
            "t_F1": [
                100.0
            ],
            "e_F1": [
                61.53316115276285
            ],
            "epoch": [
                32
            ]
        }
    ],
    "9": [
        {
            "t_F1": [
                100.0
            ],
            "e_F1": [
                57.2942978360935
            ],
            "epoch": [
                23
            ]
        }
    ],
    "10": [
        {
            "t_F1": [
                100.0
            ],
            "e_F1": [
                61.057929363104876
            ],
            "epoch": [
                24
            ]
        }
    ],
    "average f1": [
        58.70368043097973
    ]
}