{
    "1": [
        {
            "t_F1": [
                100.0
            ],
            "e_F1": [
                60.05246114913931
            ],
            "epoch": [
                23
            ]
        }
    ],
    "2": [
        {
            "t_F1": [
                100.0
            ],
            "e_F1": [
                59.0551158251952
            ],
            "epoch": [
                23
            ]
        }
    ],
    "3": [
        {
            "t_F1": [
                100.0
            ],
            "e_F1": [
                59.60245445905653
            ],
            "epoch": [
                23
            ]
        }
    ],
    "4": [
        {
            "t_F1": [
                100.0
            ],
            "e_F1": [
                58.608497824339686
            ],
            "epoch": [
                23
            ]
        }
    ],
    "5": [
        {
            "t_F1": [
                100.0
            ],
            "e_F1": [
                60.417950635341946
            ],
            "epoch": [
                24
            ]
        }
    ],
    "6": [
        {
            "t_F1": [
                100.0
            ],
            "e_F1": [
                58.198030963942706
            ],
            "epoch": [
                24
            ]
        }
    ],
    "7": [
        {
            "t_F1": [
                100.0
            ],
            "e_F1": [
                62.90121701782392
            ],
            "epoch": [
                23
            ]
        }
    ],
    "8": [
        {
            "t_F1": [
                100.0
            ],
            "e_F1": [
                60.70741912944621
            ],
            "epoch": [
                25
            ]
        }
    ],
    "9": [
        {
            "t_F1": [
                100.0
            ],
            "e_F1": [
                58.82715042407708
            ],
            "epoch": [
                33
            ]
        }
    ],
    "10": [
        {
            "t_F1": [
                100.0
            ],
            "e_F1": [
                59.73439551395443
            ],
            "epoch": [
                25
            ]
        }
    ],
    "average f1": [
        59.8104692942317
    ]
}