{
    "1": [
        {
            "t_F1": [
                94.25736281801956
            ],
            "e_F1": [
                58.52727906019442
            ],
            "epoch": [
                9
            ]
        }
    ],
    "2": [
        {
            "t_F1": [
                95.53102037690356
            ],
            "e_F1": [
                55.966719024171816
            ],
            "epoch": [
                9
            ]
        }
    ],
    "3": [
        {
            "t_F1": [
                95.76137974830785
            ],
            "e_F1": [
                57.0432642089341
            ],
            "epoch": [
                9
            ]
        }
    ],
    "4": [
        {
            "t_F1": [
                92.57852601899557
            ],
            "e_F1": [
                58.94999642905772
            ],
            "epoch": [
                9
            ]
        }
    ],
    "5": [
        {
            "t_F1": [
                96.36470053430992
            ],
            "e_F1": [
                60.62944121707029
            ],
            "epoch": [
                9
            ]
        }
    ],
    "6": [
        {
            "t_F1": [
                93.64079037263002
            ],
            "e_F1": [
                62.044076532128
            ],
            "epoch": [
                9
            ]
        }
    ],
    "7": [
        {
            "t_F1": [
                88.57115336217159
            ],
            "e_F1": [
                54.12094856672509
            ],
            "epoch": [
                8
            ]
        }
    ],
    "8": [
        {
            "t_F1": [
                87.51663933367495
            ],
            "e_F1": [
                54.95058030740828
            ],
            "epoch": [
                8
            ]
        }
    ],
    "9": [
        {
            "t_F1": [
                87.69590151456202
            ],
            "e_F1": [
                54.174290438554415
            ],
            "epoch": [
                8
            ]
        }
    ],
    "10": [
        {
            "t_F1": [
                89.61698986267669
            ],
            "e_F1": [
                56.0942503289525
            ],
            "epoch": [
                10
            ]
        }
    ],
    "average f1": [
        57.250084611319664
    ]
}