{
    "1": [
        {
            "t_F1": [
                99.369374323395
            ],
            "e_F1": [
                57.289151920693286
            ],
            "epoch": [
                14
            ]
        }
    ],
    "2": [
        {
            "t_F1": [
                99.57627118644068
            ],
            "e_F1": [
                58.819081975465146
            ],
            "epoch": [
                13
            ]
        }
    ],
    "3": [
        {
            "t_F1": [
                99.35895114224012
            ],
            "e_F1": [
                56.340597761057396
            ],
            "epoch": [
                13
            ]
        }
    ],
    "4": [
        {
            "t_F1": [
                99.5725841108214
            ],
            "e_F1": [
                58.83652635882078
            ],
            "epoch": [
                13
            ]
        }
    ],
    "5": [
        {
            "t_F1": [
                99.57355882887798
            ],
            "e_F1": [
                60.44061075227963
            ],
            "epoch": [
                13
            ]
        }
    ],
    "6": [
        {
            "t_F1": [
                99.36937392308435
            ],
            "e_F1": [
                53.25732172606913
            ],
            "epoch": [
                14
            ]
        }
    ],
    "7": [
        {
            "t_F1": [
                94.66752429787348
            ],
            "e_F1": [
                55.83997737351185
            ],
            "epoch": [
                13
            ]
        }
    ],
    "8": [
        {
            "t_F1": [
                98.72394481878963
            ],
            "e_F1": [
                58.03337177447676
            ],
            "epoch": [
                13
            ]
        }
    ],
    "9": [
        {
            "t_F1": [
                97.4496662239141
            ],
            "e_F1": [
                59.82220886195368
            ],
            "epoch": [
                13
            ]
        }
    ],
    "10": [
        {
            "t_F1": [
                95.76210524582307
            ],
            "e_F1": [
                56.14547892084142
            ],
            "epoch": [
                14
            ]
        }
    ],
    "average f1": [
        57.482432742516906
    ]
}