{
    "1": [
        {
            "t_F1": [
                96.58818349747801
            ],
            "e_F1": [
                59.987500711457606
            ],
            "epoch": [
                50
            ]
        }
    ],
    "2": [
        {
            "t_F1": [
                97.66473436435909
            ],
            "e_F1": [
                61.0008924202245
            ],
            "epoch": [
                50
            ]
        }
    ],
    "3": [
        {
            "t_F1": [
                96.17894623534204
            ],
            "e_F1": [
                59.26897934474395
            ],
            "epoch": [
                49
            ]
        }
    ],
    "4": [
        {
            "t_F1": [
                95.76416863411968
            ],
            "e_F1": [
                61.88928593962919
            ],
            "epoch": [
                53
            ]
        }
    ],
    "5": [
        {
            "t_F1": [
                98.077789506105
            ],
            "e_F1": [
                63.31271938683531
            ],
            "epoch": [
                52
            ]
        }
    ],
    "6": [
        {
            "t_F1": [
                93.59224823568948
            ],
            "e_F1": [
                60.8863014494793
            ],
            "epoch": [
                53
            ]
        }
    ],
    "7": [
        {
            "t_F1": [
                94.24002962717573
            ],
            "e_F1": [
                61.83122907384323
            ],
            "epoch": [
                51
            ]
        }
    ],
    "8": [
        {
            "t_F1": [
                94.70744266281474
            ],
            "e_F1": [
                61.179392539589436
            ],
            "epoch": [
                52
            ]
        }
    ],
    "9": [
        {
            "t_F1": [
                98.72925393783451
            ],
            "e_F1": [
                59.22424074447357
            ],
            "epoch": [
                54
            ]
        }
    ],
    "10": [
        {
            "t_F1": [
                97.01547568665944
            ],
            "e_F1": [
                61.13464471895013
            ],
            "epoch": [
                53
            ]
        }
    ],
    "average f1": [
        60.97151863292262
    ]
}