{
    "1": [
        {
            "t_F1": [
                88.8190798176236
            ],
            "e_F1": [
                52.98552550390786
            ],
            "epoch": [
                7
            ]
        }
    ],
    "2": [
        {
            "t_F1": [
                97.88791011635763
            ],
            "e_F1": [
                56.18897598395976
            ],
            "epoch": [
                9
            ]
        }
    ],
    "3": [
        {
            "t_F1": [
                97.45975374218939
            ],
            "e_F1": [
                59.213800688233356
            ],
            "epoch": [
                9
            ]
        }
    ],
    "4": [
        {
            "t_F1": [
                93.4215061018966
            ],
            "e_F1": [
                59.10032840039907
            ],
            "epoch": [
                10
            ]
        }
    ],
    "5": [
        {
            "t_F1": [
                95.98144230214807
            ],
            "e_F1": [
                60.50939241183899
            ],
            "epoch": [
                9
            ]
        }
    ],
    "6": [
        {
            "t_F1": [
                89.83990906080551
            ],
            "e_F1": [
                54.569570800691444
            ],
            "epoch": [
                9
            ]
        }
    ],
    "7": [
        {
            "t_F1": [
                88.17726997837667
            ],
            "e_F1": [
                57.85197674572562
            ],
            "epoch": [
                8
            ]
        }
    ],
    "8": [
        {
            "t_F1": [
                92.74986759883883
            ],
            "e_F1": [
                59.4907498736845
            ],
            "epoch": [
                8
            ]
        }
    ],
    "9": [
        {
            "t_F1": [
                95.52632365913149
            ],
            "e_F1": [
                47.84830829155764
            ],
            "epoch": [
                9
            ]
        }
    ],
    "10": [
        {
            "t_F1": [
                91.28439389137719
            ],
            "e_F1": [
                56.46657783408967
            ],
            "epoch": [
                8
            ]
        }
    ],
    "average f1": [
        56.42252065340879
    ]
}