{
    "1": [
        {
            "t_F1": [
                85.2514030635449
            ],
            "e_F1": [
                58.10381545911048
            ],
            "epoch": [
                32
            ]
        }
    ],
    "2": [
        {
            "t_F1": [
                93.39796121659184
            ],
            "e_F1": [
                57.847880998539836
            ],
            "epoch": [
                38
            ]
        }
    ],
    "3": [
        {
            "t_F1": [
                86.99074737047016
            ],
            "e_F1": [
                62.16257667086317
            ],
            "epoch": [
                31
            ]
        }
    ],
    "4": [
        {
            "t_F1": [
                86.88217077198796
            ],
            "e_F1": [
                62.32534648247275
            ],
            "epoch": [
                36
            ]
        }
    ],
    "5": [
        {
            "t_F1": [
                87.00856871957272
            ],
            "e_F1": [
                60.224963297549905
            ],
            "epoch": [
                37
            ]
        }
    ],
    "6": [
        {
            "t_F1": [
                83.788095254866
            ],
            "e_F1": [
                58.5272838723914
            ],
            "epoch": [
                33
            ]
        }
    ],
    "7": [
        {
            "t_F1": [
                91.95279842691947
            ],
            "e_F1": [
                58.45400499258311
            ],
            "epoch": [
                36
            ]
        }
    ],
    "8": [
        {
            "t_F1": [
                89.96387765136579
            ],
            "e_F1": [
                60.218421354815824
            ],
            "epoch": [
                39
            ]
        }
    ],
    "9": [
        {
            "t_F1": [
                88.10887735829668
            ],
            "e_F1": [
                61.30960007321315
            ],
            "epoch": [
                38
            ]
        }
    ],
    "10": [
        {
            "t_F1": [
                87.0603463025644
            ],
            "e_F1": [
                58.588254470117576
            ],
            "epoch": [
                39
            ]
        }
    ],
    "average f1": [
        59.77621476716572
    ]
}