{
    "1": [
        {
            "t_F1": [
                66.78260320052888
            ],
            "e_F1": [
                56.25607818579314
            ],
            "epoch": [
                83
            ]
        }
    ],
    "2": [
        {
            "t_F1": [
                69.11126873310877
            ],
            "e_F1": [
                59.44280232209221
            ],
            "epoch": [
                115
            ]
        }
    ],
    "3": [
        {
            "t_F1": [
                69.6663114756427
            ],
            "e_F1": [
                58.04777571432611
            ],
            "epoch": [
                120
            ]
        }
    ],
    "4": [
        {
            "t_F1": [
                67.73791508128674
            ],
            "e_F1": [
                60.19955351082837
            ],
            "epoch": [
                123
            ]
        }
    ],
    "5": [
        {
            "t_F1": [
                74.38815749254765
            ],
            "e_F1": [
                59.997397866250324
            ],
            "epoch": [
                132
            ]
        }
    ],
    "6": [
        {
            "t_F1": [
                65.76979290485386
            ],
            "e_F1": [
                60.6378192713611
            ],
            "epoch": [
                103
            ]
        }
    ],
    "7": [
        {
            "t_F1": [
                75.56067781579476
            ],
            "e_F1": [
                61.34236851680204
            ],
            "epoch": [
                142
            ]
        }
    ],
    "8": [
        {
            "t_F1": [
                71.9787972991048
            ],
            "e_F1": [
                61.76927752165714
            ],
            "epoch": [
                111
            ]
        }
    ],
    "9": [
        {
            "t_F1": [
                66.98068758233843
            ],
            "e_F1": [
                57.41486867988305
            ],
            "epoch": [
                117
            ]
        }
    ],
    "10": [
        {
            "t_F1": [
                66.54756073536574
            ],
            "e_F1": [
                61.80293730655816
            ],
            "epoch": [
                108
            ]
        }
    ],
    "average f1": [
        59.69108788955516
    ]
}