{
    "1": [
        {
            "t_F1": [
                99.79157620495006
            ],
            "e_F1": [
                60.97513149276615
            ],
            "epoch": [
                18
            ]
        }
    ],
    "2": [
        {
            "t_F1": [
                99.36151714394393
            ],
            "e_F1": [
                55.448350461483784
            ],
            "epoch": [
                19
            ]
        }
    ],
    "3": [
        {
            "t_F1": [
                100.0
            ],
            "e_F1": [
                57.52327741227368
            ],
            "epoch": [
                19
            ]
        }
    ],
    "4": [
        {
            "t_F1": [
                100.0
            ],
            "e_F1": [
                60.220427844668265
            ],
            "epoch": [
                19
            ]
        }
    ],
    "5": [
        {
            "t_F1": [
                100.0
            ],
            "e_F1": [
                58.55338766881534
            ],
            "epoch": [
                18
            ]
        }
    ],
    "6": [
        {
            "t_F1": [
                100.0
            ],
            "e_F1": [
                57.746574471467184
            ],
            "epoch": [
                19
            ]
        }
    ],
    "7": [
        {
            "t_F1": [
                100.0
            ],
            "e_F1": [
                60.800252011701275
            ],
            "epoch": [
                18
            ]
        }
    ],
    "8": [
        {
            "t_F1": [
                100.0
            ],
            "e_F1": [
                58.095880800563314
            ],
            "epoch": [
                18
            ]
        }
    ],
    "9": [
        {
            "t_F1": [
                99.57264957264957
            ],
            "e_F1": [
                58.167517505627195
            ],
            "epoch": [
                19
            ]
        }
    ],
    "10": [
        {
            "t_F1": [
                99.15932092026287
            ],
            "e_F1": [
                58.63409754327007
            ],
            "epoch": [
                19
            ]
        }
    ],
    "average f1": [
        58.61648972126362
    ]
}