{
    "1": [
        {
            "t_F1": [
                99.57872333031534
            ],
            "e_F1": [
                54.00241154704511
            ],
            "epoch": [
                14
            ]
        }
    ],
    "2": [
        {
            "t_F1": [
                97.63931104356635
            ],
            "e_F1": [
                59.233644018719374
            ],
            "epoch": [
                14
            ]
        }
    ],
    "3": [
        {
            "t_F1": [
                98.51449779032987
            ],
            "e_F1": [
                57.059847824941855
            ],
            "epoch": [
                14
            ]
        }
    ],
    "4": [
        {
            "t_F1": [
                97.48636287724676
            ],
            "e_F1": [
                60.24683912939657
            ],
            "epoch": [
                14
            ]
        }
    ],
    "5": [
        {
            "t_F1": [
                99.78723404255318
            ],
            "e_F1": [
                62.43760930423071
            ],
            "epoch": [
                13
            ]
        }
    ],
    "6": [
        {
            "t_F1": [
                99.78717238131465
            ],
            "e_F1": [
                58.907232568467926
            ],
            "epoch": [
                13
            ]
        }
    ],
    "7": [
        {
            "t_F1": [
                98.94472864558476
            ],
            "e_F1": [
                57.79127354074649
            ],
            "epoch": [
                14
            ]
        }
    ],
    "8": [
        {
            "t_F1": [
                100.0
            ],
            "e_F1": [
                56.477611474500335
            ],
            "epoch": [
                13
            ]
        }
    ],
    "9": [
        {
            "t_F1": [
                97.86474253058678
            ],
            "e_F1": [
                57.6319140097785
            ],
            "epoch": [
                14
            ]
        }
    ],
    "10": [
        {
            "t_F1": [
                97.87878491509038
            ],
            "e_F1": [
                58.299098704727136
            ],
            "epoch": [
                21
            ]
        }
    ],
    "average f1": [
        58.2087482122554
    ]
}