{
    "1": [
        {
            "t_F1": [
                98.52250648443258
            ],
            "e_F1": [
                56.86126880961246
            ],
            "epoch": [
                13
            ]
        }
    ],
    "2": [
        {
            "t_F1": [
                100.0
            ],
            "e_F1": [
                56.55826558265582
            ],
            "epoch": [
                13
            ]
        }
    ],
    "3": [
        {
            "t_F1": [
                98.74651850575702
            ],
            "e_F1": [
                48.697425206641796
            ],
            "epoch": [
                14
            ]
        }
    ],
    "4": [
        {
            "t_F1": [
                98.93944195585888
            ],
            "e_F1": [
                58.22092634212366
            ],
            "epoch": [
                13
            ]
        }
    ],
    "5": [
        {
            "t_F1": [
                98.71785505552309
            ],
            "e_F1": [
                60.619584878485796
            ],
            "epoch": [
                14
            ]
        }
    ],
    "6": [
        {
            "t_F1": [
                99.14952336899937
            ],
            "e_F1": [
                56.29724406588882
            ],
            "epoch": [
                13
            ]
        }
    ],
    "7": [
        {
            "t_F1": [
                95.9629154467904
            ],
            "e_F1": [
                57.39021393028408
            ],
            "epoch": [
                13
            ]
        }
    ],
    "8": [
        {
            "t_F1": [
                98.52352713723471
            ],
            "e_F1": [
                58.24333281674272
            ],
            "epoch": [
                13
            ]
        }
    ],
    "9": [
        {
            "t_F1": [
                98.94046613928356
            ],
            "e_F1": [
                55.86572852841376
            ],
            "epoch": [
                14
            ]
        }
    ],
    "10": [
        {
            "t_F1": [
                98.94984530383451
            ],
            "e_F1": [
                60.088048283142406
            ],
            "epoch": [
                15
            ]
        }
    ],
    "average f1": [
        56.88420384439913
    ]
}