{
    "1": [
        {
            "t_F1": [
                70.60848363308959
            ],
            "e_F1": [
                55.468784384080436
            ],
            "epoch": [
                120
            ]
        }
    ],
    "2": [
        {
            "t_F1": [
                74.30137090404563
            ],
            "e_F1": [
                59.655224312811015
            ],
            "epoch": [
                151
            ]
        }
    ],
    "3": [
        {
            "t_F1": [
                74.55808700807374
            ],
            "e_F1": [
                57.306156393857165
            ],
            "epoch": [
                133
            ]
        }
    ],
    "4": [
        {
            "t_F1": [
                73.0435463978679
            ],
            "e_F1": [
                61.92530004319148
            ],
            "epoch": [
                150
            ]
        }
    ],
    "5": [
        {
            "t_F1": [
                72.02949457905346
            ],
            "e_F1": [
                56.23680908941549
            ],
            "epoch": [
                139
            ]
        }
    ],
    "6": [
        {
            "t_F1": [
                72.2574346027047
            ],
            "e_F1": [
                60.954190540318066
            ],
            "epoch": [
                140
            ]
        }
    ],
    "7": [
        {
            "t_F1": [
                72.54008340452727
            ],
            "e_F1": [
                58.23564698424462
            ],
            "epoch": [
                150
            ]
        }
    ],
    "8": [
        {
            "t_F1": [
                72.51094962448697
            ],
            "e_F1": [
                60.99575755839396
            ],
            "epoch": [
                133
            ]
        }
    ],
    "9": [
        {
            "t_F1": [
                72.86125060673832
            ],
            "e_F1": [
                59.01629032553204
            ],
            "epoch": [
                140
            ]
        }
    ],
    "10": [
        {
            "t_F1": [
                69.24998528741682
            ],
            "e_F1": [
                61.60326094910273
            ],
            "epoch": [
                156
            ]
        }
    ],
    "average f1": [
        59.139742058094704
    ]
}