{
    "1": [
        {
            "t_F1": [
                100.0
            ],
            "e_F1": [
                60.81230593512712
            ],
            "epoch": [
                28
            ]
        }
    ],
    "2": [
        {
            "t_F1": [
                100.0
            ],
            "e_F1": [
                59.441950871002206
            ],
            "epoch": [
                29
            ]
        }
    ],
    "3": [
        {
            "t_F1": [
                100.0
            ],
            "e_F1": [
                59.00533771707545
            ],
            "epoch": [
                29
            ]
        }
    ],
    "4": [
        {
            "t_F1": [
                100.0
            ],
            "e_F1": [
                60.01593494920543
            ],
            "epoch": [
                29
            ]
        }
    ],
    "5": [
        {
            "t_F1": [
                100.0
            ],
            "e_F1": [
                61.99227750907337
            ],
            "epoch": [
                29
            ]
        }
    ],
    "6": [
        {
            "t_F1": [
                100.0
            ],
            "e_F1": [
                58.47899606195527
            ],
            "epoch": [
                28
            ]
        }
    ],
    "7": [
        {
            "t_F1": [
                100.0
            ],
            "e_F1": [
                61.18221219285049
            ],
            "epoch": [
                28
            ]
        }
    ],
    "8": [
        {
            "t_F1": [
                100.0
            ],
            "e_F1": [
                61.00043715483111
            ],
            "epoch": [
                29
            ]
        }
    ],
    "9": [
        {
            "t_F1": [
                100.0
            ],
            "e_F1": [
                57.73843230035295
            ],
            "epoch": [
                28
            ]
        }
    ],
    "10": [
        {
            "t_F1": [
                100.0
            ],
            "e_F1": [
                62.43251799520127
            ],
            "epoch": [
                29
            ]
        }
    ],
    "average f1": [
        60.21004026866747
    ]
}