{
    "1": [
        {
            "t_F1": [
                80.18984568683378
            ],
            "e_F1": [
                43.841262673637736
            ],
            "epoch": [
                20
            ]
        }
    ],
    "2": [
        {
            "t_F1": [
                77.24371009297636
            ],
            "e_F1": [
                49.805977765667485
            ],
            "epoch": [
                19
            ]
        }
    ],
    "3": [
        {
            "t_F1": [
                78.41092523295912
            ],
            "e_F1": [
                45.12309356995621
            ],
            "epoch": [
                19
            ]
        }
    ],
    "4": [
        {
            "t_F1": [
                77.33608537956364
            ],
            "e_F1": [
                49.471827596587744
            ],
            "epoch": [
                20
            ]
        }
    ],
    "5": [
        {
            "t_F1": [
                78.94972355070809
            ],
            "e_F1": [
                47.02789413579532
            ],
            "epoch": [
                20
            ]
        }
    ],
    "6": [
        {
            "t_F1": [
                77.63491076220713
            ],
            "e_F1": [
                42.62317295062738
            ],
            "epoch": [
                20
            ]
        }
    ],
    "7": [
        {
            "t_F1": [
                76.61261415645562
            ],
            "e_F1": [
                48.415259714017964
            ],
            "epoch": [
                20
            ]
        }
    ],
    "8": [
        {
            "t_F1": [
                75.59678948656106
            ],
            "e_F1": [
                43.4188248942988
            ],
            "epoch": [
                17
            ]
        }
    ],
    "9": [
        {
            "t_F1": [
                77.65098713340628
            ],
            "e_F1": [
                49.79790542960638
            ],
            "epoch": [
                21
            ]
        }
    ],
    "10": [
        {
            "t_F1": [
                77.05662643999635
            ],
            "e_F1": [
                44.8534135457403
            ],
            "epoch": [
                19
            ]
        }
    ],
    "average f1": [
        46.437863227593525
    ]
}