{
    "1": [
        {
            "t_loss": [
                0.15567413702456637,
                0.0824064707402328,
                0.04133685392261756,
                0.023317778198462393,
                0.013497381983795251,
                0.009005435805937106,
                0.004909676325041801
            ],
            "t_accuracy": [
                43.43434343434343,
                75.75757575757575,
                90.65656565656566,
                95.07575757575758,
                97.0959595959596,
                98.48484848484848,
                99.74747474747475
            ],
            "t_precision": [
                43.771025161629105,
                75.60985734828452,
                90.65906055147764,
                95.06028118068538,
                97.08377725827734,
                98.48672823067992,
                99.75074404761905
            ],
            "t_recall": [
                43.36459694630974,
                75.50275547190282,
                90.63834756617106,
                95.06073271032133,
                97.12086062777911,
                98.50457259021209,
                99.75340136054423
            ],
            "t_F1_measure": [
                43.503312457963226,
                75.35059865315053,
                90.63734876306707,
                95.05198556860002,
                97.09408291841004,
                98.49444487331745,
                99.75173961059052
            ],
            "e_loss": [
                0.05304018366432777
            ],
            "e_accuracy": [
                86.11111111111111
            ],
            "e_precision": [
                86.48510651095162
            ],
            "e_recall": [
                85.99152049700703
            ],
            "e_F1_measure": [
                85.99207201030093
            ],
            "epoch": [
                7
            ]
        }
    ],
    "2": [
        {
            "t_loss": [
                0.15398463651989447,
                0.08587906165330698,
                0.04598019239163459,
                0.025359249019976517,
                0.014184428306033064,
                0.008460969905218467,
                0.005100534990138252
            ],
            "t_accuracy": [
                43.56060606060606,
                75.63131313131314,
                87.87878787878788,
                94.1919191919192,
                97.47474747474747,
                98.86363636363636,
                99.4949494949495
            ],
            "t_precision": [
                44.13164426268169,
                75.88982603897895,
                87.89313575231472,
                94.19204974629581,
                97.48805986796911,
                98.84016126182995,
                99.50630074880854
            ],
            "t_recall": [
                43.28848369769152,
                75.52320962265165,
                87.78536804748197,
                94.16198549503535,
                97.4663230569804,
                98.84278877322188,
                99.48375684752709
            ],
            "t_F1_measure": [
                43.224485812195155,
                75.46105181842593,
                87.79956235911882,
                94.1723971642307,
                97.46842434833847,
                98.84114028034202,
                99.49383133023176
            ],
            "e_loss": [
                0.0508748705139045
            ],
            "e_accuracy": [
                87.87878787878788
            ],
            "e_precision": [
                87.89048604199733
            ],
            "e_recall": [
                87.77680061150517
            ],
            "e_F1_measure": [
                87.80836969099653
            ],
            "epoch": [
                7
            ]
        }
    ],
    "average accuracy": [
        86.9949494949495
    ]
}