{
    "1": [
        {
            "t_loss": [
                0.13985884909377666,
                0.07431374746650433,
                0.04252159956257552,
                0.02332650684481803,
                0.013312536219742087,
                0.008102102088282544,
                0.005788910824176286,
                0.003792400924296316,
                0.0026080674182545707,
                0.0017598272261195819,
                0.0012009332078525938,
                0.0011256452782694088,
                0.0011591337474751056,
                0.0007191424000046812,
                0.000691303178714331
            ],
            "t_accuracy": [
                50.51302288871349,
                76.16416732438832,
                87.84530386740332,
                94.63299131807419,
                97.15864246250986,
                98.34254143646409,
                99.13180741910024,
                99.4475138121547,
                99.76322020520915,
                99.84214680347277,
                100.0,
                99.92107340173638,
                99.92107340173638,
                99.92107340173638,
                100.0
            ],
            "t_precision": [
                50.387169852863735,
                76.14932956136927,
                87.81957812765596,
                94.62079846573815,
                97.16740301140851,
                98.33415633686603,
                99.13547748878644,
                99.44676772644969,
                99.76301296576032,
                99.83854166666667,
                100.0,
                99.9221183800623,
                99.92469879518072,
                99.9221183800623,
                100.0
            ],
            "t_recall": [
                50.255284220556554,
                75.97752363857127,
                87.79510051372263,
                94.61524859140566,
                97.13588115224292,
                98.3309692770278,
                99.13179997323033,
                99.45570556394763,
                99.76301296576032,
                99.83854166666667,
                100.0,
                99.91666666666667,
                99.92088607594937,
                99.91666666666667,
                100.0
            ],
            "t_F1_measure": [
                50.0916892646292,
                75.93713568013465,
                87.80509405468797,
                94.6167122559525,
                97.14941460307563,
                98.33196227349956,
                99.13277265048647,
                99.45098794953954,
                99.76301296576032,
                99.83854166666667,
                100.0,
                99.91926221289252,
                99.92267295800437,
                99.91926221289252,
                100.0
            ],
            "e_loss": [
                0.09374046887800667
            ],
            "e_accuracy": [
                82.33438485804416
            ],
            "e_precision": [
                83.10563784183248
            ],
            "e_recall": [
                82.40561576851468
            ],
            "e_F1_measure": [
                82.10339882276921
            ],
            "epoch": [
                15
            ]
        }
    ],
    "2": [
        {
            "t_loss": [
                0.15486155260992313,
                0.09054780447445428,
                0.05419311357842907,
                0.0324449717245802,
                0.01839933741945059,
                0.012892210387846053,
                0.008604236179411459,
                0.004816754879143263,
                0.005247436932618153,
                0.0031800021431405145,
                0.002598027885768742,
                0.0020466915191384217,
                0.001641155713886146,
                0.0012111000506458739,
                0.0009421551222093373,
                0.0010024963517180087,
                0.0008891133258733737,
                0.0006594385597274154
            ],
            "t_accuracy": [
                42.38358326756117,
                70.00789265982637,
                84.45146014206787,
                91.87056037884767,
                96.13259668508287,
                97.07971586424625,
                98.34254143646409,
                99.60536700868192,
                98.73717442778216,
                99.60536700868192,
                99.60536700868192,
                99.68429360694554,
                99.84214680347277,
                99.92107340173638,
                100.0,
                100.0,
                100.0,
                100.0
            ],
            "t_precision": [
                45.177797622065945,
                70.10010683017043,
                84.54309774712814,
                91.87449524088099,
                96.14284909983259,
                97.09799288209626,
                98.33387677307543,
                99.60426733950797,
                98.73284767172873,
                99.60012534574764,
                99.60062754766506,
                99.68050792095377,
                99.83974194343713,
                99.91961414790997,
                100.0,
                100.0,
                100.0,
                100.0
            ],
            "t_recall": [
                42.173418319804604,
                69.8962558626023,
                84.41524678056307,
                91.8504188548247,
                96.13040411822264,
                97.08376472351455,
                98.33997917663743,
                99.60654218077461,
                98.73024730613152,
                99.60602522461248,
                99.60915130671783,
                99.68979646800815,
                99.84489823400408,
                99.92088607594937,
                100.0,
                100.0,
                100.0,
                100.0
            ],
            "t_F1_measure": [
                42.24213484215475,
                69.79208102166858,
                84.45347389142917,
                91.84997388208598,
                96.13257775836301,
                97.0899091189733,
                98.33644813638736,
                99.60426183623896,
                98.73029661634641,
                99.60244638670926,
                99.60427638243094,
                99.68415735187693,
                99.84207094931912,
                99.92012269969963,
                100.0,
                100.0,
                100.0,
                100.0
            ],
            "e_loss": [
                0.06099981485005932
            ],
            "e_accuracy": [
                89.58990536277602
            ],
            "e_precision": [
                89.82748141450672
            ],
            "e_recall": [
                89.56649700066087
            ],
            "e_F1_measure": [
                89.58828788470522
            ],
            "epoch": [
                18
            ]
        }
    ],
    "3": [
        {
            "t_loss": [
                0.14478754726750886,
                0.0777039194351684,
                0.04350185585697053,
                0.025908777197703847,
                0.01708391562233596,
                0.009820821453929653,
                0.005279010004086836,
                0.003831588591859862,
                0.002504140025610435,
                0.001871372333080188,
                0.0014878186246934447,
                0.0011216715958054695,
                0.0008135051551056642,
                0.0007364642650150674
            ],