{
    "1": [
        {
            "t_loss": [
                0.1455002811920389,
                0.07589352698945209,
                0.043958258836426505,
                0.026736808036642933,
                0.016098161291951445,
                0.010867221427209611,
                0.00906411502892541,
                0.004846855273636407
            ],
            "t_accuracy": [
                48.61878453038674,
                77.97947908445146,
                88.16101026045777,
                93.1333859510655,
                97.00078926598263,
                98.10576164167324,
                97.79005524861878,
                99.05288082083662
            ],
            "t_precision": [
                48.68829893976231,
                77.9780434589955,
                88.1427910241852,
                93.12653703006085,
                97.00593471888304,
                98.09930029783833,
                97.7927041144869,
                99.04499237438623
            ],
            "t_recall": [
                48.428880921037184,
                77.84999462640255,
                88.13813466559012,
                93.11410400505493,
                97.00908283378288,
                98.11490098362334,
                97.79528779410758,
                99.05172819607674
            ],
            "t_F1_measure": [
                48.2541252299719,
                77.8578236794815,
                88.13330364860892,
                93.11476123012932,
                97.00484012498552,
                98.10449763412909,
                97.79175904939325,
                99.04749644509756
            ],
            "e_loss": [
                0.054033512656491735
            ],
            "e_accuracy": [
                86.1198738170347
            ],
            "e_precision": [
                86.27001506959334
            ],
            "e_recall": [
                86.12856429548825
            ],
            "e_F1_measure": [
                86.0060262470626
            ],
            "epoch": [
                8
            ]
        }
    ],
    "2": [
        {
            "t_loss": [
                0.13703909384611562,
                0.07168961152869505,
                0.03921870007558234,
                0.02157209155862032,
                0.013068965579594038,
                0.007819511313520626,
                0.004993295066217409
            ],
            "t_accuracy": [
                51.14443567482242,
                78.2162588792423,
                88.55564325177585,
                94.86977111286504,
                97.07971586424625,
                98.89502762430939,
                99.28966061562747
            ],
            "t_precision": [
                51.90548503456047,
                78.24175791858245,
                88.58644146200443,
                94.88317578069865,
                97.08137764436644,
                98.8931623931624,
                99.29036495228478
            ],
            "t_recall": [
                51.10463822258284,
                78.19457122572139,
                88.55046035690339,
                94.86351291196871,
                97.07656462182554,
                98.89076243442591,
                99.28961633168237
            ],
            "t_F1_measure": [
                50.43151736139897,
                78.17401698411425,
                88.56242450572259,
                94.8675570097641,
                97.07774387944406,
                98.89184043828112,
                99.2888586722436
            ],
            "e_loss": [
                0.07920306685971161
            ],
            "e_accuracy": [
                83.28075709779179
            ],
            "e_precision": [
                83.58017369627278
            ],
            "e_recall": [
                83.2792207792208
            ],
            "e_F1_measure": [
                83.09589530645222
            ],
            "epoch": [
                7
            ]
        }
    ],
    "3": [
        {
            "t_loss": [
                0.1473862185380359,
                0.07938120344208278,
                0.045209269685451685,
                0.02650470064619252,
                0.017019036544991133,
                0.009955111238296895,
                0.005685534840743715
            ],
            "t_accuracy": [
                45.54064719810576,
                75.45382794001578,
                86.89818468823994,
                93.29123914759273,
                95.89581689029202,
                98.18468823993686,
                99.13180741910024
            ],
            "t_precision": [
                47.38637027480617,
                75.572389981694,
                86.9101764567776,
                93.33230890321111,
                95.89732579631797,
                98.18620461435243,
                99.13670124259994
            ],
            "t_recall": [
                45.45674789235183,
                75.42171846746851,
                86.9049955473484,
                93.28323012092059,
                95.90069121078837,
                98.182620742648,
                99.12974377665766
            ],
            "t_F1_measure": [
                45.457666529763365,
                75.38855140575264,
                86.89610144697768,
                93.29713759455376,
                95.89685336827165,
                98.18169626684023,
                99.13132012534793
            ],
            "e_loss": [
                0.0637484848064485
            ],
            "e_accuracy": [
                85.17350157728707
            ],
            "e_precision": [
                85.07168656936457
            ],
            "e_recall": [
                84.61121647390458
            ],
            "e_F1_measure": [
                84.75065966554793
            ],
            "epoch": [
                7
            ]
        }
    ],
    "4": [
        {
            "t_loss": [
                0.14154936931880327,
                0.07144597783131965,
                0.04028442196677356,
                0.02299241020528698,
                0.014086722264003123,
                0.008205612540324442,
                0.0050244327971231025
            ],
            "t_accuracy": [
                47.04025256511444,
                78.13733228097868,
                89.4238358326756,
                94.31728492501973,
                97.3164956590371,
                98.57932123125494,
                99.36858721389108
            ],
            "t_precision": [
                48.33129941928412,
                78.32460602166697,
                89.4173632787303,
                94.31698893963386,
                97.32249317205282,
                98.58074273194984,
                99.37399884037463
            ],
            "t_recall": [
                46.963510556655024,
                78.08692749924964,
                89.4175339431485,
                94.31434812488389,
                97.32359148164217,
                98.58676166082606,
                99.37278512177383
            ],
            "t_F1_measure": [
                46.69836949064397,
                78.1063433417152,
                89.41667874634834,
                94.31326489480504,
                97.3212599074964,
                98.58312878616324,
                99.3730291999853
            ],
            "e_loss": [
                0.08192346594369844
            ],
            "e_accuracy": [
                80.7570977917981
            ],
            "e_precision": [
                80.79674648020033
            ],
            "e_recall": [
                80.66336596463981
            ],
            "e_F1_measure": [
                80.55117763093102
            ],
            "epoch": [
                7
            ]
        }
    ],