{
    "1": [
        {
            "t_loss": [
                0.140530057774817,
                0.0641133253239889,
                0.032827615590902796,
                0.016096726361288737,
                0.00967646666288658,
                0.0055482531019325505
            ],
            "t_accuracy": [
                48.697711128650354,
                80.89976322020522,
                91.31807419100237,
                96.2904498816101,
                98.10576164167324,
                99.28966061562747
            ],
            "t_precision": [
                48.93446693565436,
                80.95154690701463,
                91.30538703410457,
                96.26936191712822,
                98.09462641409006,
                99.27957306055954
            ],
            "t_recall": [
                48.466981948293984,
                80.75329523784612,
                91.28696539251658,
                96.27153423184464,
                98.09942982415797,
                99.2969931790297
            ],
            "t_F1_measure": [
                48.25596484577652,
                80.76201741308753,
                91.28979899096149,
                96.26752014374934,
                98.09456309177,
                99.28513414572362
            ],
            "e_loss": [
                0.04631029113712912
            ],
            "e_accuracy": [
                89.27444794952682
            ],
            "e_precision": [
                89.6045712278589
            ],
            "e_recall": [
                89.54098430503696
            ],
            "e_F1_measure": [
                89.27971989895423
            ],
            "epoch": [
                6
            ]
        }
    ],
    "2": [
        {
            "t_loss": [
                0.14332783770260138,
                0.06699527677474948,
                0.03292484828634827,
                0.016380144426144876,
                0.008245825729661437,
                0.004695008209139849
            ],
            "t_accuracy": [
                48.61878453038674,
                80.42620363062352,
                91.31807419100237,
                96.36937647987372,
                98.42146803472771,
                99.36858721389108
            ],
            "t_precision": [
                48.552016448733276,
                80.81550914177214,
                91.40218646687698,
                96.35173046011654,
                98.41738307251758,
                99.36256415997795
            ],
            "t_recall": [
                48.45609510666633,
                80.20267253489106,
                91.22469898327796,
                96.36367680092016,
                98.40072943934125,
                99.37159767473653
            ],
            "t_F1_measure": [
                48.38005310446717,
                80.31542098642375,
                91.28364014257485,
                96.35650532088843,
                98.40843933999476,
                99.36695703593209
            ],
            "e_loss": [
                0.0344070375989535
            ],
            "e_accuracy": [
                88.9589905362776
            ],
            "e_precision": [
                88.83045977011494
            ],
            "e_recall": [
                89.07512472956863
            ],
            "e_F1_measure": [
                88.86845716085206
            ],
            "epoch": [
                6
            ]
        }
    ],
    "3": [
        {
            "t_loss": [
                0.12683335655819458,
                0.05265705008133246,
                0.024045213388062973,
                0.012082992567759427,
                0.005569839253749672,
                0.003035046932586684
            ],
            "t_accuracy": [
                54.538279400157855,
                85.79321231254933,
                94.1594317284925,
                97.23756906077348,
                99.36858721389108,
                99.76322020520915
            ],
            "t_precision": [
                55.78997482484203,
                85.93900119251849,
                94.15495752848288,
                97.24941267429232,
                99.365940757002,
                99.76547495813261
            ],
            "t_recall": [
                54.30133346994761,
                85.71252317399725,
                94.15117502164557,
                97.22753452368002,
                99.37122633005546,
                99.7613102966144
            ],
            "t_F1_measure": [
                54.14151830805456,
                85.75000403126485,
                94.15294745391772,
                97.23552478031479,
                99.36785547475944,
                99.76326951386633
            ],
            "e_loss": [
                0.03243612851771271
            ],
            "e_accuracy": [
                93.37539432176656
            ],
            "e_precision": [
                93.39084554428797
            ],
            "e_recall": [
                93.39100064977258
            ],
            "e_F1_measure": [
                93.37603734755633
            ],
            "epoch": [
                6
            ]
        }
    ],
    "4": [
        {
            "t_loss": [
                0.13504345330461895,
                0.06199477678245696,
                0.030030442439989962,
                0.014296347680762586,
                0.008288190078251975,
                0.005261221413604251
            ],
            "t_accuracy": [
                51.22336227308603,
                83.18863456985004,
                92.5019731649566,
                97.3164956590371,
                98.57932123125494,
                99.21073401736385
            ],
            "t_precision": [
                51.07959751075602,
                83.34809076903728,
                92.52627157451776,
                97.31561843717951,
                98.57983077509097,
                99.20954678018839
            ],
            "t_recall": [
                51.2404330426535,
                83.11469684377057,
                92.48933303856278,
                97.31519371939011,
                98.58407046192494,
                99.20859432636742
            ],
            "t_F1_measure": [
                51.09932282622531,
                83.11914965359168,
                92.49616837548812,
                97.31528778265978,
                98.58134522854853,
                99.2082219385576
            ],
            "e_loss": [
                0.04751034974772777
            ],
            "e_accuracy": [
                89.27444794952682
            ],
            "e_precision": [
                89.449519531518
            ],
            "e_recall": [
                89.25393563291468
            ],
            "e_F1_measure": [
                89.27050151106755
            ],
            "epoch": [
                6
            ]
        }
    ],
    "5": [
        {
            "t_loss": [
                0.12664141249769495,
                0.05118145784862598,
                0.02714447366302886,
                0.013016476983363131,
                0.007098639131250441,
                0.004220010940064837
            ],
            "t_accuracy": [
                56.30914826498423,
                86.0410094637224,
                93.21766561514195,
                97.47634069400631,
                98.97476340694006,
                99.29022082018928
            ],
            "t_precision": [
                56.567224278525096,
                86.04497593589322,
                93.21238974030553,
                97.47153908824531,
                98.97625892040286,
                99.2935122909491
            ],