{
    "1": [
        {
            "t_loss": [
                0.1323923236898484,
                0.05310252586698664,
                0.027548385254785878,
                0.011605245913522232,
                0.006497765245686425,
                0.004688567378658922
            ],
            "t_accuracy": [
                52.48618784530387,
                84.0568271507498,
                92.5808997632202,
                97.55327545382794,
                99.13180741910024,
                99.28966061562747
            ],
            "t_precision": [
                52.98567785179335,
                84.14247021378849,
                92.61428124338742,
                97.56275562618156,
                99.12941095930005,
                99.2932434439232
            ],
            "t_recall": [
                52.44729907773385,
                84.03107158541941,
                92.57222849614153,
                97.55293619424054,
                99.1407867494824,
                99.29434092477571
            ],
            "t_F1_measure": [
                52.460882868995164,
                84.06066602949377,
                92.58737911943587,
                97.55660863722628,
                99.13348547690073,
                99.29354450742387
            ],
            "e_loss": [
                0.0691677804967265
            ],
            "e_accuracy": [
                85.8044164037855
            ],
            "e_precision": [
                87.41486310514777
            ],
            "e_recall": [
                85.12605660456705
            ],
            "e_F1_measure": [
                85.51216410434355
            ],
            "epoch": [
                6
            ]
        }
    ],
    "2": [
        {
            "t_loss": [
                0.1376612911613889,
                0.060445805445560434,
                0.029170680091361315,
                0.01452125365762797,
                0.007291189293452812,
                0.004784536977234607
            ],
            "t_accuracy": [
                52.170481452249405,
                82.39936858721389,
                92.5019731649566,
                96.7640094711918,
                98.65824782951854,
                99.36858721389108
            ],
            "t_precision": [
                52.33221575885243,
                82.54692739109568,
                92.48846450948159,
                96.7577292808359,
                98.64781691241325,
                99.36063485385591
            ],
            "t_recall": [
                51.855686620488406,
                82.30229840731252,
                92.50394416951735,
                96.76837890807631,
                98.67722668231634,
                99.37173077606097
            ],
            "t_F1_measure": [
                51.620164463228434,
                82.342162605623,
                92.4842782483265,
                96.76267209364097,
                98.66008658440995,
                99.3657990888077
            ],
            "e_loss": [
                0.06258165264907602
            ],
            "e_accuracy": [
                86.1198738170347
            ],
            "e_precision": [
                86.23265103600941
            ],
            "e_recall": [
                86.11623936068786
            ],
            "e_F1_measure": [
                85.96926514348478
            ],
            "epoch": [
                6
            ]
        }
    ],
    "3": [
        {
            "t_loss": [
                0.1465409650704761,
                0.07419923218386137,
                0.04062641157835557,
                0.026068355290523502,
                0.01500494568186041,
                0.009161616488115093,
                0.006536949551079919
            ],
            "t_accuracy": [
                47.51381215469613,
                77.74269928966062,
                88.16101026045777,
                93.37016574585635,
                96.8429360694554,
                98.34254143646409,
                98.97395422257301
            ],
            "t_precision": [
                48.12768906381064,
                77.84427060086972,
                88.13357654580807,
                93.35610637860337,
                96.82867908216991,
                98.33060334540124,
                98.96236071773707
            ],
            "t_recall": [
                47.17922371525257,
                77.65620203238093,
                88.14522931231497,
                93.38091646997417,
                96.830090514774,
                98.3479592783142,
                98.97602276662606
            ],
            "t_F1_measure": [
                46.89886358795417,
                77.68851954771185,
                88.13295586927914,
                93.36281058891136,
                96.82892803117217,
                98.33769863891786,
                98.96755166506013
            ],
            "e_loss": [
                0.043844834310869316
            ],
            "e_accuracy": [
                89.58990536277602
            ],
            "e_precision": [
                89.54886163219497
            ],
            "e_recall": [
                89.86666269320447
            ],
            "e_F1_measure": [
                89.55882650689533
            ],
            "epoch": [
                7
            ]
        }
    ],
    "4": [
        {
            "t_loss": [
                0.142415872712538,
                0.06563587624347389,
                0.03381687959166568,
                0.0186735503000649,
                0.01011626147418838,
                0.0060288295456323695,
                0.002893676547643794
            ],
            "t_accuracy": [
                47.19810576164167,
                80.66298342541437,
                90.52880820836621,
                95.42225730071034,
                97.8689818468824,
                98.81610102604577,
                99.84214680347277
            ],
            "t_precision": [
                47.49934018833361,
                80.96091922203598,
                90.63725451433784,
                95.409662822798,
                97.86366365078172,
                98.8218635990718,
                99.84413995358187
            ],
            "t_recall": [
                47.14930876208236,
                80.65909928249026,
                90.51259912284893,
                95.41453682640312,
                97.85586175344753,
                98.81425049155447,
                99.84047749893143
            ],
            "t_F1_measure": [
                46.933141744338826,
                80.67715027692314,
                90.5365932547997,
                95.40976769634159,
                97.85823956945937,
                98.8177028381566,
                99.84205953230558
            ],
            "e_loss": [
                0.042547882256195046
            ],
            "e_accuracy": [
                88.32807570977918
            ],
            "e_precision": [
                88.56689365269555
            ],
            "e_recall": [
                88.36375882571534
            ],
            "e_F1_measure": [
                88.25112949696745
            ],
            "epoch": [
                7
            ]
        }
    ],
    "5": [
        {
            "t_loss": [
                0.1525190546873616,
                0.07668183392577743,
                0.041197982613784656,
                0.025098323272629303,
                0.015357432408076167,
                0.010424802823092095,
                0.0054735671725177,
                0.0044660367290504065
            ],