{
    "1": [
        {
            "t_loss": [
                0.13947558875806518,
                0.06325603893942595,
                0.0328397309229707,
                0.016669718228168814,
                0.009629708525504925,
                0.006640861860359559,
                0.003939103892961724,
                0.003094513589095827,
                0.0020579035474199156,
                0.001742670816132665,
                0.0010636716903001365,
                0.0006762801314135917,
                0.0007229974965109904
            ],
            "t_accuracy": [
                49.72375690607735,
                81.61010260457775,
                91.31807419100237,
                96.36937647987372,
                98.34254143646409,
                99.05288082083662,
                99.4475138121547,
                99.68429360694554,
                99.84214680347277,
                99.76322020520915,
                99.92107340173638,
                100.0,
                100.0
            ],
            "t_precision": [
                49.914510400936344,
                81.6854098262072,
                91.31827014029284,
                96.38425658010374,
                98.33711329808888,
                99.04303072502655,
                99.4457539922515,
                99.67845326716295,
                99.84145409957989,
                99.76500150019152,
                99.92260061919505,
                100.0,
                100.0
            ],
            "t_recall": [
                49.7033337713525,
                81.56185731572971,
                91.30127764433065,
                96.35266243150551,
                98.34054211194221,
                99.06042905939965,
                99.44698353476386,
                99.6861745964743,
                99.84145409957989,
                99.76080893828959,
                99.91909385113269,
                100.0,
                100.0
            ],
            "t_F1_measure": [
                49.56963020679982,
                81.55936748132136,
                91.3076466335668,
                96.36368159755516,
                98.33844920798407,
                99.04838899618447,
                99.4457470949798,
                99.68144630132534,
                99.84145409957989,
                99.76278153824374,
                99.92072167150377,
                100.0,
                100.0
            ],
            "e_loss": [
                0.06324667742326033
            ],
            "e_accuracy": [
                88.32807570977918
            ],
            "e_precision": [
                88.29679207944706
            ],
            "e_recall": [
                87.91575832106679
            ],
            "e_F1_measure": [
                88.01071349025314
            ],
            "epoch": [
                13
            ]
        }
    ],
    "2": [
        {
            "t_loss": [
                0.14478629234746015,
                0.07264339946204504,
                0.03936533888047759,
                0.022104640670661722,
                0.01210692735063978,
                0.00810045471683956,
                0.004813507185321251,
                0.002862926908484245,
                0.002178114220160394,
                0.0016886410433887237,
                0.0010724739311593742,
                0.0014426163288389039,
                0.0008929242474051235,
                0.0007477377896214047
            ],
            "t_accuracy": [
                47.43488555643252,
                77.97947908445146,
                88.55564325177585,
                94.47513812154696,
                97.55327545382794,
                98.42146803472771,
                99.28966061562747,
                99.84214680347277,
                99.84214680347277,
                99.84214680347277,
                99.84214680347277,
                99.84214680347277,
                99.84214680347277,
                99.92107340173638
            ],
            "t_precision": [
                50.953510043436744,
                78.25116522837911,
                88.60720532933729,
                94.47799927290382,
                97.54930580371604,
                98.4244827269435,
                99.28151958622452,
                99.83978296478297,
                99.84778982485405,
                99.84512850019179,
                99.84512850019179,
                99.83978296478297,
                99.84512850019179,
                99.91554054054053
            ],
            "t_recall": [
                47.03577937379861,
                77.77266826154411,
                88.5011261184454,
                94.44191903569943,
                97.5533811892291,
                98.40050173066898,
                99.30062185302772,
                99.84512850019179,
                99.84512850019179,
                99.84512850019179,
                99.84512850019179,
                99.84512850019179,
                99.84512850019179,
                99.92088607594937
            ],
            "t_F1_measure": [
                46.978779246703695,
                77.85923228672686,
                88.53359554084085,
                94.45744004917785,
                97.55052921535675,
                98.41150520095138,
                99.29043782810287,
                99.8423215884622,
                99.84633793369167,
                99.84512850019179,
                99.84512850019179,
                99.8423215884622,
                99.84512850019179,
                99.91807916421978
            ],
            "e_loss": [
                0.05766365813713503
            ],
            "e_accuracy": [
                88.64353312302839
            ],
            "e_precision": [
                88.3573740500985
            ],
            "e_recall": [
                88.51673784070391
            ],
            "e_F1_measure": [
                88.33045581170505
            ],
            "epoch": [
                14
            ]
        }
    ],
    "3": [
        {
            "t_loss": [
                0.14367042022044957,
                0.06565109481586653,
                0.029503299547440204,
                0.014573458790920245,
                0.006917729594133906,
                0.004098620676621501,
                0.001950259451921985,
                0.0013640763682049376,
                0.0010310039888066257,
                0.0008095298238993926,
                0.0006303497765252945
            ],
            "t_accuracy": [
                49.01341752170482,
                79.95264404104184,
                92.10734017363852,
                97.07971586424625,
                98.97395422257301,
                99.36858721389108,
                99.92107340173638,
                100.0,
                100.0,
                100.0,
                100.0
            ],
            "t_precision": [
                48.967527261652954,
                80.20432592810766,
                92.14010163525226,
                97.07630308984609,
                98.97204139337464,
                99.36881637096094,
                99.9198717948718,
                100.0,
                100.0,
                100.0,
                100.0
            ],
            "t_recall": [
                49.05078216975323,
                79.93409251447837,
                92.09985244953091,
                97.07104380536856,
                98.97725761873672,
                99.36805003123331,
                99.92492492492492,
                100.0,
                100.0,
                100.0,
                100.0
            ],