{
    "1": [
        {
            "t_loss": [
                0.13332249814587122,
                0.05286930912654279,
                0.02621159586987819,
                0.013533088710120841,
                0.006657768924439057,
                0.004079210922936449,
                0.0022487690936532916,
                0.0016941529893093605,
                0.0010407329468981267,
                0.0008226146972234689,
                0.0005760388744696563
            ],
            "t_accuracy": [
                51.53906866614049,
                85.47750591949487,
                93.52801894238358,
                96.68508287292818,
                99.05288082083662,
                99.4475138121547,
                99.76322020520915,
                99.92107340173638,
                100.0,
                100.0,
                100.0
            ],
            "t_precision": [
                51.51582845070498,
                85.39207014034321,
                93.56509680573686,
                96.70692098637915,
                99.05086929414925,
                99.4552520732177,
                99.77084509693206,
                99.92331288343559,
                100.0,
                100.0,
                100.0
            ],
            "t_recall": [
                51.407813401744725,
                85.30252192144508,
                93.47848338535083,
                96.70071451270867,
                99.05839728873079,
                99.45840785420795,
                99.7524284589131,
                99.9221183800623,
                100.0,
                100.0,
                100.0
            ],
            "t_F1_measure": [
                51.40440583814899,
                85.3151033232715,
                93.50986589445607,
                96.69955359939117,
                99.05438499150851,
                99.45563059545893,
                99.76099466963228,
                99.9225959821803,
                100.0,
                100.0,
                100.0
            ],
            "e_loss": [
                0.04520865945308543
            ],
            "e_accuracy": [
                91.7981072555205
            ],
            "e_precision": [
                91.87607573149744
            ],
            "e_recall": [
                91.6753614293508
            ],
            "e_F1_measure": [
                91.68901204930367
            ],
            "epoch": [
                11
            ]
        }
    ],
    "2": [
        {
            "t_loss": [
                0.1328517996015846,
                0.05545687145643942,
                0.027425790828194737,
                0.012905834365824286,
                0.007076312996036922,
                0.003297264672831971,
                0.0022983532645184644,
                0.001892730258769064,
                0.0010976677578737946,
                0.0008168015325840359,
                0.0006430440419427051
            ],
            "t_accuracy": [
                53.27545382794001,
                83.66219415943173,
                92.89660615627467,
                97.23756906077348,
                98.34254143646409,
                99.84214680347277,
                99.84214680347277,
                99.84214680347277,
                99.84214680347277,
                100.0,
                100.0
            ],
            "t_precision": [
                53.706862160867054,
                83.68948354859734,
                92.89579102823704,
                97.22614857598028,
                98.32156430432725,
                99.84673088478293,
                99.84326018808778,
                99.84326018808778,
                99.84673088478293,
                100.0,
                100.0
            ],
            "t_recall": [
                53.132312921959546,
                83.62665705428401,
                92.8347188725784,
                97.19901057379354,
                98.31987872682075,
                99.83996681551886,
                99.84420430315953,
                99.84420430315953,
                99.83996681551886,
                100.0,
                100.0
            ],
            "t_F1_measure": [
                53.20193116193393,
                83.62718107031304,
                92.84987546877653,
                97.205606553509,
                98.31985850775654,
                99.84322741604058,
                99.84336403352188,
                99.84336403352188,
                99.84322741604058,
                100.0,
                100.0
            ],
            "e_loss": [
                0.053055507221996596
            ],
            "e_accuracy": [
                89.27444794952682
            ],
            "e_precision": [
                89.82155021422192
            ],
            "e_recall": [
                89.06088300212744
            ],
            "e_F1_measure": [
                89.20445688800866
            ],
            "epoch": [
                11
            ]
        }
    ],
    "3": [
        {
            "t_loss": [
                0.13435203754346767,
                0.06017808071333965,
                0.028739019561685394,
                0.014198929757238516,
                0.008181056448044557,
                0.003752786382604993,
                0.0027318395905405425,
                0.001541241809935989,
                0.001015199494332034,
                0.0009054658222750958,
                0.0007590417026695755
            ],
            "t_accuracy": [
                52.48618784530387,
                82.4782951854775,
                92.81767955801105,
                96.92186266771903,
                98.26361483820047,
                99.60536700868192,
                99.68429360694554,
                99.84214680347277,
                99.92107340173638,
                99.92107340173638,
                99.92107340173638
            ],
            "t_precision": [
                54.04142960011169,
                82.44143478840232,
                92.78992644773459,
                96.92651635780352,
                98.25497377481632,
                99.60786332833351,
                99.67841283681967,
                99.83659956212955,
                99.9185667752443,
                99.92378048780488,
                99.9185667752443
            ],
            "t_recall": [
                52.281590975795964,
                82.3583774590854,
                92.75780221406268,
                96.9093622480378,
                98.26212631541651,
                99.60825358851675,
                99.69049043062202,
                99.84848484848486,
                99.92424242424242,
                99.92424242424242,
                99.92424242424242
            ],
            "t_F1_measure": [
                52.2674776534696,
                82.37828774189599,
                92.77096694551459,
                96.91733038432795,
                98.25774399321621,
                99.60780920710509,
                99.68408857249207,
                99.84217822067708,
                99.92128069867093,
                99.92389579399737,
                99.92128069867093
            ],
            "e_loss": [
                0.038860467924701186
            ],
            "e_accuracy": [
                91.16719242902208
            ],
            "e_precision": [
                91.17679951013284
            ],
            "e_recall": [
                91.46600257149633
            ],
            "e_F1_measure": [
                91.16181306666695
            ],
            "epoch": [
                11
            ]
        }
    ],