{
    "1": [
        {
            "t_loss": [
                0.13324300056756144,
                0.04791106807180878,
                0.016844824968950088,
                0.005889386725917722,
                0.0027689098179425027,
                0.0012851571002763442,
                0.0007283393151921719,
                0.0005280542333793799,
                0.00039844927019345566,
                0.0003080243564321368,
                0.0002731907313290955,
                0.0002512155922959944,
                0.00022394107244591314,
                0.00022297370764356333,
                0.00019351637309577053,
                0.00021209075173534773,
                0.00018196955646301215,
                0.0001672645351694276,
                0.00015959202044706961,
                0.00015245502274612791
            ],
            "t_accuracy": [
                52.27272727272727,
                86.9949494949495,
                95.95959595959596,
                99.11616161616162,
                99.74747474747475,
                99.87373737373737,
                100.0,
                100.0,
                100.0,
                100.0,
                100.0,
                100.0,
                100.0,
                100.0,
                100.0,
                100.0,
                100.0,
                100.0,
                100.0,
                100.0
            ],
            "t_precision": [
                53.89289255287897,
                87.04921445379937,
                95.93264540115563,
                99.11833665505037,
                99.75017444178627,
                99.88095238095238,
                100.0,
                100.0,
                100.0,
                100.0,
                100.0,
                100.0,
                100.0,
                100.0,
                100.0,
                100.0,
                100.0,
                100.0,
                100.0,
                100.0
            ],
            "t_recall": [
                51.81185867889142,
                86.86770017528649,
                95.95084457333222,
                99.12536532033663,
                99.75017444178627,
                99.86979166666666,
                100.0,
                100.0,
                100.0,
                100.0,
                100.0,
                100.0,
                100.0,
                100.0,
                100.0,
                100.0,
                100.0,
                100.0,
                100.0,
                100.0
            ],
            "t_F1_measure": [
                51.590978368163576,
                86.91325432835514,
                95.94087471242642,
                99.11708234158131,
                99.75017444178627,
                99.87505997744225,
                100.0,
                100.0,
                100.0,
                100.0,
                100.0,
                100.0,
                100.0,
                100.0,
                100.0,
                100.0,
                100.0,
                100.0,
                100.0,
                100.0
            ],
            "e_loss": [
                0.07684274263076739
            ],
            "e_accuracy": [
                87.37373737373737
            ],
            "e_precision": [
                87.60929121099637
            ],
            "e_recall": [
                87.35897088299343
            ],
            "e_F1_measure": [
                87.34744937319483
            ]
        }
    ],
    "2": [
        {
            "t_loss": [
                0.1450088270610631,
                0.0552186492896366,
                0.018569061171611525,
                0.006029622044856425,
                0.002540014574546461,
                0.00129996796374943,
                0.0008648216100868233,
                0.000462692171997259,
                0.0003855545982139919,
                0.00030769034999662614,
                0.0003379461056531661,
                0.00024583594693632966,
                0.00022940712700470942,
                0.00021503874913006175,
                0.00020025269351217596,
                0.00019256986383374574,
                0.00017632996193674215,
                0.0001682966417366065,
                0.00016501689014598877,
                0.00016058277488084077
            ],
            "t_accuracy": [
                46.843434343434346,
                82.70202020202021,
                96.08585858585859,
                98.73737373737374,
                99.87373737373737,
                99.87373737373737,
                100.0,
                100.0,
                100.0,
                100.0,
                100.0,
                100.0,
                100.0,
                100.0,
                100.0,
                100.0,
                100.0,
                100.0,
                100.0,
                100.0
            ],
            "t_precision": [
                46.94974634033823,
                82.75422165815517,
                96.11095146222875,
                98.72634916003338,
                99.87437185929649,
                99.875,
                100.0,
                100.0,
                100.0,
                100.0,
                100.0,
                100.0,
                100.0,
                100.0,
                100.0,
                100.0,
                100.0,
                100.0,
                100.0,
                100.0
            ],
            "t_recall": [
                46.82363301837437,
                82.7330910983126,
                96.05501688627523,
                98.73168698747169,
                99.86842105263159,
                99.8780487804878,
                100.0,
                100.0,
                100.0,
                100.0,
                100.0,
                100.0,
                100.0,
                100.0,
                100.0,
                100.0,
                100.0,
                100.0,
                100.0,
                100.0
            ],
            "t_F1_measure": [
                46.8063535633249,
                82.73454383646681,
                96.07287254709868,
                98.72517454178708,
                99.87106464712254,
                99.87621866401946,
                100.0,
                100.0,
                100.0,
                100.0,
                100.0,
                100.0,
                100.0,
                100.0,
                100.0,
                100.0,
                100.0,
                100.0,
                100.0,
                100.0
            ],
            "e_loss": [
                0.057545983190665895
            ],
            "e_accuracy": [
                90.53030303030303
            ],
            "e_precision": [
                90.52674565271326
            ],
            "e_recall": [
                90.40990490894497
            ],
            "e_F1_measure": [
                90.44200572995189
            ]
        }
    ],
    "average accuracy": [
        88.95202020202021
    ]
}