{
    "1": [
        {
            "t_loss": [
                0.1408126531573102,
                0.06069753424873856,
                0.03141107102201836,
                0.016793168752638723,
                0.009825101787490504,
                0.0045780813014215625,
                0.0027121000503496384,
                0.0019006457197426245,
                0.001367243389608581,
                0.001060328464613288,
                0.0009205414440031527,
                0.0006489270645500276
            ],
            "t_accuracy": [
                50.591949486977114,
                83.10970797158643,
                92.18626677190213,
                96.13259668508287,
                98.18468823993686,
                99.36858721389108,
                99.76322020520915,
                99.92107340173638,
                99.92107340173638,
                99.92107340173638,
                100.0,
                100.0
            ],
            "t_precision": [
                50.761706818296815,
                83.17508153867287,
                92.16613126043657,
                96.1205410871629,
                98.18778923846845,
                99.36526614927949,
                99.7618856850982,
                99.92260061919505,
                99.92260061919505,
                99.92038216560509,
                100.0,
                100.0
            ],
            "t_recall": [
                50.57880370546687,
                83.08974829231894,
                92.16314699761163,
                96.12024130799806,
                98.18262927412093,
                99.36429717899425,
                99.76089212673735,
                99.92038216560509,
                99.92038216560509,
                99.92038216560509,
                100.0,
                100.0
            ],
            "t_F1_measure": [
                50.47133032995188,
                83.08021604828342,
                92.16224524058552,
                96.12027206777658,
                98.18286138285725,
                99.36465995725379,
                99.76126410282887,
                99.92136790178405,
                99.92136790178405,
                99.92025518341308,
                100.0,
                100.0
            ],
            "e_loss": [
                0.03875483157904966
            ],
            "e_accuracy": [
                91.4826498422713
            ],
            "e_precision": [
                91.579271019678
            ],
            "e_recall": [
                91.35038775138698
            ],
            "e_F1_measure": [
                91.43549049535163
            ],
            "epoch": [
                12
            ]
        }
    ],
    "2": [
        {
            "t_loss": [
                0.13883451829299084,
                0.06343317749868158,
                0.03395192806874332,
                0.016523875507813507,
                0.008514970380021957,
                0.004813623760886425,
                0.002980926022633334,
                0.0019335811568134491,
                0.0015144343625742357,
                0.0010596929834170625,
                0.0008678142137196277,
                0.0006939237835341455
            ],
            "t_accuracy": [
                50.828729281767956,
                81.61010260457775,
                90.84451460142068,
                96.36937647987372,
                98.50039463299132,
                99.21073401736385,
                99.84214680347277,
                99.92107340173638,
                99.84214680347277,
                99.92107340173638,
                100.0,
                100.0
            ],
            "t_precision": [
                51.9945010859862,
                81.88672749901107,
                90.92765685706698,
                96.38623432957039,
                98.49139609439223,
                99.21893133421648,
                99.8360655737705,
                99.92378048780488,
                99.84131055850636,
                99.92378048780488,
                100.0,
                100.0
            ],
            "t_recall": [
                50.70207187098781,
                81.47320997915465,
                90.7970972710276,
                96.36999114603712,
                98.50910852273036,
                99.20826849402738,
                99.84638690678446,
                99.92283950617285,
                99.84638690678446,
                99.92283950617285,
                100.0,
                100.0
            ],
            "t_F1_measure": [
                50.90250698487715,
                81.53678209851374,
                90.82207669035766,
                96.36941592357154,
                98.4990022053353,
                99.21273251834948,
                99.84083844233867,
                99.9231921847163,
                99.84372136280948,
                99.9231921847163,
                100.0,
                100.0
            ],
            "e_loss": [
                0.04125130586899018
            ],
            "e_accuracy": [
                90.85173501577287
            ],
            "e_precision": [
                91.00892008092141
            ],
            "e_recall": [
                90.95097803431138
            ],
            "e_F1_measure": [
                90.96406868657158
            ],
            "epoch": [
                12
            ]
        }
    ],
    "3": [
        {
            "t_loss": [
                0.1318859880424054,
                0.056766145266504295,
                0.026846482522121167,
                0.0129309237538451,
                0.006380091356620745,
                0.003850514514279135,
                0.0021328796879200953,
                0.001285896271036463,
                0.0008914176389926364,
                0.000652120394438164
            ],
            "t_accuracy": [
                54.22257300710339,
                83.34648776637727,
                93.52801894238358,
                96.92186266771903,
                99.05288082083662,
                99.4475138121547,
                99.84214680347277,
                100.0,
                100.0,
                100.0
            ],
            "t_precision": [
                54.01428143841625,
                83.41170931095803,
                93.5329665734158,
                96.93566912969739,
                99.03927894766656,
                99.4473204713556,
                99.8386492338441,
                100.0,
                100.0,
                100.0
            ],
            "t_recall": [
                53.96837760046155,
                83.2403558623487,
                93.50998523181532,
                96.91134601081147,
                99.05742674209023,
                99.44239080515823,
                99.84575529993344,
                100.0,
                100.0,
                100.0
            ],
            "t_F1_measure": [
                53.80479521872793,
                83.26830880537611,
                93.513578542891,
                96.92203010489496,
                99.04681370586674,
                99.44473747318806,
                99.84195257113693,
                100.0,
                100.0,
                100.0
            ],
            "e_loss": [
                0.05327711787408259
            ],
            "e_accuracy": [
                91.4826498422713
            ],
            "e_precision": [
                91.49796432507817
            ],
            "e_recall": [
                91.44028736224121
            ],
            "e_F1_measure": [
                91.45307800775882
            ],
            "epoch": [
                10
            ]
        }
    ],