{
    "1": [
        {
            "t_loss": [
                0.13899775662098518,
                0.06382951412964451,
                0.03054415933852508,
                0.014725224368918126,
                0.006409475282158029,
                0.003396754091143926,
                0.002135700728500228
            ],
            "t_accuracy": [
                50.98658247829518,
                81.29439621152328,
                92.18626677190213,
                96.7640094711918,
                99.05288082083662,
                99.84214680347277,
                99.84214680347277
            ],
            "t_precision": [
                51.17898352132148,
                81.4235435193171,
                92.1864410283017,
                96.76147385563671,
                99.05158242805938,
                99.84269107098689,
                99.84470701712081
            ],
            "t_recall": [
                50.87149519183337,
                81.21278696693449,
                92.18337442837318,
                96.77151396892154,
                99.06358562387244,
                99.84269107098689,
                99.84269107098689
            ],
            "t_F1_measure": [
                50.766992086515096,
                81.16843346263715,
                92.17747210919678,
                96.76279781413412,
                99.05419810944285,
                99.84269107098689,
                99.84357280630573
            ],
            "e_loss": [
                0.0639790971565122
            ],
            "e_accuracy": [
                88.9589905362776
            ],
            "e_precision": [
                89.18417856058305
            ],
            "e_recall": [
                89.13568631923063
            ],
            "e_F1_measure": [
                88.84815170771179
            ],
            "epoch": [
                7
            ]
        }
    ],
    "2": [
        {
            "t_loss": [
                0.13767914538695855,
                0.06059721495953242,
                0.0308366946467355,
                0.016508303389347202,
                0.0086286194374801,
                0.005027289009831652,
                0.0036910317495285924,
                0.0022202123885631747
            ],
            "t_accuracy": [
                50.51302288871349,
                82.71507498026835,
                92.10734017363852,
                96.13259668508287,
                98.57932123125494,
                99.36858721389108,
                99.36858721389108,
                99.76322020520915
            ],
            "t_precision": [
                50.986999460078565,
                82.71496140842541,
                92.05908124190536,
                96.1119064847118,
                98.57385698121767,
                99.36037375072875,
                99.36710012188126,
                99.76325634582263
            ],
            "t_recall": [
                50.28272577611027,
                82.55516506575992,
                92.06147549797902,
                96.09062690459463,
                98.5749857819481,
                99.35852347579724,
                99.37581076917053,
                99.76747575510532
            ],
            "t_F1_measure": [
                50.17088306051871,
                82.55766436388416,
                92.05805367557296,
                96.09961741680473,
                98.57261844343034,
                99.35933164446263,
                99.37120687179652,
                99.76523380076382
            ],
            "e_loss": [
                0.03865228420085265
            ],
            "e_accuracy": [
                90.85173501577287
            ],
            "e_precision": [
                91.60505586923047
            ],
            "e_recall": [
                90.83035509091847
            ],
            "e_F1_measure": [
                91.05550710358747
            ],
            "epoch": [
                8
            ]
        }
    ],
    "3": [
        {
            "t_loss": [
                0.13038635289189188,
                0.05642490504984321,
                0.028476966811077937,
                0.014668576880971935,
                0.007348856382621798,
                0.00418906022407535,
                0.0025826644568815063
            ],
            "t_accuracy": [
                53.67008681925809,
                83.89897395422257,
                92.73875295974743,
                96.8429360694554,
                98.97395422257301,
                99.28966061562747,
                99.84214680347277
            ],
            "t_precision": [
                54.48697655842009,
                84.08156228771625,
                92.7589392840407,
                96.84662750962599,
                98.97814389770522,
                99.29309383439363,
                99.83945285119367
            ],
            "t_recall": [
                53.39096376800359,
                83.79651240001323,
                92.70018482926558,
                96.83266619942405,
                98.96927175284065,
                99.28768541957665,
                99.84101387147652
            ],
            "t_F1_measure": [
                53.26642109790987,
                83.84993831940318,
                92.71938420488138,
                96.83810994581768,
                98.97285760288857,
                99.28953694226446,
                99.8401030416916
            ],
            "e_loss": [
                0.03949931902702228
            ],
            "e_accuracy": [
                90.22082018927445
            ],
            "e_precision": [
                90.56549508421867
            ],
            "e_recall": [
                90.10700405225876
            ],
            "e_F1_measure": [
                90.22046664515608
            ],
            "epoch": [
                7
            ]
        }
    ],
    "4": [
        {
            "t_loss": [
                0.13576426157094215,
                0.06265664839383506,
                0.031179574141815457,
                0.01624118136396395,
                0.009440307056306382,
                0.005493737206093808,
                0.00269743928633595,
                0.0018456530161481278
            ],
            "t_accuracy": [
                51.85477505919495,
                82.39936858721389,
                92.42304656669297,
                96.44830307813733,
                98.02683504340963,
                99.21073401736385,
                99.84214680347277,
                100.0
            ],
            "t_precision": [
                52.93242699000933,
                82.40782654813044,
                92.42456405773986,
                96.42366504117727,
                98.00827981727855,
                99.20478411343028,
                99.8435791816336,
                100.0
            ],
            "t_recall": [
                51.682136854317505,
                82.2676876462543,
                92.38280344339508,
                96.42577302732008,
                98.02551019998246,
                99.20393769847773,
                99.83685700902743,
                100.0
            ],
            "t_F1_measure": [
                51.4598132862114,
                82.27820280885358,
                92.39838772302595,
                96.42459746457273,
                98.01445750081453,
                99.2039926702838,
                99.84009741679498,
                100.0
            ],
            "e_loss": [
                0.04616673648936163
            ],
            "e_accuracy": [
                89.58990536277602
            ],
            "e_precision": [
                89.73469059621797
            ],
            "e_recall": [
                89.3959170013387
            ],
            "e_F1_measure": [
                89.50596436345442
            ],