{
    "1": [
        {
            "t_loss": [
                0.12731327359941688,
                0.05135786302546488,
                0.021423754979133746
            ],
            "t_accuracy": [
                55.485398579321235,
                85.47750591949487,
                94.71191791633781
            ],
            "t_precision": [
                55.54566815809066,
                85.45382246948358,
                94.69883400146557
            ],
            "t_recall": [
                55.11702954384435,
                85.34489314322119,
                94.66928300450155
            ],
            "t_F1_measure": [
                54.90034790716675,
                85.37153018010721,
                94.68173393367715
            ],
            "e_loss": [
                0.057233032156428325
            ],
            "e_accuracy": [
                85.17350157728707
            ],
            "e_precision": [
                86.41844969969969
            ],
            "e_recall": [
                85.88095870187456
            ],
            "e_F1_measure": [
                85.10358916576682
            ],
            "epoch": [
                3
            ]
        }
    ],
    "2": [
        {
            "t_loss": [
                0.13663243098388814,
                0.06258272449614594,
                0.030389273237810422
            ],
            "t_accuracy": [
                51.93370165745856,
                81.53117600631413,
                91.39700078926599
            ],
            "t_precision": [
                53.615093374599766,
                81.73775618357155,
                91.4334042918709
            ],
            "t_recall": [
                51.73085738925201,
                81.42707975002867,
                91.37222413331804
            ],
            "t_F1_measure": [
                51.67923391921122,
                81.48078298428226,
                91.39331304191462
            ],
            "e_loss": [
                0.03181962103932532
            ],
            "e_accuracy": [
                91.4826498422713
            ],
            "e_precision": [
                91.92703831748776
            ],
            "e_recall": [
                91.31344896767021
            ],
            "e_F1_measure": [
                91.36652796932256
            ],
            "epoch": [
                3
            ]
        }
    ],
    "3": [
        {
            "t_loss": [
                0.13368871419939735,
                0.05225814231204629,
                0.023939999886262858
            ],
            "t_accuracy": [
                52.48618784530387,
                85.6353591160221,
                94.39621152328334
            ],
            "t_precision": [
                52.714764743453266,
                85.66993989497419,
                94.38776236990638
            ],
            "t_recall": [
                52.361786079370134,
                85.59479893697596,
                94.39612301582858
            ],
            "t_F1_measure": [
                52.24686476584277,
                85.60952890001239,
                94.38917515732808
            ],
            "e_loss": [
                0.04211286083745185
            ],
            "e_accuracy": [
                87.38170347003154
            ],
            "e_precision": [
                87.4092782834904
            ],
            "e_recall": [
                87.38778695904658
            ],
            "e_F1_measure": [
                87.30959642032971
            ],
            "epoch": [
                3
            ]
        }
    ],
    "4": [
        {
            "t_loss": [
                0.137883848083612,
                0.05835676223815852,
                0.02711154021331548
            ],
            "t_accuracy": [
                49.72375690607735,
                83.34648776637727,
                93.29123914759273
            ],
            "t_precision": [
                51.01588469274007,
                83.39381951832642,
                93.25524578521446
            ],
            "t_recall": [
                49.518096539016796,
                83.31280990251378,
                93.25431135741778
            ],
            "t_F1_measure": [
                49.23548885338548,
                83.32503753511364,
                93.25300486603717
            ],
            "e_loss": [
                0.040777000707312716
            ],
            "e_accuracy": [
                86.43533123028391
            ],
            "e_precision": [
                86.81761453347634
            ],
            "e_recall": [
                86.34146341463413
            ],
            "e_F1_measure": [
                86.22189420266344
            ],
            "epoch": [
                3
            ]
        }
    ],
    "5": [
        {
            "t_loss": [
                0.12835494405369655,
                0.05511620159522404,
                0.025547073014104027
            ],
            "t_accuracy": [
                54.02208201892744,
                84.93690851735016,
                93.13880126182966
            ],
            "t_precision": [
                55.93274537886448,
                85.01967759340128,
                93.18300194976077
            ],
            "t_recall": [
                53.89425179608769,
                84.91165829963133,
                93.10683669806937
            ],
            "t_F1_measure": [
                53.86266674480753,
                84.94522789380596,
                93.12606612859462
            ],
            "e_loss": [
                0.047943908756575254
            ],
            "e_accuracy": [
                85.75949367088607
            ],
            "e_precision": [
                85.67025575168181
            ],
            "e_recall": [
                85.58083380494246
            ],
            "e_F1_measure": [
                85.59295063054462
            ],
            "epoch": [
                3
            ]
        }
    ],
    "average accuracy": [
        87.24653595815197
    ]
}