{
    "1": [
        {
            "t_loss": [
                0.16708785920131086,
                0.14055896572994464,
                0.11245484413071112
            ],
            "t_accuracy": [
                34.217171717171716,
                50.25252525252525,
                62.5
            ],
            "t_precision": [
                33.523285674336755,
                51.87596233829082,
                63.606575963718825
            ],
            "t_recall": [
                33.56605720000266,
                49.44833499152866,
                61.93433372038572
            ],
            "t_F1_measure": [
                33.20954680088066,
                49.14816085596511,
                61.825766318256626
            ],
            "e_loss": [
                0.15303462028804452,
                0.13554783259527853,
                0.12763832930964653
            ],
            "e_accuracy": [
                44.06565656565657,
                52.02020202020202,
                56.69191919191919
            ],
            "e_precision": [
                46.75908134879555,
                54.725039371876214,
                59.136053695912864
            ],
            "e_recall": [
                44.26618527626986,
                52.417392253416175,
                57.056024460769905
            ],
            "e_F1_measure": [
                42.41421834174972,
                50.24762177598312,
                55.823544338276776
            ],
            "epoch": [
                3
            ]
        }
    ],
    "2": [
        {
            "t_loss": [
                0.17070854259560805,
                0.14333108353494395,
                0.1155473729125177
            ],
            "t_accuracy": [
                31.439393939393938,
                50.0,
                63.63636363636363
            ],
            "t_precision": [
                35.03670293541508,
                51.506690918902166,
                64.03202232986504
            ],
            "t_recall": [
                31.349017968091243,
                49.852207982799236,
                63.473821597296705
            ],
            "t_F1_measure": [
                31.455159423560154,
                49.97917498927274,
                63.48112539746652
            ],
            "e_loss": [
                0.15385484108419129,
                0.1410213474071387,
                0.12937777387824925
            ],
            "e_accuracy": [
                43.813131313131315,
                49.621212121212125,
                56.69191919191919
            ],
            "e_precision": [
                49.08838257355407,
                53.41373544285061,
                58.22275805573791
            ],
            "e_recall": [
                43.55857571826891,
                49.253810265036286,
                56.23341936062444
            ],
            "e_F1_measure": [
                42.92514216769464,
                48.23855541598451,
                55.90217551028085
            ],
            "epoch": [
                3
            ]
        }
    ],
    "average accuracy": [
        56.69191919191919
    ]
}