{
    "1": [
        {
            "t_loss": [
                0.1778501914821465,
                0.17655262518041984,
                0.17536544028284423,
                0.1758493941509545,
                0.1759350663014256
            ],
            "t_accuracy": [
                24.62509865824783,
                25.57221783741121,
                26.124704025256513,
                25.49329123914759,
                25.09865824782952
            ],
            "t_precision": [
                17.92273699127365,
                23.926102209113097,
                27.06783927210783,
                24.639901166800882,
                25.287598859106275
            ],
            "t_recall": [
                24.37673875599371,
                25.362793740721173,
                25.951335840801327,
                25.29594391798888,
                24.911577632383327
            ],
            "t_F1_measure": [
                14.427666498915872,
                21.607965850483364,
                23.472693876247,
                21.754366822050546,
                21.687269312555916
            ],
            "e_loss": [
                0.1769697888040392,
                0.17677879709550634,
                0.1765905934553417,
                0.17683956826146846,
                0.17650097138498108
            ],
            "e_accuracy": [
                22.082018927444793,
                22.082018927444793,
                22.082018927444793,
                22.082018927444793,
                22.082018927444793
            ],
            "e_precision": [
                5.520504731861198,
                5.520504731861198,
                5.520504731861198,
                5.520504731861198,
                5.520504731861198
            ],
            "e_recall": [
                25.0,
                25.0,
                25.0,
                25.0,
                25.0
            ],
            "e_F1_measure": [
                9.043927648578812,
                9.043927648578812,
                9.043927648578812,
                9.043927648578812,
                9.043927648578812
            ],
            "epoch": [
                5
            ]
        }
    ],
    "2": [
        {
            "t_loss": [
                0.1754428086171681,
                0.17508752711099626,
                0.175284891121013,
                0.17489772033013973,
                0.17526326456122635
            ],
            "t_accuracy": [
                24.30939226519337,
                23.99368587213891,
                24.78295185477506,
                24.704025256511443,
                25.651144435674823
            ],
            "t_precision": [
                23.665631841817188,
                25.737379163653095,
                25.27335826627109,
                25.032278345181343,
                20.748276638248782
            ],
            "t_recall": [
                24.32535142495449,
                23.984042823814818,
                24.651743901605435,
                24.64575602983708,
                25.451121435497882
            ],
            "t_F1_measure": [
                20.77247536506426,
                19.441506868092915,
                18.854084623936167,
                19.70301096646014,
                19.34150856733476
            ],
            "e_loss": [
                0.17596938632640177,
                0.17605330552964557,
                0.17586537640929598,
                0.17589577214574964,
                0.17593243595929553
            ],
            "e_accuracy": [
                23.02839116719243,
                23.02839116719243,
                23.02839116719243,
                23.02839116719243,
                23.02839116719243
            ],
            "e_precision": [
                5.757097791798108,
                5.757097791798108,
                5.757097791798108,
                5.757097791798108,
                5.757097791798108
            ],
            "e_recall": [
                25.0,
                25.0,
                25.0,
                25.0,
                25.0
            ],
            "e_F1_measure": [
                9.358974358974361,
                9.358974358974361,
                9.358974358974361,
                9.358974358974361,
                9.358974358974361
            ],
            "epoch": [
                5
            ]
        }
    ],
    "3": [
        {
            "t_loss": [
                0.17648698179008646,
                0.1762501483087758,
                0.17670465042577924,
                0.1761428520448018,
                0.17595899246203778
            ],
            "t_accuracy": [
                26.519337016574585,
                26.44041041831097,
                24.861878453038674,
                23.52012628255722,
                24.704025256511443
            ],
            "t_precision": [
                21.2158594291619,
                25.1951798048524,
                18.964132004172622,
                24.007645506147473,
                24.682745331084448
            ],
            "t_recall": [
                26.529666170490852,
                26.4180474399641,
                24.752057366520773,
                23.447917960809402,
                24.639033050428264
            ],
            "t_F1_measure": [
                20.53961314255432,
                21.196450687991707,
                17.74234959843669,
                20.232227354093798,
                21.042234222618767
            ],
            "e_loss": [
                0.17701428771395036,
                0.17602167445402417,
                0.17612050610009805,
                0.17573299468127712,
                0.17562509936865195
            ],
            "e_accuracy": [
                23.34384858044164,
                24.9211356466877,
                24.9211356466877,
                24.9211356466877,
                23.34384858044164
            ],
            "e_precision": [
                5.83596214511041,
                6.230283911671925,
                6.230283911671925,
                6.230283911671925,
                5.83596214511041
            ],
            "e_recall": [
                25.0,
                25.0,
                25.0,
                25.0,
                25.0
            ],
            "e_F1_measure": [
                9.462915601023019,
                9.974747474747476,
                9.974747474747476,
                9.974747474747476,
                9.462915601023019
            ],
            "epoch": [
                5
            ]
        }
    ],
    "4": [
        {
            "t_loss": [
                0.17639416376247874,
                0.17617811607204278,
                0.1754093468424459,
                0.17597226571547486,
                0.17569272341272826
            ],
            "t_accuracy": [
                25.887924230465664,
                24.230465666929753,
                24.861878453038674,
                25.96685082872928,
                24.388318863456984
            ],
            "t_precision": [
                25.132144720322362,
                23.428709894370375,
                26.870560480438076,
                27.964412714168795,
                22.95936352153488
            ],
            "t_recall": [
                26.45344728179513,
                24.771743424406868,
                25.42533867651126,
                26.54703284256027,
                24.935300393266797
            ],
            "t_F1_measure": [
                22.58939268215746,
                19.985324537640377,
                19.549106600978305,
                20.0886664075989,
                18.053633449413734
            ],