{
    "1": [
        {
            "t_loss": [
                0.13411282515704584,
                0.052940528823655235,
                0.027571435439993568,
                0.015465029146692818,
                0.00818919433441069,
                0.005027803592200096
            ],
            "t_accuracy": [
                53.43330702446725,
                85.47750591949487,
                92.5019731649566,
                95.89581689029202,
                98.42146803472771,
                99.05288082083662
            ],
            "t_precision": [
                53.981532425853665,
                85.51193403145743,
                92.48884645509291,
                95.90246045335526,
                98.41297711983358,
                99.05385103454209
            ],
            "t_recall": [
                53.260882703211934,
                85.36023961656332,
                92.45961953277019,
                95.88520372688083,
                98.43567434439247,
                99.05429980876262
            ],
            "t_F1_measure": [
                53.18452547227649,
                85.3941295968094,
                92.46697142461262,
                95.8884214415739,
                98.42273638727394,
                99.0539588775599
            ],
            "e_loss": [
                0.06158434354247708
            ],
            "e_accuracy": [
                87.69716088328076
            ],
            "e_precision": [
                88.05977926560824
            ],
            "e_recall": [
                86.86341628516394
            ],
            "e_F1_measure": [
                86.95168262609508
            ],
            "epoch": [
                6
            ]
        }
    ],
    "2": [
        {
            "t_loss": [
                0.129993255178855,
                0.0582375874112183,
                0.029025411930143973,
                0.014455746463114056,
                0.008423407154853126,
                0.004219888422811653
            ],
            "t_accuracy": [
                53.7490134175217,
                83.03078137332281,
                92.18626677190213,
                96.60615627466456,
                98.57932123125494,
                99.36858721389108
            ],
            "t_precision": [
                53.37644227603213,
                83.1510089028368,
                92.22140191274161,
                96.59787233804505,
                98.58547962064301,
                99.3697504904766
            ],
            "t_recall": [
                53.53801096234642,
                82.99606130694737,
                92.17718816795836,
                96.61891287397336,
                98.57143757309017,
                99.36768599965984
            ],
            "t_F1_measure": [
                53.32574221730958,
                82.99997852455962,
                92.17604467837992,
                96.6030274000134,
                98.5770229927501,
                99.36858810299721
            ],
            "e_loss": [
                0.035452139281817605
            ],
            "e_accuracy": [
                90.85173501577287
            ],
            "e_precision": [
                90.87732270433244
            ],
            "e_recall": [
                90.95645984526936
            ],
            "e_F1_measure": [
                90.86113370561381
            ],
            "epoch": [
                6
            ]
        }
    ],
    "3": [
        {
            "t_loss": [
                0.1274140590321105,
                0.05259569833715223,
                0.02278746931498316,
                0.011878919253315433,
                0.0047652159987315946,
                0.0024896461550431544
            ],
            "t_accuracy": [
                55.880031570639304,
                85.55643251775848,
                94.23835832675611,
                97.47434885556433,
                99.21073401736385,
                99.84214680347277
            ],
            "t_precision": [
                57.20078378381178,
                85.5698032443912,
                94.23175011582055,
                97.46843487824624,
                99.21116702091804,
                99.84158018749687
            ],
            "t_recall": [
                55.61827219394904,
                85.50928857833028,
                94.23279008842978,
                97.47442712629994,
                99.21299064735946,
                99.8468602840472
            ],
            "t_F1_measure": [
                55.57803029333841,
                85.52103953271448,
                94.23016503459706,
                97.47072214861026,
                99.21125398407561,
                99.84409403973446
            ],
            "e_loss": [
                0.042496466062072816
            ],
            "e_accuracy": [
                90.53627760252365
            ],
            "e_precision": [
                90.5606055529836
            ],
            "e_recall": [
                90.66024817178405
            ],
            "e_F1_measure": [
                90.55282015601512
            ],
            "epoch": [
                6
            ]
        }
    ],
    "4": [
        {
            "t_loss": [
                0.13860426539733076,
                0.06055984158295294,
                0.029591219992198246,
                0.015751711175216166,
                0.007318469885943991,
                0.004277052634175876
            ],
            "t_accuracy": [
                50.19731649565904,
                82.79400157853196,
                92.34411996842935,
                96.2115232833465,
                98.81610102604577,
                99.4475138121547
            ],
            "t_precision": [
                50.37624954434785,
                82.77315781209258,
                92.29056821557688,
                96.20015308319027,
                98.8167971872485,
                99.44993386689069
            ],
            "t_recall": [
                50.06257457918581,
                82.71997523064152,
                92.26019417639537,
                96.195277591951,
                98.81408366428197,
                99.44362852761176
            ],
            "t_F1_measure": [
                49.99578443480033,
                82.7398829708393,
                92.2709371259985,
                96.19239228475827,
                98.8131435905706,
                99.44640813930816
            ],
            "e_loss": [
                0.028056875212053394
            ],
            "e_accuracy": [
                91.4826498422713
            ],
            "e_precision": [
                91.65097001454949
            ],
            "e_recall": [
                91.4585661575577
            ],
            "e_F1_measure": [
                91.43462733684846
            ],
            "epoch": [
                6
            ]
        }
    ],
    "5": [
        {
            "t_loss": [
                0.12631835001124192,
                0.0536214852740853,
                0.029797154129115565,
                0.015669917037023074,
                0.008798450059683447,
                0.005207861314618766
            ],
            "t_accuracy": [
                58.12302839116719,
                84.70031545741325,
                91.8769716088328,
                96.52996845425868,
                98.18611987381703,
                98.89589905362776
            ],
            "t_precision": [
                58.599475460965614,
                84.78196284660633,
                91.92529797808587,
                96.52736071636153,
                98.19120812233108,
                98.89511247469905
            ],