{
    "1": [
        {
            "t_loss": [
                0.06630795740102724,
                0.024335727522674516,
                0.010164375520945654,
                0.005010933600933583,
                0.001941791010635369,
                0.0015492605862458366,
                0.0006668824463055103,
                0.0004026594163075195,
                0.00042303036490415574,
                0.00034626149984066327,
                0.00030442818465636017,
                0.0002235787894099733,
                0.00020917553668540345,
                0.00016483608611227963,
                0.00015016965312264336,
                0.00012326040414537597,
                0.00011786669576334772,
                0.00011749296077367597,
                0.00010811181215425305,
                9.686016154585034e-05
            ],
            "t_accuracy": [
                53.117600631412785,
                86.81925808997632,
                94.00157853196528,
                97.23756906077348,
                99.05288082083662,
                99.52644041041832,
                99.84214680347277,
                99.92107340173638,
                99.92107340173638,
                99.92107340173638,
                99.92107340173638,
                99.92107340173638,
                99.92107340173638,
                100.0,
                100.0,
                100.0,
                100.0,
                100.0,
                100.0,
                100.0
            ],
            "t_precision": [
                52.97302255791742,
                86.8515062247062,
                94.00911588411589,
                97.23702636198476,
                99.04776784044452,
                99.51851512515752,
                99.84209322219348,
                99.91721854304636,
                99.91721854304636,
                99.92514970059881,
                99.91721854304636,
                99.91721854304636,
                99.91721854304636,
                100.0,
                100.0,
                100.0,
                100.0,
                100.0,
                100.0,
                100.0
            ],
            "t_recall": [
                52.92267695514734,
                86.7039001955632,
                93.97419907841144,
                97.22147820107452,
                99.05360886492961,
                99.52959698242717,
                99.8375784422296,
                99.92063492063492,
                99.92063492063492,
                99.92063492063492,
                99.92063492063492,
                99.92063492063492,
                99.92063492063492,
                100.0,
                100.0,
                100.0,
                100.0,
                100.0,
                100.0,
                100.0
            ],
            "t_F1_measure": [
                52.602111264025496,
                86.74064129505643,
                93.98868403604678,
                97.22694335441233,
                99.04720702634715,
                99.52366371377683,
                99.83971663424344,
                99.91879500220149,
                99.91879500220149,
                99.92277311264877,
                99.91879500220149,
                99.91879500220149,
                99.91879500220149,
                100.0,
                100.0,
                100.0,
                100.0,
                100.0,
                100.0,
                100.0
            ],
            "e_loss": [
                0.02957121765645726
            ],
            "e_accuracy": [
                88.9589905362776
            ],
            "e_precision": [
                89.11367921751562
            ],
            "e_recall": [
                89.28239202657807
            ],
            "e_F1_measure": [
                88.9378252778924
            ]
        }
    ],
    "2": [
        {
            "t_loss": [
                0.0682084843363457,
                0.023281692006076143,
                0.010760173339752484,
                0.005656953028167268,
                0.0043976628642394,
                0.0013516912407343935,
                0.0005644163961765587,
                0.0003317956102978153,
                0.0002445925505656893,
                0.00021078177603166008,
                0.00017645198753693132,
                0.00016221497161938693,
                0.00015030105000298584,
                0.00015314279165304167,
                0.00012190100989042066,
                0.00011627610247095587,
                0.00010881114655726346,
                0.00010773599574683439,
                0.00010063492201618562,
                9.638193718928788e-05
            ],
            "t_accuracy": [
                51.93370165745856,
                86.1878453038674,
                94.08050513022889,
                97.07971586424625,
                97.79005524861878,
                99.52644041041832,
                99.92107340173638,
                100.0,
                100.0,
                100.0,
                100.0,
                100.0,
                100.0,
                100.0,
                100.0,
                100.0,
                100.0,
                100.0,
                100.0,
                100.0
            ],
            "t_precision": [
                52.51371991840868,
                86.18898488624919,
                94.11014590945823,
                97.08995479905451,
                97.79992922493305,
                99.52945226474469,
                99.92260061919505,
                100.0,
                100.0,
                100.0,
                100.0,
                100.0,
                100.0,
                100.0,
                100.0,
                100.0,
                100.0,
                100.0,
                100.0,
                100.0
            ],
            "t_recall": [
                51.85175610077194,
                86.17645134664596,
                94.07836063894467,
                97.07407758881106,
                97.78782663336365,
                99.52725698000333,
                99.92088607594937,
                100.0,
                100.0,
                100.0,
                100.0,
                100.0,
                100.0,
                100.0,
                100.0,
                100.0,
                100.0,
                100.0,
                100.0,
                100.0
            ],
            "t_F1_measure": [
                51.65163965922316,
                86.15890023736044,
                94.07485483866023,
                97.0779102611838,
                97.79108332978211,
                99.52798115088564,
                99.92162065873045,
                100.0,
                100.0,
                100.0,
                100.0,
                100.0,
                100.0,
                100.0,
                100.0,
                100.0,
                100.0,
                100.0,
                100.0,
                100.0
            ],
            "e_loss": [
                0.03370947938717972
            ],
            "e_accuracy": [
                88.9589905362776
            ],
            "e_precision": [
                88.94374934611395
            ],
            "e_recall": [
                88.86714686914917
            ],
            "e_F1_measure": [
                88.88044621029687
            ]
        }
    ],