{
    "1": [
        {
            "t_loss": [
                0.14200516043917438,
                0.059741004175361725,
                0.031001521449392014,
                0.014364526929788074
            ],
            "t_accuracy": [
                49.01341752170482,
                82.39936858721389,
                91.08129439621152,
                96.44830307813733
            ],
            "t_precision": [
                49.0790004014392,
                82.4401173336385,
                91.06789070274736,
                96.45303771621701
            ],
            "t_recall": [
                48.755437253206644,
                82.29447280370624,
                91.06122815070997,
                96.44948131612725
            ],
            "t_F1_measure": [
                48.43830379761393,
                82.29017443072463,
                91.06352001606018,
                96.44516968327632
            ],
            "e_loss": [
                0.044830829250311906
            ],
            "e_accuracy": [
                88.01261829652996
            ],
            "e_precision": [
                88.54523603793378
            ],
            "e_recall": [
                88.26278904022806
            ],
            "e_F1_measure": [
                87.65572085147556
            ],
            "epoch": [
                4
            ]
        }
    ],
    "2": [
        {
            "t_loss": [
                0.13219312061544658,
                0.053850178586961533,
                0.025481431844225997,
                0.011787753759485676
            ],
            "t_accuracy": [
                53.82794001578532,
                85.1617995264404,
                93.44909234411998,
                97.55327545382794
            ],
            "t_precision": [
                55.5308510155024,
                85.29778482342296,
                93.45718936755578,
                97.54659925268223
            ],
            "t_recall": [
                53.71222074468572,
                85.09743682815002,
                93.39243038191212,
                97.53153782318577
            ],
            "t_F1_measure": [
                53.77359343980456,
                85.1348381821895,
                93.40588739031313,
                97.53673578073878
            ],
            "e_loss": [
                0.04125269854218003
            ],
            "e_accuracy": [
                90.22082018927445
            ],
            "e_precision": [
                90.65504838298956
            ],
            "e_recall": [
                89.9819540036284
            ],
            "e_F1_measure": [
                90.15152024039033
            ],
            "epoch": [
                4
            ]
        }
    ],
    "3": [
        {
            "t_loss": [
                0.13318135170082268,
                0.05700987478058077,
                0.025151464214876306,
                0.01147579833579962
            ],
            "t_accuracy": [
                53.67008681925809,
                83.34648776637727,
                93.52801894238358,
                97.55327545382794
            ],
            "t_precision": [
                53.98862584312838,
                83.37773948813198,
                93.60642426374429,
                97.55992404633507
            ],
            "t_recall": [
                53.592949811798306,
                83.30058672681879,
                93.50470336404163,
                97.54072189119202
            ],
            "t_F1_measure": [
                53.11609094199265,
                83.31447181957707,
                93.5245515241106,
                97.54846529123064
            ],
            "e_loss": [
                0.04347157354352038
            ],
            "e_accuracy": [
                89.90536277602524
            ],
            "e_precision": [
                90.79272565069529
            ],
            "e_recall": [
                89.66376569288217
            ],
            "e_F1_measure": [
                89.73341633321536
            ],
            "epoch": [
                4
            ]
        }
    ],
    "4": [
        {
            "t_loss": [
                0.14911628773857877,
                0.06203940509867743,
                0.02849021805531177,
                0.014438162755512213
            ],
            "t_accuracy": [
                45.224940805051304,
                81.61010260457775,
                92.34411996842935,
                96.92186266771903
            ],
            "t_precision": [
                45.71937248653142,
                81.72045224083688,
                92.34847240881724,
                96.923217080498
            ],
            "t_recall": [
                45.21956786421922,
                81.5900896805482,
                92.33971089372933,
                96.92145603188095
            ],
            "t_F1_measure": [
                45.018003853928406,
                81.57738129241223,
                92.34124798826016,
                96.92113989794964
            ],
            "e_loss": [
                0.0442200981679869
            ],
            "e_accuracy": [
                88.01261829652996
            ],
            "e_precision": [
                88.28541579374443
            ],
            "e_recall": [
                87.60990754496545
            ],
            "e_F1_measure": [
                87.74883476428421
            ],
            "epoch": [
                4
            ]
        }
    ],
    "5": [
        {
            "t_loss": [
                0.12998917470877103,
                0.05406215913852307,
                0.025465483130881275,
                0.011338325287876445
            ],
            "t_accuracy": [
                54.495268138801265,
                84.77917981072555,
                93.05993690851734,
                97.63406940063092
            ],
            "t_precision": [
                56.73545981274992,
                84.89694423963431,
                93.07430534188,
                97.62463912099184
            ],
            "t_recall": [
                54.1841886005585,
                84.6401130852295,
                93.00149800449157,
                97.62796908426061
            ],
            "t_F1_measure": [
                54.3371011020364,
                84.68997910673153,
                93.02796341491037,
                97.62618209967609
            ],
            "e_loss": [
                0.03392440541883152
            ],
            "e_accuracy": [
                92.0886075949367
            ],
            "e_precision": [
                92.24049110835799
            ],
            "e_recall": [
                92.18049832778514
            ],
            "e_F1_measure": [
                92.0650739277739
            ],
            "epoch": [
                4
            ]
        }
    ],
    "average accuracy": [
        89.64800543065927
    ]
}