{"loss": 0.005100534990138252, "accuracy": 99.4949494949495, "precision": 99.50630074880854, "recall": 99.48375684752709, "F1_measure": 99.49383133023176, "_runtime": 924, "_timestamp": 1637783999, "_step": 13, "_wandb": {"runtime": 957}}