{
    "1": [
        {
            "F1": [
                46.55762161170426
            ]
        }
    ],
    "2": [
        {
            "F1": [
                44.58402438145301
            ]
        }
    ],
    "3": [
        {
            "F1": [
                49.32667861939671
            ]
        }
    ],
    "4": [
        {
            "F1": [
                44.995408373405695
            ]
        }
    ],
    "5": [
        {
            "F1": [
                51.53074009747557
            ]
        }
    ],
    "6": [
        {
            "F1": [
                48.07244291163023
            ]
        }
    ],
    "7": [
        {
            "F1": [
                47.37513545875725
            ]
        }
    ],
    "8": [
        {
            "F1": [
                47.37191316167245
            ]
        }
    ],
    "9": [
        {
            "F1": [
                46.74395824969891
            ]
        }
    ],
    "10": [
        {
            "F1": [
                51.70661410761252
            ]
        }
    ],
    "average f1": [
        47.826453697280655
    ]
}