{
    "1": [
        {
            "F1": [
                42.24469430031416
            ]
        }
    ],
    "2": [
        {
            "F1": [
                43.880014590526265
            ]
        }
    ],
    "3": [
        {
            "F1": [
                49.65021396989153
            ]
        }
    ],
    "4": [
        {
            "F1": [
                48.44816385552993
            ]
        }
    ],
    "5": [
        {
            "F1": [
                43.61782532587162
            ]
        }
    ],
    "6": [
        {
            "F1": [
                46.87154675718804
            ]
        }
    ],
    "7": [
        {
            "F1": [
                47.72957454567421
            ]
        }
    ],
    "8": [
        {
            "F1": [
                46.58330202068402
            ]
        }
    ],
    "9": [
        {
            "F1": [
                48.67578221236758
            ]
        }
    ],
    "10": [
        {
            "F1": [
                50.60332525220483
            ]
        }
    ],
    "average f1": [
        46.83044428302522
    ]
}