{
    "1": [
        {
            "F1": [
                45.1016705890743
            ]
        }
    ],
    "2": [
        {
            "F1": [
                42.08984951772884
            ]
        }
    ],
    "3": [
        {
            "F1": [
                46.14277492962919
            ]
        }
    ],
    "4": [
        {
            "F1": [
                44.28282166105717
            ]
        }
    ],
    "5": [
        {
            "F1": [
                44.63487944211247
            ]
        }
    ],
    "6": [
        {
            "F1": [
                49.074276327886146
            ]
        }
    ],
    "7": [
        {
            "F1": [
                47.838113737802615
            ]
        }
    ],
    "8": [
        {
            "F1": [
                42.811492747784044
            ]
        }
    ],
    "9": [
        {
            "F1": [
                45.89479387335924
            ]
        }
    ],
    "10": [
        {
            "F1": [
                47.922399710969124
            ]
        }
    ],
    "average f1": [
        45.57930725374031
    ]
}