{
    "1": [
        {
            "F1": [
                44.680339563556196
            ]
        }
    ],
    "2": [
        {
            "F1": [
                44.80456176547646
            ]
        }
    ],
    "3": [
        {
            "F1": [
                48.43217279423019
            ]
        }
    ],
    "4": [
        {
            "F1": [
                48.11100499696782
            ]
        }
    ],
    "5": [
        {
            "F1": [
                48.6486621404709
            ]
        }
    ],
    "6": [
        {
            "F1": [
                47.72013858734984
            ]
        }
    ],
    "7": [
        {
            "F1": [
                46.12963945431433
            ]
        }
    ],
    "8": [
        {
            "F1": [
                49.6329490571078
            ]
        }
    ],
    "9": [
        {
            "F1": [
                48.1002493420697
            ]
        }
    ],
    "10": [
        {
            "F1": [
                51.01844675571917
            ]
        }
    ],
    "average f1": [
        47.72781644572624
    ]
}