{
    "1": [
        {
            "F1": [
                44.042089985486214
            ]
        }
    ],
    "2": [
        {
            "F1": [
                44.783421767749374
            ]
        }
    ],
    "3": [
        {
            "F1": [
                48.274207499908776
            ]
        }
    ],
    "4": [
        {
            "F1": [
                44.37857785037558
            ]
        }
    ],
    "5": [
        {
            "F1": [
                47.2617058832621
            ]
        }
    ],
    "6": [
        {
            "F1": [
                46.09373308131624
            ]
        }
    ],
    "7": [
        {
            "F1": [
                46.58097271116265
            ]
        }
    ],
    "8": [
        {
            "F1": [
                48.83846152454098
            ]
        }
    ],
    "9": [
        {
            "F1": [
                46.597787202535265
            ]
        }
    ],
    "10": [
        {
            "F1": [
                49.944041572857216
            ]
        }
    ],
    "average f1": [
        46.679499907919435
    ]
}