{
    "1": [
        {
            "F1": [
                44.76349977785147
            ]
        }
    ],
    "2": [
        {
            "F1": [
                50.35809903211567
            ]
        }
    ],
    "3": [
        {
            "F1": [
                47.242557900193674
            ]
        }
    ],
    "4": [
        {
            "F1": [
                45.9279515861389
            ]
        }
    ],
    "5": [
        {
            "F1": [
                50.879205723969804
            ]
        }
    ],
    "6": [
        {
            "F1": [
                50.918941232399206
            ]
        }
    ],
    "7": [
        {
            "F1": [
                48.25891116680591
            ]
        }
    ],
    "8": [
        {
            "F1": [
                48.232542743783426
            ]
        }
    ],
    "9": [
        {
            "F1": [
                48.42468317946079
            ]
        }
    ],
    "10": [
        {
            "F1": [
                50.97442210934802
            ]
        }
    ],
    "average f1": [
        48.59808144520669
    ]
}