{
    "1": [
        {
            "F1": [
                45.00061147488653
            ]
        }
    ],
    "2": [
        {
            "F1": [
                47.720223681309015
            ]
        }
    ],
    "3": [
        {
            "F1": [
                47.56335145084542
            ]
        }
    ],
    "4": [
        {
            "F1": [
                45.33510464068285
            ]
        }
    ],
    "5": [
        {
            "F1": [
                47.06137868545547
            ]
        }
    ],
    "6": [
        {
            "F1": [
                49.05308046777685
            ]
        }
    ],
    "7": [
        {
            "F1": [
                47.29945167530261
            ]
        }
    ],
    "8": [
        {
            "F1": [
                47.87902113178378
            ]
        }
    ],
    "9": [
        {
            "F1": [
                45.67467460307999
            ]
        }
    ],
    "10": [
        {
            "F1": [
                48.38494350479854
            ]
        }
    ],
    "average f1": [
        47.09718413159211
    ]
}