{
    "1": [
        {
            "F1": [
                47.03720931509291
            ]
        }
    ],
    "2": [
        {
            "F1": [
                50.458736506562865
            ]
        }
    ],
    "3": [
        {
            "F1": [
                47.239378940608454
            ]
        }
    ],
    "4": [
        {
            "F1": [
                48.10282348386424
            ]
        }
    ],
    "5": [
        {
            "F1": [
                52.447918471043366
            ]
        }
    ],
    "6": [
        {
            "F1": [
                49.37938278044285
            ]
        }
    ],
    "7": [
        {
            "F1": [
                47.45720017505049
            ]
        }
    ],
    "8": [
        {
            "F1": [
                48.36016961638988
            ]
        }
    ],
    "9": [
        {
            "F1": [
                48.080038135368184
            ]
        }
    ],
    "10": [
        {
            "F1": [
                51.55181380715188
            ]
        }
    ],
    "average f1": [
        49.01146712315751
    ]
}