{
    "1": [
        {
            "F1": [
                45.38745930312278
            ]
        }
    ],
    "2": [
        {
            "F1": [
                46.090212889770264
            ]
        }
    ],
    "3": [
        {
            "F1": [
                46.012081364711854
            ]
        }
    ],
    "4": [
        {
            "F1": [
                45.927329434885976
            ]
        }
    ],
    "5": [
        {
            "F1": [
                46.234679750418636
            ]
        }
    ],
    "6": [
        {
            "F1": [
                48.60409035409036
            ]
        }
    ],
    "7": [
        {
            "F1": [
                47.53981572365483
            ]
        }
    ],
    "8": [
        {
            "F1": [
                47.99514386054738
            ]
        }
    ],
    "9": [
        {
            "F1": [
                46.59718232604836
            ]
        }
    ],
    "10": [
        {
            "F1": [
                50.37529516930688
            ]
        }
    ],
    "average f1": [
        47.07632901765574
    ]
}