{
    "1": [
        {
            "F1": [
                43.19786856191868
            ]
        }
    ],
    "2": [
        {
            "F1": [
                44.37451576217466
            ]
        }
    ],
    "3": [
        {
            "F1": [
                43.030503790985506
            ]
        }
    ],
    "4": [
        {
            "F1": [
                45.72706430778991
            ]
        }
    ],
    "5": [
        {
            "F1": [
                44.24285844771275
            ]
        }
    ],
    "6": [
        {
            "F1": [
                45.36185102299164
            ]
        }
    ],
    "7": [
        {
            "F1": [
                46.966110994829045
            ]
        }
    ],
    "8": [
        {
            "F1": [
                44.862134288899426
            ]
        }
    ],
    "9": [
        {
            "F1": [
                47.8349321895574
            ]
        }
    ],
    "10": [
        {
            "F1": [
                47.733463090394594
            ]
        }
    ],
    "average f1": [
        45.33313024572536
    ]
}