{
    "1": [
        {
            "F1": [
                44.72451960276771
            ]
        }
    ],
    "2": [
        {
            "F1": [
                45.412248062058296
            ]
        }
    ],
    "3": [
        {
            "F1": [
                46.62144491663943
            ]
        }
    ],
    "4": [
        {
            "F1": [
                46.4989294798481
            ]
        }
    ],
    "5": [
        {
            "F1": [
                46.362935018559824
            ]
        }
    ],
    "6": [
        {
            "F1": [
                47.09773221746153
            ]
        }
    ],
    "7": [
        {
            "F1": [
                48.15151401064909
            ]
        }
    ],
    "8": [
        {
            "F1": [
                48.016135531177596
            ]
        }
    ],
    "9": [
        {
            "F1": [
                48.141497714449365
            ]
        }
    ],
    "10": [
        {
            "F1": [
                47.717102826506654
            ]
        }
    ],
    "average f1": [
        46.87440593801176
    ]
}