{
    "1": [
        {
            "F1": [
                46.52325602978299
            ]
        }
    ],
    "2": [
        {
            "F1": [
                45.97564963963903
            ]
        }
    ],
    "3": [
        {
            "F1": [
                49.31905953131297
            ]
        }
    ],
    "4": [
        {
            "F1": [
                46.94886960139411
            ]
        }
    ],
    "5": [
        {
            "F1": [
                50.05564082119462
            ]
        }
    ],
    "6": [
        {
            "F1": [
                51.373958096003946
            ]
        }
    ],
    "7": [
        {
            "F1": [
                48.69832308238674
            ]
        }
    ],
    "8": [
        {
            "F1": [
                48.07642792777476
            ]
        }
    ],
    "9": [
        {
            "F1": [
                47.241426214754675
            ]
        }
    ],
    "10": [
        {
            "F1": [
                50.741183105726826
            ]
        }
    ],
    "average f1": [
        48.49537940499707
    ]
}