{
    "1": [
        {
            "F1": [
                44.10425256953251
            ]
        }
    ],
    "2": [
        {
            "F1": [
                45.89488032329164
            ]
        }
    ],
    "3": [
        {
            "F1": [
                46.69295680674093
            ]
        }
    ],
    "4": [
        {
            "F1": [
                49.74360226976654
            ]
        }
    ],
    "5": [
        {
            "F1": [
                46.13051677446766
            ]
        }
    ],
    "6": [
        {
            "F1": [
                47.962189940483924
            ]
        }
    ],
    "7": [
        {
            "F1": [
                49.53080282455558
            ]
        }
    ],
    "8": [
        {
            "F1": [
                47.565182482669336
            ]
        }
    ],
    "9": [
        {
            "F1": [
                48.10926571729848
            ]
        }
    ],
    "10": [
        {
            "F1": [
                50.47495270345463
            ]
        }
    ],
    "average f1": [
        47.62086024122612
    ]
}