{
    "1": [
        {
            "F1": [
                45.260806624442985
            ]
        }
    ],
    "2": [
        {
            "F1": [
                45.4257484693514
            ]
        }
    ],
    "3": [
        {
            "F1": [
                46.133714516981826
            ]
        }
    ],
    "4": [
        {
            "F1": [
                44.3071862100354
            ]
        }
    ],
    "5": [
        {
            "F1": [
                44.92857083707988
            ]
        }
    ],
    "6": [
        {
            "F1": [
                45.075151526655546
            ]
        }
    ],
    "7": [
        {
            "F1": [
                47.12262467988835
            ]
        }
    ],
    "8": [
        {
            "F1": [
                44.94530532124517
            ]
        }
    ],
    "9": [
        {
            "F1": [
                48.18351290696156
            ]
        }
    ],
    "10": [
        {
            "F1": [
                46.59648874705512
            ]
        }
    ],
    "average f1": [
        45.79791098396973
    ]
}