{
    "1": [
        {
            "F1": [
                45.15285226751249
            ]
        }
    ],
    "2": [
        {
            "F1": [
                44.478037359393284
            ]
        }
    ],
    "3": [
        {
            "F1": [
                45.90210658641912
            ]
        }
    ],
    "4": [
        {
            "F1": [
                44.37671012013978
            ]
        }
    ],
    "5": [
        {
            "F1": [
                49.4544828272596
            ]
        }
    ],
    "6": [
        {
            "F1": [
                50.97266448317092
            ]
        }
    ],
    "7": [
        {
            "F1": [
                48.47398542884766
            ]
        }
    ],
    "8": [
        {
            "F1": [
                48.32173539227437
            ]
        }
    ],
    "9": [
        {
            "F1": [
                46.93128463386736
            ]
        }
    ],
    "10": [
        {
            "F1": [
                51.93442900426657
            ]
        }
    ],
    "average f1": [
        47.59982881031512
    ]
}