{
    "1": [
        {
            "F1": [
                44.9964234620887
            ]
        }
    ],
    "2": [
        {
            "F1": [
                45.174088541574505
            ]
        }
    ],
    "3": [
        {
            "F1": [
                49.04192001189557
            ]
        }
    ],
    "4": [
        {
            "F1": [
                45.85488698518763
            ]
        }
    ],
    "5": [
        {
            "F1": [
                48.714437046004846
            ]
        }
    ],
    "6": [
        {
            "F1": [
                47.379270494009454
            ]
        }
    ],
    "7": [
        {
            "F1": [
                45.80370075533029
            ]
        }
    ],
    "8": [
        {
            "F1": [
                48.06230497276764
            ]
        }
    ],
    "9": [
        {
            "F1": [
                46.50672739740133
            ]
        }
    ],
    "10": [
        {
            "F1": [
                50.801881757774524
            ]
        }
    ],
    "average f1": [
        47.23356414240345
    ]
}