{
    "1": [
        {
            "F1": [
                45.411024927838135
            ]
        }
    ],
    "2": [
        {
            "F1": [
                46.02504826519144
            ]
        }
    ],
    "3": [
        {
            "F1": [
                47.20410251047015
            ]
        }
    ],
    "4": [
        {
            "F1": [
                46.318821019585755
            ]
        }
    ],
    "5": [
        {
            "F1": [
                45.06662529040049
            ]
        }
    ],
    "6": [
        {
            "F1": [
                48.106463996264736
            ]
        }
    ],
    "7": [
        {
            "F1": [
                47.76590739077471
            ]
        }
    ],
    "8": [
        {
            "F1": [
                50.391498347868094
            ]
        }
    ],
    "9": [
        {
            "F1": [
                45.396006840433955
            ]
        }
    ],
    "10": [
        {
            "F1": [
                50.41995466668886
            ]
        }
    ],
    "average f1": [
        47.210545325551635
    ]
}