{
    "1": [
        {
            "F1": [
                45.12324982656768
            ]
        }
    ],
    "2": [
        {
            "F1": [
                45.174504166560766
            ]
        }
    ],
    "3": [
        {
            "F1": [
                48.41669974857748
            ]
        }
    ],
    "4": [
        {
            "F1": [
                50.3099173553719
            ]
        }
    ],
    "5": [
        {
            "F1": [
                47.088949933755515
            ]
        }
    ],
    "6": [
        {
            "F1": [
                48.08464006397129
            ]
        }
    ],
    "7": [
        {
            "F1": [
                47.70622446858734
            ]
        }
    ],
    "8": [
        {
            "F1": [
                47.519149356857085
            ]
        }
    ],
    "9": [
        {
            "F1": [
                50.036967562097864
            ]
        }
    ],
    "10": [
        {
            "F1": [
                51.59503901895207
            ]
        }
    ],
    "average f1": [
        48.105534150129905
    ]
}