{
    "1": [
        {
            "F1": [
                42.78839121836446
            ]
        }
    ],
    "2": [
        {
            "F1": [
                46.19374988010907
            ]
        }
    ],
    "3": [
        {
            "F1": [
                46.8440200983117
            ]
        }
    ],
    "4": [
        {
            "F1": [
                43.73302120061913
            ]
        }
    ],
    "5": [
        {
            "F1": [
                44.5485278018805
            ]
        }
    ],
    "6": [
        {
            "F1": [
                47.70035072099026
            ]
        }
    ],
    "7": [
        {
            "F1": [
                46.35719438644003
            ]
        }
    ],
    "8": [
        {
            "F1": [
                44.2240926910414
            ]
        }
    ],
    "9": [
        {
            "F1": [
                47.04442047455345
            ]
        }
    ],
    "10": [
        {
            "F1": [
                48.609149088110556
            ]
        }
    ],
    "average f1": [
        45.804291756042055
    ]
}