{
    "1": [
        {
            "F1": [
                45.7773087952116
            ]
        }
    ],
    "2": [
        {
            "F1": [
                44.95928918793905
            ]
        }
    ],
    "3": [
        {
            "F1": [
                44.07028440465482
            ]
        }
    ],
    "4": [
        {
            "F1": [
                45.72935757896697
            ]
        }
    ],
    "5": [
        {
            "F1": [
                44.891858424857254
            ]
        }
    ],
    "6": [
        {
            "F1": [
                49.10029050657223
            ]
        }
    ],
    "7": [
        {
            "F1": [
                49.00640350942164
            ]
        }
    ],
    "8": [
        {
            "F1": [
                45.033218462126726
            ]
        }
    ],
    "9": [
        {
            "F1": [
                44.571656970798415
            ]
        }
    ],
    "10": [
        {
            "F1": [
                46.6776846743397
            ]
        }
    ],
    "average f1": [
        45.98173525148884
    ]
}