{
    "1": [
        {
            "F1": [
                46.242442953609576
            ]
        }
    ],
    "2": [
        {
            "F1": [
                42.91932995633115
            ]
        }
    ],
    "3": [
        {
            "F1": [
                45.30319908428679
            ]
        }
    ],
    "4": [
        {
            "F1": [
                43.332473882049825
            ]
        }
    ],
    "5": [
        {
            "F1": [
                47.973227986423424
            ]
        }
    ],
    "6": [
        {
            "F1": [
                49.30697205267535
            ]
        }
    ],
    "7": [
        {
            "F1": [
                45.64718889419824
            ]
        }
    ],
    "8": [
        {
            "F1": [
                47.93197750942397
            ]
        }
    ],
    "9": [
        {
            "F1": [
                47.01176120008041
            ]
        }
    ],
    "10": [
        {
            "F1": [
                49.85635303624332
            ]
        }
    ],
    "average f1": [
        46.5524926555322
    ]
}