{
    "1": [
        {
            "F1": [
                44.27333697831237
            ]
        }
    ],
    "2": [
        {
            "F1": [
                42.73310783347368
            ]
        }
    ],
    "3": [
        {
            "F1": [
                47.88659080280958
            ]
        }
    ],
    "4": [
        {
            "F1": [
                48.03182741749686
            ]
        }
    ],
    "5": [
        {
            "F1": [
                44.40199044888728
            ]
        }
    ],
    "6": [
        {
            "F1": [
                45.10375626090761
            ]
        }
    ],
    "7": [
        {
            "F1": [
                48.30932459327801
            ]
        }
    ],
    "8": [
        {
            "F1": [
                45.16658587148834
            ]
        }
    ],
    "9": [
        {
            "F1": [
                47.60230877449289
            ]
        }
    ],
    "10": [
        {
            "F1": [
                49.62404404667559
            ]
        }
    ],
    "average f1": [
        46.31328730278222
    ]
}