{
    "1": [
        {
            "F1": [
                42.415789661552374
            ]
        }
    ],
    "2": [
        {
            "F1": [
                44.700645560054866
            ]
        }
    ],
    "3": [
        {
            "F1": [
                46.61758753766925
            ]
        }
    ],
    "4": [
        {
            "F1": [
                47.88075428765084
            ]
        }
    ],
    "5": [
        {
            "F1": [
                46.568136586331974
            ]
        }
    ],
    "6": [
        {
            "F1": [
                48.81282477086329
            ]
        }
    ],
    "7": [
        {
            "F1": [
                47.21014267118967
            ]
        }
    ],
    "8": [
        {
            "F1": [
                47.716282421097375
            ]
        }
    ],
    "9": [
        {
            "F1": [
                48.07890590222886
            ]
        }
    ],
    "10": [
        {
            "F1": [
                48.456223480972795
            ]
        }
    ],
    "average f1": [
        46.845729287961134
    ]
}