{
    "1": [
        {
            "F1": [
                43.63001293855907
            ]
        }
    ],
    "2": [
        {
            "F1": [
                49.62672504059772
            ]
        }
    ],
    "3": [
        {
            "F1": [
                48.99428977912364
            ]
        }
    ],
    "4": [
        {
            "F1": [
                47.785221698265175
            ]
        }
    ],
    "5": [
        {
            "F1": [
                49.01774934015949
            ]
        }
    ],
    "6": [
        {
            "F1": [
                50.21615784014687
            ]
        }
    ],
    "7": [
        {
            "F1": [
                48.33036058538741
            ]
        }
    ],
    "8": [
        {
            "F1": [
                47.27982810920122
            ]
        }
    ],
    "9": [
        {
            "F1": [
                49.20765459150952
            ]
        }
    ],
    "10": [
        {
            "F1": [
                48.254235101231004
            ]
        }
    ],
    "average f1": [
        48.23422350241811
    ]
}