{
    "1": [
        {
            "F1": [
                47.98712619319314
            ]
        }
    ],
    "2": [
        {
            "F1": [
                41.334308032287076
            ]
        }
    ],
    "3": [
        {
            "F1": [
                47.31265003131215
            ]
        }
    ],
    "4": [
        {
            "F1": [
                43.247986016111874
            ]
        }
    ],
    "5": [
        {
            "F1": [
                49.92350378310944
            ]
        }
    ],
    "6": [
        {
            "F1": [
                47.49001270567869
            ]
        }
    ],
    "7": [
        {
            "F1": [
                46.400460280016304
            ]
        }
    ],
    "8": [
        {
            "F1": [
                47.592097849390775
            ]
        }
    ],
    "9": [
        {
            "F1": [
                48.095576553161564
            ]
        }
    ],
    "10": [
        {
            "F1": [
                50.034950619681815
            ]
        }
    ],
    "average f1": [
        46.94186720639428
    ]
}