{
    "1": [
        {
            "F1": [
                46.40423038251165
            ]
        }
    ],
    "2": [
        {
            "F1": [
                44.671392020403694
            ]
        }
    ],
    "3": [
        {
            "F1": [
                45.66011524641882
            ]
        }
    ],
    "4": [
        {
            "F1": [
                44.66909252694281
            ]
        }
    ],
    "5": [
        {
            "F1": [
                50.906475313106704
            ]
        }
    ],
    "6": [
        {
            "F1": [
                48.130433755433764
            ]
        }
    ],
    "7": [
        {
            "F1": [
                46.05396829309979
            ]
        }
    ],
    "8": [
        {
            "F1": [
                46.66629858528709
            ]
        }
    ],
    "9": [
        {
            "F1": [
                47.14968204535214
            ]
        }
    ],
    "10": [
        {
            "F1": [
                50.959168796003915
            ]
        }
    ],
    "average f1": [
        47.12708569645604
    ]
}