{
    "1": [
        {
            "F1": [
                44.480411702890365
            ]
        }
    ],
    "2": [
        {
            "F1": [
                42.23759456726165
            ]
        }
    ],
    "3": [
        {
            "F1": [
                48.940235464625715
            ]
        }
    ],
    "4": [
        {
            "F1": [
                47.697759284119165
            ]
        }
    ],
    "5": [
        {
            "F1": [
                46.718792157969546
            ]
        }
    ],
    "6": [
        {
            "F1": [
                44.96097194802407
            ]
        }
    ],
    "7": [
        {
            "F1": [
                45.96247301880973
            ]
        }
    ],
    "8": [
        {
            "F1": [
                48.65010342633311
            ]
        }
    ],
    "9": [
        {
            "F1": [
                50.539143858873814
            ]
        }
    ],
    "10": [
        {
            "F1": [
                52.14408312398393
            ]
        }
    ],
    "average f1": [
        47.23315685528911
    ]
}