{
    "1": [
        {
            "F1": [
                43.26826381244525
            ]
        }
    ],
    "2": [
        {
            "F1": [
                42.843621377678765
            ]
        }
    ],
    "3": [
        {
            "F1": [
                44.61183147034461
            ]
        }
    ],
    "4": [
        {
            "F1": [
                44.89187105494671
            ]
        }
    ],
    "5": [
        {
            "F1": [
                44.336685701743725
            ]
        }
    ],
    "6": [
        {
            "F1": [
                49.39321739553313
            ]
        }
    ],
    "7": [
        {
            "F1": [
                47.78077669107582
            ]
        }
    ],
    "8": [
        {
            "F1": [
                44.22841655132924
            ]
        }
    ],
    "9": [
        {
            "F1": [
                45.62048430566319
            ]
        }
    ],
    "10": [
        {
            "F1": [
                46.71062537332834
            ]
        }
    ],
    "average f1": [
        45.36857937340888
    ]
}