{
    "1": [
        {
            "F1": [
                45.10273326946342
            ]
        }
    ],
    "2": [
        {
            "F1": [
                43.95773257244963
            ]
        }
    ],
    "3": [
        {
            "F1": [
                44.859403427113456
            ]
        }
    ],
    "4": [
        {
            "F1": [
                47.0592690324971
            ]
        }
    ],
    "5": [
        {
            "F1": [
                43.34804990872243
            ]
        }
    ],
    "6": [
        {
            "F1": [
                48.08845529418959
            ]
        }
    ],
    "7": [
        {
            "F1": [
                46.06324603948623
            ]
        }
    ],
    "8": [
        {
            "F1": [
                49.0312989531461
            ]
        }
    ],
    "9": [
        {
            "F1": [
                45.20301434968932
            ]
        }
    ],
    "10": [
        {
            "F1": [
                47.43815149308788
            ]
        }
    ],
    "average f1": [
        46.01513543398452
    ]
}