{
    "1": [
        {
            "F1": [
                44.7442703801979
            ]
        }
    ],
    "2": [
        {
            "F1": [
                44.36948743051142
            ]
        }
    ],
    "3": [
        {
            "F1": [
                45.43874291895149
            ]
        }
    ],
    "4": [
        {
            "F1": [
                45.76103821170426
            ]
        }
    ],
    "5": [
        {
            "F1": [
                48.591557362964664
            ]
        }
    ],
    "6": [
        {
            "F1": [
                49.12271552071652
            ]
        }
    ],
    "7": [
        {
            "F1": [
                47.48297107949081
            ]
        }
    ],
    "8": [
        {
            "F1": [
                45.043058625727696
            ]
        }
    ],
    "9": [
        {
            "F1": [
                46.35545858190348
            ]
        }
    ],
    "10": [
        {
            "F1": [
                47.14551631871097
            ]
        }
    ],
    "average f1": [
        46.405481643087924
    ]
}