{
    "1": [
        {
            "F1": [
                44.69231223481348
            ]
        }
    ],
    "2": [
        {
            "F1": [
                43.25555515450282
            ]
        }
    ],
    "3": [
        {
            "F1": [
                47.34856098343798
            ]
        }
    ],
    "4": [
        {
            "F1": [
                46.624242424242425
            ]
        }
    ],
    "5": [
        {
            "F1": [
                43.829440881441236
            ]
        }
    ],
    "6": [
        {
            "F1": [
                43.662836339777314
            ]
        }
    ],
    "7": [
        {
            "F1": [
                46.517598076912314
            ]
        }
    ],
    "8": [
        {
            "F1": [
                45.70201428918437
            ]
        }
    ],
    "9": [
        {
            "F1": [
                47.65288007659838
            ]
        }
    ],
    "10": [
        {
            "F1": [
                48.73723482630573
            ]
        }
    ],
    "average f1": [
        45.8022675287216
    ]
}