{
    "1": [
        {
            "F1": [
                45.2574753760301
            ]
        }
    ],
    "2": [
        {
            "F1": [
                45.74778443362907
            ]
        }
    ],
    "3": [
        {
            "F1": [
                45.52377215343386
            ]
        }
    ],
    "4": [
        {
            "F1": [
                44.96227928841326
            ]
        }
    ],
    "5": [
        {
            "F1": [
                47.41240238599732
            ]
        }
    ],
    "6": [
        {
            "F1": [
                50.411026322187325
            ]
        }
    ],
    "7": [
        {
            "F1": [
                44.951313940047584
            ]
        }
    ],
    "8": [
        {
            "F1": [
                47.224324979029156
            ]
        }
    ],
    "9": [
        {
            "F1": [
                45.74367132542178
            ]
        }
    ],
    "10": [
        {
            "F1": [
                48.120831602932725
            ]
        }
    ],
    "average f1": [
        46.53548818071223
    ]
}