{
    "1": [
        {
            "F1": [
                48.628024405999575
            ]
        }
    ],
    "2": [
        {
            "F1": [
                43.19972485212861
            ]
        }
    ],
    "3": [
        {
            "F1": [
                46.13975608535578
            ]
        }
    ],
    "4": [
        {
            "F1": [
                44.50672787824491
            ]
        }
    ],
    "5": [
        {
            "F1": [
                50.44077375168787
            ]
        }
    ],
    "6": [
        {
            "F1": [
                49.95257993737059
            ]
        }
    ],
    "7": [
        {
            "F1": [
                45.66030061594416
            ]
        }
    ],
    "8": [
        {
            "F1": [
                49.2577584216806
            ]
        }
    ],
    "9": [
        {
            "F1": [
                46.03150968722616
            ]
        }
    ],
    "10": [
        {
            "F1": [
                52.96986505730796
            ]
        }
    ],
    "average f1": [
        47.678702069294616
    ]
}