{
    "1": [
        {
            "F1": [
                45.441256940418626
            ]
        }
    ],
    "2": [
        {
            "F1": [
                47.99639639639639
            ]
        }
    ],
    "3": [
        {
            "F1": [
                44.54402191117167
            ]
        }
    ],
    "4": [
        {
            "F1": [
                43.85878542112243
            ]
        }
    ],
    "5": [
        {
            "F1": [
                47.803574228901674
            ]
        }
    ],
    "6": [
        {
            "F1": [
                48.34151566685041
            ]
        }
    ],
    "7": [
        {
            "F1": [
                48.02831656363398
            ]
        }
    ],
    "8": [
        {
            "F1": [
                46.64477548146127
            ]
        }
    ],
    "9": [
        {
            "F1": [
                45.726341897952814
            ]
        }
    ],
    "10": [
        {
            "F1": [
                45.13455286356962
            ]
        }
    ],
    "average f1": [
        46.351953737147895
    ]
}