{
    "1": [
        {
            "F1": [
                45.27750930553984
            ]
        }
    ],
    "2": [
        {
            "F1": [
                47.96481092436974
            ]
        }
    ],
    "3": [
        {
            "F1": [
                46.480776361199055
            ]
        }
    ],
    "4": [
        {
            "F1": [
                45.50481824255908
            ]
        }
    ],
    "5": [
        {
            "F1": [
                48.24455973089832
            ]
        }
    ],
    "6": [
        {
            "F1": [
                48.8775087619853
            ]
        }
    ],
    "7": [
        {
            "F1": [
                47.80999421299621
            ]
        }
    ],
    "8": [
        {
            "F1": [
                46.58902457970059
            ]
        }
    ],
    "9": [
        {
            "F1": [
                47.807680848445386
            ]
        }
    ],
    "10": [
        {
            "F1": [
                50.310276151789346
            ]
        }
    ],
    "average f1": [
        47.48669591194829
    ]
}