{
    "1": [
        {
            "F1": [
                44.836905526226836
            ]
        }
    ],
    "2": [
        {
            "F1": [
                44.61126782305891
            ]
        }
    ],
    "3": [
        {
            "F1": [
                46.508157752320386
            ]
        }
    ],
    "4": [
        {
            "F1": [
                47.491981058157535
            ]
        }
    ],
    "5": [
        {
            "F1": [
                43.94450277325432
            ]
        }
    ],
    "6": [
        {
            "F1": [
                45.690222897669706
            ]
        }
    ],
    "7": [
        {
            "F1": [
                48.27508565370099
            ]
        }
    ],
    "8": [
        {
            "F1": [
                46.14050230915593
            ]
        }
    ],
    "9": [
        {
            "F1": [
                46.28633228632925
            ]
        }
    ],
    "10": [
        {
            "F1": [
                46.700319969885186
            ]
        }
    ],
    "average f1": [
        46.048527804975905
    ]
}