{
    "1": [
        {
            "F1": [
                44.40132885080713
            ]
        }
    ],
    "2": [
        {
            "F1": [
                43.864455198223254
            ]
        }
    ],
    "3": [
        {
            "F1": [
                46.481524178940475
            ]
        }
    ],
    "4": [
        {
            "F1": [
                44.87146509203054
            ]
        }
    ],
    "5": [
        {
            "F1": [
                46.24712021595324
            ]
        }
    ],
    "6": [
        {
            "F1": [
                50.70320343990134
            ]
        }
    ],
    "7": [
        {
            "F1": [
                46.74004725256849
            ]
        }
    ],
    "8": [
        {
            "F1": [
                46.82111504192872
            ]
        }
    ],
    "9": [
        {
            "F1": [
                47.1319130630649
            ]
        }
    ],
    "10": [
        {
            "F1": [
                49.6083112976106
            ]
        }
    ],
    "average f1": [
        46.687048363102875
    ]
}