{
    "1": [
        {
            "F1": [
                43.88938214575049
            ]
        }
    ],
    "2": [
        {
            "F1": [
                41.19236386942
            ]
        }
    ],
    "3": [
        {
            "F1": [
                46.00706593456669
            ]
        }
    ],
    "4": [
        {
            "F1": [
                45.38165262007815
            ]
        }
    ],
    "5": [
        {
            "F1": [
                46.97858757138056
            ]
        }
    ],
    "6": [
        {
            "F1": [
                47.94552178978936
            ]
        }
    ],
    "7": [
        {
            "F1": [
                47.873740697995935
            ]
        }
    ],
    "8": [
        {
            "F1": [
                45.061295588509424
            ]
        }
    ],
    "9": [
        {
            "F1": [
                45.344725151307394
            ]
        }
    ],
    "10": [
        {
            "F1": [
                47.370145612937286
            ]
        }
    ],
    "average f1": [
        45.70444809817353
    ]
}