{
    "1": [
        {
            "F1": [
                47.43082031355394
            ]
        }
    ],
    "2": [
        {
            "F1": [
                43.379609827963115
            ]
        }
    ],
    "3": [
        {
            "F1": [
                47.038924967356635
            ]
        }
    ],
    "4": [
        {
            "F1": [
                44.135979883462504
            ]
        }
    ],
    "5": [
        {
            "F1": [
                49.69727394880425
            ]
        }
    ],
    "6": [
        {
            "F1": [
                49.14579354586685
            ]
        }
    ],
    "7": [
        {
            "F1": [
                44.002127439395714
            ]
        }
    ],
    "8": [
        {
            "F1": [
                48.40907792882586
            ]
        }
    ],
    "9": [
        {
            "F1": [
                45.465838066220684
            ]
        }
    ],
    "10": [
        {
            "F1": [
                50.34407434535713
            ]
        }
    ],
    "average f1": [
        46.90495202668067
    ]
}