{
    "1": [
        {
            "F1": [
                44.21174784821662
            ]
        }
    ],
    "2": [
        {
            "F1": [
                41.111632197942996
            ]
        }
    ],
    "3": [
        {
            "F1": [
                46.90931616103938
            ]
        }
    ],
    "4": [
        {
            "F1": [
                46.94432050306427
            ]
        }
    ],
    "5": [
        {
            "F1": [
                46.249843356458555
            ]
        }
    ],
    "6": [
        {
            "F1": [
                45.96299153406592
            ]
        }
    ],
    "7": [
        {
            "F1": [
                45.85504562419288
            ]
        }
    ],
    "8": [
        {
            "F1": [
                47.29090661825717
            ]
        }
    ],
    "9": [
        {
            "F1": [
                48.591533774166294
            ]
        }
    ],
    "10": [
        {
            "F1": [
                50.76868996879161
            ]
        }
    ],
    "average f1": [
        46.38960275861957
    ]
}