{
    "1": [
        {
            "F1": [
                45.16093537278366
            ]
        }
    ],
    "2": [
        {
            "F1": [
                43.252272750238305
            ]
        }
    ],
    "3": [
        {
            "F1": [
                48.55327473080588
            ]
        }
    ],
    "4": [
        {
            "F1": [
                45.52776373556945
            ]
        }
    ],
    "5": [
        {
            "F1": [
                51.041491686185836
            ]
        }
    ],
    "6": [
        {
            "F1": [
                49.49791470608397
            ]
        }
    ],
    "7": [
        {
            "F1": [
                46.46861079051335
            ]
        }
    ],
    "8": [
        {
            "F1": [
                48.815604459802415
            ]
        }
    ],
    "9": [
        {
            "F1": [
                48.46544568917761
            ]
        }
    ],
    "10": [
        {
            "F1": [
                51.52806331614839
            ]
        }
    ],
    "average f1": [
        47.8311377237309
    ]
}