{
    "1": [
        {
            "F1": [
                44.44618229978171
            ]
        }
    ],
    "2": [
        {
            "F1": [
                44.13697049746451
            ]
        }
    ],
    "3": [
        {
            "F1": [
                44.91548892284186
            ]
        }
    ],
    "4": [
        {
            "F1": [
                45.32977074095495
            ]
        }
    ],
    "5": [
        {
            "F1": [
                45.172289830273215
            ]
        }
    ],
    "6": [
        {
            "F1": [
                46.466521529727814
            ]
        }
    ],
    "7": [
        {
            "F1": [
                48.30788514361066
            ]
        }
    ],
    "8": [
        {
            "F1": [
                44.3997524025643
            ]
        }
    ],
    "9": [
        {
            "F1": [
                46.93355418429132
            ]
        }
    ],
    "10": [
        {
            "F1": [
                47.21129481749822
            ]
        }
    ],
    "average f1": [
        45.73197103690086
    ]
}