{
    "1": [
        {
            "F1": [
                42.93472460358836
            ]
        }
    ],
    "2": [
        {
            "F1": [
                43.542917368157184
            ]
        }
    ],
    "3": [
        {
            "F1": [
                46.4531060448718
            ]
        }
    ],
    "4": [
        {
            "F1": [
                45.772239886994114
            ]
        }
    ],
    "5": [
        {
            "F1": [
                48.471420308468595
            ]
        }
    ],
    "6": [
        {
            "F1": [
                51.35188612853393
            ]
        }
    ],
    "7": [
        {
            "F1": [
                47.6357196231375
            ]
        }
    ],
    "8": [
        {
            "F1": [
                47.85422423593268
            ]
        }
    ],
    "9": [
        {
            "F1": [
                47.47043959293575
            ]
        }
    ],
    "10": [
        {
            "F1": [
                50.12503463156269
            ]
        }
    ],
    "average f1": [
        47.16117124241826
    ]
}