{
    "1": [
        {
            "F1": [
                43.68760448326763
            ]
        }
    ],
    "2": [
        {
            "F1": [
                41.05206983113959
            ]
        }
    ],
    "3": [
        {
            "F1": [
                45.632644009890086
            ]
        }
    ],
    "4": [
        {
            "F1": [
                46.18144652235561
            ]
        }
    ],
    "5": [
        {
            "F1": [
                43.77408938940246
            ]
        }
    ],
    "6": [
        {
            "F1": [
                43.41699452810564
            ]
        }
    ],
    "7": [
        {
            "F1": [
                46.98621711758748
            ]
        }
    ],
    "8": [
        {
            "F1": [
                44.58108819555472
            ]
        }
    ],
    "9": [
        {
            "F1": [
                46.79701725110861
            ]
        }
    ],
    "10": [
        {
            "F1": [
                48.04553364453925
            ]
        }
    ],
    "average f1": [
        45.01547049729511
    ]
}