{
    "1": [
        {
            "F1": [
                43.295430998756736
            ]
        }
    ],
    "2": [
        {
            "F1": [
                45.19414845584252
            ]
        }
    ],
    "3": [
        {
            "F1": [
                44.77165378855315
            ]
        }
    ],
    "4": [
        {
            "F1": [
                46.92193524486717
            ]
        }
    ],
    "5": [
        {
            "F1": [
                46.47145546807111
            ]
        }
    ],
    "6": [
        {
            "F1": [
                46.93928878139405
            ]
        }
    ],
    "7": [
        {
            "F1": [
                46.60797692106463
            ]
        }
    ],
    "8": [
        {
            "F1": [
                47.48617796117539
            ]
        }
    ],
    "9": [
        {
            "F1": [
                46.27636448979939
            ]
        }
    ],
    "10": [
        {
            "F1": [
                47.7599416677704
            ]
        }
    ],
    "average f1": [
        46.17243737772945
    ]
}