{
    "1": [
        {
            "F1": [
                46.03652649841757
            ]
        }
    ],
    "2": [
        {
            "F1": [
                46.34964299704028
            ]
        }
    ],
    "3": [
        {
            "F1": [
                48.09388894812676
            ]
        }
    ],
    "4": [
        {
            "F1": [
                46.35862234344107
            ]
        }
    ],
    "5": [
        {
            "F1": [
                47.96156882828671
            ]
        }
    ],
    "6": [
        {
            "F1": [
                48.271471091837235
            ]
        }
    ],
    "7": [
        {
            "F1": [
                47.679797122979664
            ]
        }
    ],
    "8": [
        {
            "F1": [
                47.68852412745049
            ]
        }
    ],
    "9": [
        {
            "F1": [
                46.70933723013362
            ]
        }
    ],
    "10": [
        {
            "F1": [
                51.47953731566304
            ]
        }
    ],
    "average f1": [
        47.66289165033764
    ]
}