{
    "1": [
        {
            "F1": [
                47.44743375804001
            ]
        }
    ],
    "2": [
        {
            "F1": [
                40.868886877704256
            ]
        }
    ],
    "3": [
        {
            "F1": [
                44.718762630127095
            ]
        }
    ],
    "4": [
        {
            "F1": [
                41.568429370522885
            ]
        }
    ],
    "5": [
        {
            "F1": [
                47.73458351222952
            ]
        }
    ],
    "6": [
        {
            "F1": [
                45.758112458037616
            ]
        }
    ],
    "7": [
        {
            "F1": [
                42.9645729557234
            ]
        }
    ],
    "8": [
        {
            "F1": [
                49.64972064972065
            ]
        }
    ],
    "9": [
        {
            "F1": [
                45.92734959861197
            ]
        }
    ],
    "10": [
        {
            "F1": [
                48.16440065801577
            ]
        }
    ],
    "average f1": [
        45.48022524687332
    ]
}