{
    "1": [
        {
            "F1": [
                45.33196960406191
            ]
        }
    ],
    "2": [
        {
            "F1": [
                49.276199063207955
            ]
        }
    ],
    "3": [
        {
            "F1": [
                46.996673149197115
            ]
        }
    ],
    "4": [
        {
            "F1": [
                45.018174894412525
            ]
        }
    ],
    "5": [
        {
            "F1": [
                50.713315477165956
            ]
        }
    ],
    "6": [
        {
            "F1": [
                50.792528376959844
            ]
        }
    ],
    "7": [
        {
            "F1": [
                48.03319998028902
            ]
        }
    ],
    "8": [
        {
            "F1": [
                48.130144249709396
            ]
        }
    ],
    "9": [
        {
            "F1": [
                47.53401385660862
            ]
        }
    ],
    "10": [
        {
            "F1": [
                51.81093292849847
            ]
        }
    ],
    "average f1": [
        48.36371515801108
    ]
}