{
    "1": [
        {
            "F1": [
                45.821516650409656
            ]
        }
    ],
    "2": [
        {
            "F1": [
                50.20887354339037
            ]
        }
    ],
    "3": [
        {
            "F1": [
                46.41521861622168
            ]
        }
    ],
    "4": [
        {
            "F1": [
                46.84219472619298
            ]
        }
    ],
    "5": [
        {
            "F1": [
                49.75635629886007
            ]
        }
    ],
    "6": [
        {
            "F1": [
                51.04390008140008
            ]
        }
    ],
    "7": [
        {
            "F1": [
                48.85857030219775
            ]
        }
    ],
    "8": [
        {
            "F1": [
                49.09318415985631
            ]
        }
    ],
    "9": [
        {
            "F1": [
                47.96535660599793
            ]
        }
    ],
    "10": [
        {
            "F1": [
                50.308410869111164
            ]
        }
    ],
    "average f1": [
        48.6313581853638
    ]
}