{
    "1": [
        {
            "F1": [
                45.62158028300164
            ]
        }
    ],
    "2": [
        {
            "F1": [
                44.315186157729514
            ]
        }
    ],
    "3": [
        {
            "F1": [
                45.41841306547189
            ]
        }
    ],
    "4": [
        {
            "F1": [
                44.005694824597526
            ]
        }
    ],
    "5": [
        {
            "F1": [
                49.07005357434572
            ]
        }
    ],
    "6": [
        {
            "F1": [
                47.1267569093656
            ]
        }
    ],
    "7": [
        {
            "F1": [
                43.301809740971144
            ]
        }
    ],
    "8": [
        {
            "F1": [
                48.47131353945795
            ]
        }
    ],
    "9": [
        {
            "F1": [
                46.733090586946226
            ]
        }
    ],
    "10": [
        {
            "F1": [
                50.08315736498907
            ]
        }
    ],
    "average f1": [
        46.414705604687626
    ]
}