{
    "1": [
        {
            "F1": [
                44.741589118110944
            ]
        }
    ],
    "2": [
        {
            "F1": [
                45.59776976870765
            ]
        }
    ],
    "3": [
        {
            "F1": [
                47.89716461092836
            ]
        }
    ],
    "4": [
        {
            "F1": [
                50.67335806257807
            ]
        }
    ],
    "5": [
        {
            "F1": [
                49.50010008556095
            ]
        }
    ],
    "6": [
        {
            "F1": [
                50.975182885147504
            ]
        }
    ],
    "7": [
        {
            "F1": [
                48.215055015262614
            ]
        }
    ],
    "8": [
        {
            "F1": [
                48.504587370931375
            ]
        }
    ],
    "9": [
        {
            "F1": [
                49.596531245477514
            ]
        }
    ],
    "10": [
        {
            "F1": [
                51.12471644942856
            ]
        }
    ],
    "average f1": [
        48.682605461213356
    ]
}