{
    "1": [
        {
            "F1": [
                43.03165016008778
            ]
        }
    ],
    "2": [
        {
            "F1": [
                47.41216866216866
            ]
        }
    ],
    "3": [
        {
            "F1": [
                46.00065084641688
            ]
        }
    ],
    "4": [
        {
            "F1": [
                48.679800421121804
            ]
        }
    ],
    "5": [
        {
            "F1": [
                42.959248454095054
            ]
        }
    ],
    "6": [
        {
            "F1": [
                45.26923827064086
            ]
        }
    ],
    "7": [
        {
            "F1": [
                49.85242695557858
            ]
        }
    ],
    "8": [
        {
            "F1": [
                44.226496890168264
            ]
        }
    ],
    "9": [
        {
            "F1": [
                49.315141030332995
            ]
        }
    ],
    "10": [
        {
            "F1": [
                49.88034415796311
            ]
        }
    ],
    "average f1": [
        46.66271658485739
    ]
}