{
    "1": [
        {
            "F1": [
                45.51859989760752
            ]
        }
    ],
    "2": [
        {
            "F1": [
                46.657729401473404
            ]
        }
    ],
    "3": [
        {
            "F1": [
                43.11959219409141
            ]
        }
    ],
    "4": [
        {
            "F1": [
                45.13307229160114
            ]
        }
    ],
    "5": [
        {
            "F1": [
                45.965401450442464
            ]
        }
    ],
    "6": [
        {
            "F1": [
                48.8767837459259
            ]
        }
    ],
    "7": [
        {
            "F1": [
                46.86203139059554
            ]
        }
    ],
    "8": [
        {
            "F1": [
                49.30692388703521
            ]
        }
    ],
    "9": [
        {
            "F1": [
                45.601055691941035
            ]
        }
    ],
    "10": [
        {
            "F1": [
                47.67641032660912
            ]
        }
    ],
    "average f1": [
        46.47176002773227
    ]
}