{
    "1": [
        {
            "F1": [
                43.2329642620701
            ]
        }
    ],
    "2": [
        {
            "F1": [
                44.088078455920346
            ]
        }
    ],
    "3": [
        {
            "F1": [
                47.85196687370601
            ]
        }
    ],
    "4": [
        {
            "F1": [
                48.14587765461128
            ]
        }
    ],
    "5": [
        {
            "F1": [
                43.028601617721506
            ]
        }
    ],
    "6": [
        {
            "F1": [
                47.42278865413193
            ]
        }
    ],
    "7": [
        {
            "F1": [
                47.857311768201235
            ]
        }
    ],
    "8": [
        {
            "F1": [
                47.32942643291062
            ]
        }
    ],
    "9": [
        {
            "F1": [
                48.90972779342898
            ]
        }
    ],
    "10": [
        {
            "F1": [
                51.289106751799096
            ]
        }
    ],
    "average f1": [
        46.9155850264501
    ]
}