{
    "1": [
        {
            "F1": [
                44.19244692942272
            ]
        }
    ],
    "2": [
        {
            "F1": [
                50.00346890950856
            ]
        }
    ],
    "3": [
        {
            "F1": [
                48.10522063369391
            ]
        }
    ],
    "4": [
        {
            "F1": [
                47.83524771945262
            ]
        }
    ],
    "5": [
        {
            "F1": [
                49.21866888030746
            ]
        }
    ],
    "6": [
        {
            "F1": [
                48.49270151698137
            ]
        }
    ],
    "7": [
        {
            "F1": [
                48.40367621273888
            ]
        }
    ],
    "8": [
        {
            "F1": [
                47.75779995230216
            ]
        }
    ],
    "9": [
        {
            "F1": [
                49.51017251815576
            ]
        }
    ],
    "10": [
        {
            "F1": [
                49.591717530556714
            ]
        }
    ],
    "average f1": [
        48.311112080312014
    ]
}