{
    "1": [
        {
            "F1": [
                46.77358971592024
            ]
        }
    ],
    "2": [
        {
            "F1": [
                46.686318581353504
            ]
        }
    ],
    "3": [
        {
            "F1": [
                45.27336408342665
            ]
        }
    ],
    "4": [
        {
            "F1": [
                45.65342756603332
            ]
        }
    ],
    "5": [
        {
            "F1": [
                49.08389081248272
            ]
        }
    ],
    "6": [
        {
            "F1": [
                49.36478842149096
            ]
        }
    ],
    "7": [
        {
            "F1": [
                46.680823503647964
            ]
        }
    ],
    "8": [
        {
            "F1": [
                46.79101390093168
            ]
        }
    ],
    "9": [
        {
            "F1": [
                47.946813092408604
            ]
        }
    ],
    "10": [
        {
            "F1": [
                51.6484180179994
            ]
        }
    ],
    "average f1": [
        47.5902447695695
    ]
}