{
    "1": [
        {
            "F1": [
                43.88125015727311
            ]
        }
    ],
    "2": [
        {
            "F1": [
                43.532797714688556
            ]
        }
    ],
    "3": [
        {
            "F1": [
                46.87161755221491
            ]
        }
    ],
    "4": [
        {
            "F1": [
                48.38352318576098
            ]
        }
    ],
    "5": [
        {
            "F1": [
                46.38467062487483
            ]
        }
    ],
    "6": [
        {
            "F1": [
                48.23552920949239
            ]
        }
    ],
    "7": [
        {
            "F1": [
                46.375196950430166
            ]
        }
    ],
    "8": [
        {
            "F1": [
                47.23338768271801
            ]
        }
    ],
    "9": [
        {
            "F1": [
                49.26066983993813
            ]
        }
    ],
    "10": [
        {
            "F1": [
                50.44747899159664
            ]
        }
    ],
    "average f1": [
        47.060612190898766
    ]
}