{
    "1": [
        {
            "F1": [
                44.83469607252184
            ]
        }
    ],
    "2": [
        {
            "F1": [
                41.401955602537
            ]
        }
    ],
    "3": [
        {
            "F1": [
                45.932441282513736
            ]
        }
    ],
    "4": [
        {
            "F1": [
                46.599485967347285
            ]
        }
    ],
    "5": [
        {
            "F1": [
                44.35843034956558
            ]
        }
    ],
    "6": [
        {
            "F1": [
                44.32892160164888
            ]
        }
    ],
    "7": [
        {
            "F1": [
                45.31335035200734
            ]
        }
    ],
    "8": [
        {
            "F1": [
                43.52544360670421
            ]
        }
    ],
    "9": [
        {
            "F1": [
                47.403643223939426
            ]
        }
    ],
    "10": [
        {
            "F1": [
                48.65687610582252
            ]
        }
    ],
    "average f1": [
        45.23552441646077
    ]
}