{
    "1": [
        {
            "F1": [
                43.47212181967181
            ]
        }
    ],
    "2": [
        {
            "F1": [
                45.24616030692653
            ]
        }
    ],
    "3": [
        {
            "F1": [
                46.458849572141276
            ]
        }
    ],
    "4": [
        {
            "F1": [
                48.294264151579405
            ]
        }
    ],
    "5": [
        {
            "F1": [
                46.23727625579902
            ]
        }
    ],
    "6": [
        {
            "F1": [
                47.650865866299426
            ]
        }
    ],
    "7": [
        {
            "F1": [
                49.4521974556225
            ]
        }
    ],
    "8": [
        {
            "F1": [
                45.43471131637471
            ]
        }
    ],
    "9": [
        {
            "F1": [
                48.68428196517442
            ]
        }
    ],
    "10": [
        {
            "F1": [
                49.57342107379043
            ]
        }
    ],
    "average f1": [
        47.050414978337955
    ]
}