{
    "1": [
        {
            "F1": [
                46.53971688900873
            ]
        }
    ],
    "2": [
        {
            "F1": [
                44.94156072478857
            ]
        }
    ],
    "3": [
        {
            "F1": [
                46.00803708819126
            ]
        }
    ],
    "4": [
        {
            "F1": [
                44.34409334637785
            ]
        }
    ],
    "5": [
        {
            "F1": [
                51.27214960172781
            ]
        }
    ],
    "6": [
        {
            "F1": [
                47.05921076924863
            ]
        }
    ],
    "7": [
        {
            "F1": [
                47.46670106793541
            ]
        }
    ],
    "8": [
        {
            "F1": [
                48.55925360023292
            ]
        }
    ],
    "9": [
        {
            "F1": [
                44.203094501688355
            ]
        }
    ],
    "10": [
        {
            "F1": [
                51.11678722386927
            ]
        }
    ],
    "average f1": [
        47.151060481306885
    ]
}