{
    "1": [
        {
            "F1": [
                43.48101542654148
            ]
        }
    ],
    "2": [
        {
            "F1": [
                45.32492934553646
            ]
        }
    ],
    "3": [
        {
            "F1": [
                48.346999919814515
            ]
        }
    ],
    "4": [
        {
            "F1": [
                46.41884673134673
            ]
        }
    ],
    "5": [
        {
            "F1": [
                47.11389657337749
            ]
        }
    ],
    "6": [
        {
            "F1": [
                45.95024082004576
            ]
        }
    ],
    "7": [
        {
            "F1": [
                47.1710770795439
            ]
        }
    ],
    "8": [
        {
            "F1": [
                46.03337628552586
            ]
        }
    ],
    "9": [
        {
            "F1": [
                49.24233758690787
            ]
        }
    ],
    "10": [
        {
            "F1": [
                49.10819798023722
            ]
        }
    ],
    "average f1": [
        46.819091774887724
    ]
}