{
    "1": [
        {
            "F1": [
                45.19562916626336
            ]
        }
    ],
    "2": [
        {
            "F1": [
                43.289944637884865
            ]
        }
    ],
    "3": [
        {
            "F1": [
                47.11246735619141
            ]
        }
    ],
    "4": [
        {
            "F1": [
                43.812408241053625
            ]
        }
    ],
    "5": [
        {
            "F1": [
                47.62108074768111
            ]
        }
    ],
    "6": [
        {
            "F1": [
                49.49296214420183
            ]
        }
    ],
    "7": [
        {
            "F1": [
                48.050874564032455
            ]
        }
    ],
    "8": [
        {
            "F1": [
                47.81733295440191
            ]
        }
    ],
    "9": [
        {
            "F1": [
                48.732147093053015
            ]
        }
    ],
    "10": [
        {
            "F1": [
                51.935165463724054
            ]
        }
    ],
    "average f1": [
        47.30600123684876
    ]
}