{
    "1": [
        {
            "F1": [
                45.4675320544676
            ]
        }
    ],
    "2": [
        {
            "F1": [
                41.94908654828999
            ]
        }
    ],
    "3": [
        {
            "F1": [
                48.578268198542766
            ]
        }
    ],
    "4": [
        {
            "F1": [
                49.61417159074011
            ]
        }
    ],
    "5": [
        {
            "F1": [
                49.74482918215028
            ]
        }
    ],
    "6": [
        {
            "F1": [
                46.183162379601285
            ]
        }
    ],
    "7": [
        {
            "F1": [
                46.908028476543215
            ]
        }
    ],
    "8": [
        {
            "F1": [
                47.28987922682022
            ]
        }
    ],
    "9": [
        {
            "F1": [
                48.92816770073088
            ]
        }
    ],
    "10": [
        {
            "F1": [
                51.83635268751999
            ]
        }
    ],
    "average f1": [
        47.64994780454063
    ]
}