{
    "1": [
        {
            "F1": [
                45.65847960505162
            ]
        }
    ],
    "2": [
        {
            "F1": [
                44.695869388471145
            ]
        }
    ],
    "3": [
        {
            "F1": [
                44.60903059539672
            ]
        }
    ],
    "4": [
        {
            "F1": [
                43.29845219174972
            ]
        }
    ],
    "5": [
        {
            "F1": [
                43.95846732879045
            ]
        }
    ],
    "6": [
        {
            "F1": [
                49.201552517485325
            ]
        }
    ],
    "7": [
        {
            "F1": [
                45.01245763258708
            ]
        }
    ],
    "8": [
        {
            "F1": [
                44.931806335379825
            ]
        }
    ],
    "9": [
        {
            "F1": [
                45.81273735142572
            ]
        }
    ],
    "10": [
        {
            "F1": [
                45.28457223795594
            ]
        }
    ],
    "average f1": [
        45.24634251842935
    ]
}