{
    "1": [
        {
            "F1": [
                45.343007043986184
            ]
        }
    ],
    "2": [
        {
            "F1": [
                47.46350323372173
            ]
        }
    ],
    "3": [
        {
            "F1": [
                48.594304557441696
            ]
        }
    ],
    "4": [
        {
            "F1": [
                52.40557585863481
            ]
        }
    ],
    "5": [
        {
            "F1": [
                48.27982017974368
            ]
        }
    ],
    "6": [
        {
            "F1": [
                49.312465420113774
            ]
        }
    ],
    "7": [
        {
            "F1": [
                48.040670447794376
            ]
        }
    ],
    "8": [
        {
            "F1": [
                47.628079918066874
            ]
        }
    ],
    "9": [
        {
            "F1": [
                49.23709813427665
            ]
        }
    ],
    "10": [
        {
            "F1": [
                50.905524053741225
            ]
        }
    ],
    "average f1": [
        48.7210048847521
    ]
}