{
    "1": [
        {
            "F1": [
                43.618609596309845
            ]
        }
    ],
    "2": [
        {
            "F1": [
                47.78423318088694
            ]
        }
    ],
    "3": [
        {
            "F1": [
                47.314115881065135
            ]
        }
    ],
    "4": [
        {
            "F1": [
                46.395964830241546
            ]
        }
    ],
    "5": [
        {
            "F1": [
                48.55619553977414
            ]
        }
    ],
    "6": [
        {
            "F1": [
                49.27019083282465
            ]
        }
    ],
    "7": [
        {
            "F1": [
                48.68558396012928
            ]
        }
    ],
    "8": [
        {
            "F1": [
                48.13379461158749
            ]
        }
    ],
    "9": [
        {
            "F1": [
                47.57987499963544
            ]
        }
    ],
    "10": [
        {
            "F1": [
                49.942871888596635
            ]
        }
    ],
    "average f1": [
        47.728143532105115
    ]
}