{
    "1": [
        {
            "F1": [
                45.90370665122453
            ]
        }
    ],
    "2": [
        {
            "F1": [
                44.43900213422901
            ]
        }
    ],
    "3": [
        {
            "F1": [
                44.668872353642385
            ]
        }
    ],
    "4": [
        {
            "F1": [
                43.58146096217699
            ]
        }
    ],
    "5": [
        {
            "F1": [
                48.34221177069264
            ]
        }
    ],
    "6": [
        {
            "F1": [
                48.63543319180102
            ]
        }
    ],
    "7": [
        {
            "F1": [
                44.587681821724374
            ]
        }
    ],
    "8": [
        {
            "F1": [
                48.00790774190623
            ]
        }
    ],
    "9": [
        {
            "F1": [
                47.06742968083645
            ]
        }
    ],
    "10": [
        {
            "F1": [
                50.18976870406377
            ]
        }
    ],
    "average f1": [
        46.54234750122974
    ]
}