{
    "1": [
        {
            "F1": [
                45.003405881604934
            ]
        }
    ],
    "2": [
        {
            "F1": [
                45.73276868776518
            ]
        }
    ],
    "3": [
        {
            "F1": [
                47.15754868758797
            ]
        }
    ],
    "4": [
        {
            "F1": [
                45.94035024115068
            ]
        }
    ],
    "5": [
        {
            "F1": [
                49.33699790151932
            ]
        }
    ],
    "6": [
        {
            "F1": [
                50.783875485297045
            ]
        }
    ],
    "7": [
        {
            "F1": [
                46.99587385180528
            ]
        }
    ],
    "8": [
        {
            "F1": [
                49.05325422652155
            ]
        }
    ],
    "9": [
        {
            "F1": [
                48.26606817160456
            ]
        }
    ],
    "10": [
        {
            "F1": [
                52.3653330393222
            ]
        }
    ],
    "average f1": [
        48.063547617417875
    ]
}