{
    "1": [
        {
            "F1": [
                44.73557621049795
            ]
        }
    ],
    "2": [
        {
            "F1": [
                49.199045546860575
            ]
        }
    ],
    "3": [
        {
            "F1": [
                46.36641797337981
            ]
        }
    ],
    "4": [
        {
            "F1": [
                48.21288492438881
            ]
        }
    ],
    "5": [
        {
            "F1": [
                48.08972690653961
            ]
        }
    ],
    "6": [
        {
            "F1": [
                49.03722313368467
            ]
        }
    ],
    "7": [
        {
            "F1": [
                49.59532948892075
            ]
        }
    ],
    "8": [
        {
            "F1": [
                47.20480653212344
            ]
        }
    ],
    "9": [
        {
            "F1": [
                48.05398169879482
            ]
        }
    ],
    "10": [
        {
            "F1": [
                48.816190626977644
            ]
        }
    ],
    "average f1": [
        47.93111830421681
    ]
}