{
    "1": [
        {
            "F1": [
                45.78058509558737
            ]
        }
    ],
    "2": [
        {
            "F1": [
                45.16208026350534
            ]
        }
    ],
    "3": [
        {
            "F1": [
                47.4726144900535
            ]
        }
    ],
    "4": [
        {
            "F1": [
                45.5732469494729
            ]
        }
    ],
    "5": [
        {
            "F1": [
                46.661513890186015
            ]
        }
    ],
    "6": [
        {
            "F1": [
                47.80438260066969
            ]
        }
    ],
    "7": [
        {
            "F1": [
                46.363067114516774
            ]
        }
    ],
    "8": [
        {
            "F1": [
                48.330726235614385
            ]
        }
    ],
    "9": [
        {
            "F1": [
                46.04024202960806
            ]
        }
    ],
    "10": [
        {
            "F1": [
                50.81344094464898
            ]
        }
    ],
    "average f1": [
        47.0001899613863
    ]
}