{
    "1": [
        {
            "F1": [
                45.596506615045215
            ]
        }
    ],
    "2": [
        {
            "F1": [
                43.39015857034599
            ]
        }
    ],
    "3": [
        {
            "F1": [
                46.10324920071898
            ]
        }
    ],
    "4": [
        {
            "F1": [
                47.118079035989375
            ]
        }
    ],
    "5": [
        {
            "F1": [
                46.78207267334075
            ]
        }
    ],
    "6": [
        {
            "F1": [
                49.34716231455625
            ]
        }
    ],
    "7": [
        {
            "F1": [
                46.85413593614328
            ]
        }
    ],
    "8": [
        {
            "F1": [
                45.384830278807954
            ]
        }
    ],
    "9": [
        {
            "F1": [
                48.140084087147216
            ]
        }
    ],
    "10": [
        {
            "F1": [
                48.117762713352995
            ]
        }
    ],
    "average f1": [
        46.6834041425448
    ]
}