{
    "1": [
        {
            "F1": [
                46.16035856144913
            ]
        }
    ],
    "2": [
        {
            "F1": [
                46.146395827687414
            ]
        }
    ],
    "3": [
        {
            "F1": [
                47.0681431511641
            ]
        }
    ],
    "4": [
        {
            "F1": [
                44.19647023068066
            ]
        }
    ],
    "5": [
        {
            "F1": [
                50.93978362584026
            ]
        }
    ],
    "6": [
        {
            "F1": [
                49.521579730184726
            ]
        }
    ],
    "7": [
        {
            "F1": [
                47.94581459675799
            ]
        }
    ],
    "8": [
        {
            "F1": [
                49.40713870336031
            ]
        }
    ],
    "9": [
        {
            "F1": [
                45.5612785789646
            ]
        }
    ],
    "10": [
        {
            "F1": [
                51.513137690534016
            ]
        }
    ],
    "average f1": [
        47.84601006966232
    ]
}