{
    "1": [
        {
            "F1": [
                45.148569633948625
            ]
        }
    ],
    "2": [
        {
            "F1": [
                46.51716728394432
            ]
        }
    ],
    "3": [
        {
            "F1": [
                47.52589624499275
            ]
        }
    ],
    "4": [
        {
            "F1": [
                47.788761052171594
            ]
        }
    ],
    "5": [
        {
            "F1": [
                49.706928168026565
            ]
        }
    ],
    "6": [
        {
            "F1": [
                50.12484126129165
            ]
        }
    ],
    "7": [
        {
            "F1": [
                45.81471342310826
            ]
        }
    ],
    "8": [
        {
            "F1": [
                49.21496295663887
            ]
        }
    ],
    "9": [
        {
            "F1": [
                46.53750818651949
            ]
        }
    ],
    "10": [
        {
            "F1": [
                50.20515954024266
            ]
        }
    ],
    "average f1": [
        47.85845077508848
    ]
}