{
    "1": [
        {
            "F1": [
                46.21008480499628
            ]
        }
    ],
    "2": [
        {
            "F1": [
                44.396932741064845
            ]
        }
    ],
    "3": [
        {
            "F1": [
                44.358580809132434
            ]
        }
    ],
    "4": [
        {
            "F1": [
                43.55919684551161
            ]
        }
    ],
    "5": [
        {
            "F1": [
                44.5124739231869
            ]
        }
    ],
    "6": [
        {
            "F1": [
                48.58568564271454
            ]
        }
    ],
    "7": [
        {
            "F1": [
                44.64423888305033
            ]
        }
    ],
    "8": [
        {
            "F1": [
                43.314950321678445
            ]
        }
    ],
    "9": [
        {
            "F1": [
                44.09803104286989
            ]
        }
    ],
    "10": [
        {
            "F1": [
                45.540890269151134
            ]
        }
    ],
    "average f1": [
        44.92210652833565
    ]
}