{
    "1": [
        {
            "F1": [
                44.11046132346706
            ]
        }
    ],
    "2": [
        {
            "F1": [
                50.223196236038895
            ]
        }
    ],
    "3": [
        {
            "F1": [
                47.89981454951363
            ]
        }
    ],
    "4": [
        {
            "F1": [
                50.30477528722649
            ]
        }
    ],
    "5": [
        {
            "F1": [
                47.931426512103805
            ]
        }
    ],
    "6": [
        {
            "F1": [
                47.78215645793319
            ]
        }
    ],
    "7": [
        {
            "F1": [
                49.50510122435831
            ]
        }
    ],
    "8": [
        {
            "F1": [
                47.701161130981426
            ]
        }
    ],
    "9": [
        {
            "F1": [
                49.89272831985027
            ]
        }
    ],
    "10": [
        {
            "F1": [
                49.46275900015477
            ]
        }
    ],
    "average f1": [
        48.481358004162786
    ]
}