{
    "1": [
        {
            "F1": [
                45.672393280811264
            ]
        }
    ],
    "2": [
        {
            "F1": [
                48.6408727038436
            ]
        }
    ],
    "3": [
        {
            "F1": [
                47.07026627627486
            ]
        }
    ],
    "4": [
        {
            "F1": [
                44.88111875194761
            ]
        }
    ],
    "5": [
        {
            "F1": [
                52.197294457425855
            ]
        }
    ],
    "6": [
        {
            "F1": [
                49.603971117295664
            ]
        }
    ],
    "7": [
        {
            "F1": [
                48.19008932237245
            ]
        }
    ],
    "8": [
        {
            "F1": [
                48.53785603386251
            ]
        }
    ],
    "9": [
        {
            "F1": [
                46.086017276377284
            ]
        }
    ],
    "10": [
        {
            "F1": [
                51.0347576906488
            ]
        }
    ],
    "average f1": [
        48.191463691085985
    ]
}