{
    "1": [
        {
            "F1": [
                44.21898041111748
            ]
        }
    ],
    "2": [
        {
            "F1": [
                44.634855230390414
            ]
        }
    ],
    "3": [
        {
            "F1": [
                47.22449506118237
            ]
        }
    ],
    "4": [
        {
            "F1": [
                47.18587920686709
            ]
        }
    ],
    "5": [
        {
            "F1": [
                45.66410413916942
            ]
        }
    ],
    "6": [
        {
            "F1": [
                47.469929724160295
            ]
        }
    ],
    "7": [
        {
            "F1": [
                47.867338265650055
            ]
        }
    ],
    "8": [
        {
            "F1": [
                46.41095709405837
            ]
        }
    ],
    "9": [
        {
            "F1": [
                44.61840189394369
            ]
        }
    ],
    "10": [
        {
            "F1": [
                47.420925295707036
            ]
        }
    ],
    "average f1": [
        46.271586632224626
    ]
}