{
    "1": [
        {
            "F1": [
                47.54079809070238
            ]
        }
    ],
    "2": [
        {
            "F1": [
                46.75378633335418
            ]
        }
    ],
    "3": [
        {
            "F1": [
                49.91518765829905
            ]
        }
    ],
    "4": [
        {
            "F1": [
                45.503857660211
            ]
        }
    ],
    "5": [
        {
            "F1": [
                52.09976128037398
            ]
        }
    ],
    "6": [
        {
            "F1": [
                49.86782212885154
            ]
        }
    ],
    "7": [
        {
            "F1": [
                48.740759969867206
            ]
        }
    ],
    "8": [
        {
            "F1": [
                47.11705671211009
            ]
        }
    ],
    "9": [
        {
            "F1": [
                48.06263314448777
            ]
        }
    ],
    "10": [
        {
            "F1": [
                51.8800506296738
            ]
        }
    ],
    "average f1": [
        48.7481713607931
    ]
}