{
    "1": [
        {
            "F1": [
                45.54408049594822
            ]
        }
    ],
    "2": [
        {
            "F1": [
                49.339717026051815
            ]
        }
    ],
    "3": [
        {
            "F1": [
                48.68457500127134
            ]
        }
    ],
    "4": [
        {
            "F1": [
                47.87668410166557
            ]
        }
    ],
    "5": [
        {
            "F1": [
                48.785406761082065
            ]
        }
    ],
    "6": [
        {
            "F1": [
                49.60898805661295
            ]
        }
    ],
    "7": [
        {
            "F1": [
                48.36844437893777
            ]
        }
    ],
    "8": [
        {
            "F1": [
                49.09735963425283
            ]
        }
    ],
    "9": [
        {
            "F1": [
                48.43598020046627
            ]
        }
    ],
    "10": [
        {
            "F1": [
                51.49155287229613
            ]
        }
    ],
    "average f1": [
        48.7232788528585
    ]
}