{
    "1": [
        {
            "F1": [
                44.91840591024474
            ]
        }
    ],
    "2": [
        {
            "F1": [
                46.90469363553673
            ]
        }
    ],
    "3": [
        {
            "F1": [
                46.54776367214053
            ]
        }
    ],
    "4": [
        {
            "F1": [
                48.84726474913814
            ]
        }
    ],
    "5": [
        {
            "F1": [
                46.17369596984423
            ]
        }
    ],
    "6": [
        {
            "F1": [
                49.78960221065484
            ]
        }
    ],
    "7": [
        {
            "F1": [
                48.104017249301535
            ]
        }
    ],
    "8": [
        {
            "F1": [
                47.0424784600654
            ]
        }
    ],
    "9": [
        {
            "F1": [
                47.865710478945125
            ]
        }
    ],
    "10": [
        {
            "F1": [
                49.208088770397595
            ]
        }
    ],
    "average f1": [
        47.54017211062689
    ]
}