{
    "1": [
        {
            "F1": [
                43.572766704448284
            ]
        }
    ],
    "2": [
        {
            "F1": [
                46.67476109970521
            ]
        }
    ],
    "3": [
        {
            "F1": [
                46.35413165266106
            ]
        }
    ],
    "4": [
        {
            "F1": [
                44.41862051512067
            ]
        }
    ],
    "5": [
        {
            "F1": [
                46.305776093270445
            ]
        }
    ],
    "6": [
        {
            "F1": [
                47.8778247208377
            ]
        }
    ],
    "7": [
        {
            "F1": [
                48.135284940802045
            ]
        }
    ],
    "8": [
        {
            "F1": [
                46.523743945804775
            ]
        }
    ],
    "9": [
        {
            "F1": [
                47.141240806283676
            ]
        }
    ],
    "10": [
        {
            "F1": [
                46.949972484965
            ]
        }
    ],
    "average f1": [
        46.395412296389885
    ]
}