{
    "1": [
        {
            "F1": [
                43.892361019568916
            ]
        }
    ],
    "2": [
        {
            "F1": [
                50.65379582653392
            ]
        }
    ],
    "3": [
        {
            "F1": [
                46.84406433685109
            ]
        }
    ],
    "4": [
        {
            "F1": [
                47.53649700495527
            ]
        }
    ],
    "5": [
        {
            "F1": [
                48.04197623847475
            ]
        }
    ],
    "6": [
        {
            "F1": [
                49.78971226499363
            ]
        }
    ],
    "7": [
        {
            "F1": [
                48.885140124571286
            ]
        }
    ],
    "8": [
        {
            "F1": [
                48.79323728601005
            ]
        }
    ],
    "9": [
        {
            "F1": [
                47.68696897846276
            ]
        }
    ],
    "10": [
        {
            "F1": [
                48.108708854295166
            ]
        }
    ],
    "average f1": [
        48.02324619347168
    ]
}