{
    "1": [
        {
            "F1": [
                43.31066629172312
            ]
        }
    ],
    "2": [
        {
            "F1": [
                45.65208715086901
            ]
        }
    ],
    "3": [
        {
            "F1": [
                46.97781759709464
            ]
        }
    ],
    "4": [
        {
            "F1": [
                49.353871855345915
            ]
        }
    ],
    "5": [
        {
            "F1": [
                45.82249101772034
            ]
        }
    ],
    "6": [
        {
            "F1": [
                49.013067740169205
            ]
        }
    ],
    "7": [
        {
            "F1": [
                46.54230059535982
            ]
        }
    ],
    "8": [
        {
            "F1": [
                48.09796031802293
            ]
        }
    ],
    "9": [
        {
            "F1": [
                49.507012861492704
            ]
        }
    ],
    "10": [
        {
            "F1": [
                50.429930022385186
            ]
        }
    ],
    "average f1": [
        47.470720545018295
    ]
}