{
    "1": [
        {
            "F1": [
                47.21807974738351
            ]
        }
    ],
    "2": [
        {
            "F1": [
                41.49251408976809
            ]
        }
    ],
    "3": [
        {
            "F1": [
                47.67600177483898
            ]
        }
    ],
    "4": [
        {
            "F1": [
                42.40759042166485
            ]
        }
    ],
    "5": [
        {
            "F1": [
                48.0552711344194
            ]
        }
    ],
    "6": [
        {
            "F1": [
                44.521823301971594
            ]
        }
    ],
    "7": [
        {
            "F1": [
                45.75003494178887
            ]
        }
    ],
    "8": [
        {
            "F1": [
                47.87704122852009
            ]
        }
    ],
    "9": [
        {
            "F1": [
                46.63513077644851
            ]
        }
    ],
    "10": [
        {
            "F1": [
                49.11319073330323
            ]
        }
    ],
    "average f1": [
        46.07466781501072
    ]
}