{
    "1": [
        {
            "F1": [
                45.73066197802089
            ]
        }
    ],
    "2": [
        {
            "F1": [
                42.491841113382634
            ]
        }
    ],
    "3": [
        {
            "F1": [
                50.180399253412446
            ]
        }
    ],
    "4": [
        {
            "F1": [
                42.95930863029454
            ]
        }
    ],
    "5": [
        {
            "F1": [
                48.481371229194544
            ]
        }
    ],
    "6": [
        {
            "F1": [
                46.46618020887792
            ]
        }
    ],
    "7": [
        {
            "F1": [
                46.10557634342377
            ]
        }
    ],
    "8": [
        {
            "F1": [
                49.15985254914474
            ]
        }
    ],
    "9": [
        {
            "F1": [
                47.88987083141464
            ]
        }
    ],
    "10": [
        {
            "F1": [
                50.230454505263666
            ]
        }
    ],
    "average f1": [
        46.96955166424298
    ]
}