{
    "1": [
        {
            "F1": [
                45.47196128058797
            ]
        }
    ],
    "2": [
        {
            "F1": [
                43.07637835993744
            ]
        }
    ],
    "3": [
        {
            "F1": [
                46.538877438387786
            ]
        }
    ],
    "4": [
        {
            "F1": [
                46.264672597646594
            ]
        }
    ],
    "5": [
        {
            "F1": [
                45.13569019535048
            ]
        }
    ],
    "6": [
        {
            "F1": [
                45.52610667069062
            ]
        }
    ],
    "7": [
        {
            "F1": [
                46.4370586088856
            ]
        }
    ],
    "8": [
        {
            "F1": [
                45.508459259201395
            ]
        }
    ],
    "9": [
        {
            "F1": [
                47.97160986955203
            ]
        }
    ],
    "10": [
        {
            "F1": [
                47.94580289774156
            ]
        }
    ],
    "average f1": [
        45.98766171779815
    ]
}