{
    "1": [
        {
            "F1": [
                44.666255766469185
            ]
        }
    ],
    "2": [
        {
            "F1": [
                43.205640680068676
            ]
        }
    ],
    "3": [
        {
            "F1": [
                43.89224291347077
            ]
        }
    ],
    "4": [
        {
            "F1": [
                44.36015059847872
            ]
        }
    ],
    "5": [
        {
            "F1": [
                47.10676291793312
            ]
        }
    ],
    "6": [
        {
            "F1": [
                49.33693602832839
            ]
        }
    ],
    "7": [
        {
            "F1": [
                45.86382284150454
            ]
        }
    ],
    "8": [
        {
            "F1": [
                44.90774340039045
            ]
        }
    ],
    "9": [
        {
            "F1": [
                44.21490689206667
            ]
        }
    ],
    "10": [
        {
            "F1": [
                46.4015320213743
            ]
        }
    ],
    "average f1": [
        45.395599406008486
    ]
}