{
    "1": [
        {
            "F1": [
                43.07993215887953
            ]
        }
    ],
    "2": [
        {
            "F1": [
                43.94432108954774
            ]
        }
    ],
    "3": [
        {
            "F1": [
                46.83394133913278
            ]
        }
    ],
    "4": [
        {
            "F1": [
                49.121468029456835
            ]
        }
    ],
    "5": [
        {
            "F1": [
                45.4491247927505
            ]
        }
    ],
    "6": [
        {
            "F1": [
                45.23355184961496
            ]
        }
    ],
    "7": [
        {
            "F1": [
                48.332361374368524
            ]
        }
    ],
    "8": [
        {
            "F1": [
                47.80055249560815
            ]
        }
    ],
    "9": [
        {
            "F1": [
                49.23631505276022
            ]
        }
    ],
    "10": [
        {
            "F1": [
                51.01733843268131
            ]
        }
    ],
    "average f1": [
        47.00489066148005
    ]
}