{
    "1": [
        {
            "F1": [
                44.07897124865904
            ]
        }
    ],
    "2": [
        {
            "F1": [
                44.46520935098972
            ]
        }
    ],
    "3": [
        {
            "F1": [
                46.3671608691089
            ]
        }
    ],
    "4": [
        {
            "F1": [
                45.99861876126467
            ]
        }
    ],
    "5": [
        {
            "F1": [
                45.035080746253605
            ]
        }
    ],
    "6": [
        {
            "F1": [
                45.67181083139382
            ]
        }
    ],
    "7": [
        {
            "F1": [
                48.271839928985756
            ]
        }
    ],
    "8": [
        {
            "F1": [
                44.16209230272548
            ]
        }
    ],
    "9": [
        {
            "F1": [
                46.98349752150212
            ]
        }
    ],
    "10": [
        {
            "F1": [
                48.40124588900269
            ]
        }
    ],
    "average f1": [
        45.94355274498858
    ]
}