{
    "1": [
        {
            "F1": [
                45.39494064455123
            ]
        }
    ],
    "2": [
        {
            "F1": [
                45.45423239546736
            ]
        }
    ],
    "3": [
        {
            "F1": [
                44.8921968147478
            ]
        }
    ],
    "4": [
        {
            "F1": [
                45.21189907807007
            ]
        }
    ],
    "5": [
        {
            "F1": [
                44.93331053351574
            ]
        }
    ],
    "6": [
        {
            "F1": [
                46.64024398057382
            ]
        }
    ],
    "7": [
        {
            "F1": [
                47.46454069736659
            ]
        }
    ],
    "8": [
        {
            "F1": [
                44.26729203841766
            ]
        }
    ],
    "9": [
        {
            "F1": [
                45.527206412237106
            ]
        }
    ],
    "10": [
        {
            "F1": [
                46.29546459599164
            ]
        }
    ],
    "average f1": [
        45.6081327190939
    ]
}