{
    "1": [
        {
            "F1": [
                45.348072477366266
            ]
        }
    ],
    "2": [
        {
            "F1": [
                46.646514623141286
            ]
        }
    ],
    "3": [
        {
            "F1": [
                44.791737673562224
            ]
        }
    ],
    "4": [
        {
            "F1": [
                45.33487936806346
            ]
        }
    ],
    "5": [
        {
            "F1": [
                47.355074766815626
            ]
        }
    ],
    "6": [
        {
            "F1": [
                49.97047794839
            ]
        }
    ],
    "7": [
        {
            "F1": [
                46.127992289740874
            ]
        }
    ],
    "8": [
        {
            "F1": [
                49.12438275661366
            ]
        }
    ],
    "9": [
        {
            "F1": [
                47.93365560986269
            ]
        }
    ],
    "10": [
        {
            "F1": [
                50.09734290800386
            ]
        }
    ],
    "average f1": [
        47.273013042155995
    ]
}