{
    "1": [
        {
            "F1": [
                44.06076358501089
            ]
        }
    ],
    "2": [
        {
            "F1": [
                45.70262314495756
            ]
        }
    ],
    "3": [
        {
            "F1": [
                47.20755653605501
            ]
        }
    ],
    "4": [
        {
            "F1": [
                46.994587029995785
            ]
        }
    ],
    "5": [
        {
            "F1": [
                45.40046221850075
            ]
        }
    ],
    "6": [
        {
            "F1": [
                48.5037073158945
            ]
        }
    ],
    "7": [
        {
            "F1": [
                48.02479046157478
            ]
        }
    ],
    "8": [
        {
            "F1": [
                48.05037195373389
            ]
        }
    ],
    "9": [
        {
            "F1": [
                50.4225780332227
            ]
        }
    ],
    "10": [
        {
            "F1": [
                47.805873139056
            ]
        }
    ],
    "average f1": [
        47.21733134180019
    ]
}