{
    "1": [
        {
            "F1": [
                45.29428986419756
            ]
        }
    ],
    "2": [
        {
            "F1": [
                44.13815789473684
            ]
        }
    ],
    "3": [
        {
            "F1": [
                47.95654926263276
            ]
        }
    ],
    "4": [
        {
            "F1": [
                48.60317443915142
            ]
        }
    ],
    "5": [
        {
            "F1": [
                49.022500300616024
            ]
        }
    ],
    "6": [
        {
            "F1": [
                46.860260865924054
            ]
        }
    ],
    "7": [
        {
            "F1": [
                45.979151088326056
            ]
        }
    ],
    "8": [
        {
            "F1": [
                48.839612549213676
            ]
        }
    ],
    "9": [
        {
            "F1": [
                46.895126102308126
            ]
        }
    ],
    "10": [
        {
            "F1": [
                49.93780969293855
            ]
        }
    ],
    "average f1": [
        47.3526632060045
    ]
}