{
    "1": [
        {
            "F1": [
                43.24624125575082
            ]
        }
    ],
    "2": [
        {
            "F1": [
                44.14210200316438
            ]
        }
    ],
    "3": [
        {
            "F1": [
                46.49109878175412
            ]
        }
    ],
    "4": [
        {
            "F1": [
                47.89712888666775
            ]
        }
    ],
    "5": [
        {
            "F1": [
                42.948790340094696
            ]
        }
    ],
    "6": [
        {
            "F1": [
                44.07660670003889
            ]
        }
    ],
    "7": [
        {
            "F1": [
                47.21312614114472
            ]
        }
    ],
    "8": [
        {
            "F1": [
                44.346516129621556
            ]
        }
    ],
    "9": [
        {
            "F1": [
                47.03248173702288
            ]
        }
    ],
    "10": [
        {
            "F1": [
                47.92768798644709
            ]
        }
    ],
    "average f1": [
        45.53217799617069
    ]
}