{
    "1": [
        {
            "F1": [
                47.47575807705663
            ]
        }
    ],
    "2": [
        {
            "F1": [
                49.835230854612476
            ]
        }
    ],
    "3": [
        {
            "F1": [
                46.945928403147654
            ]
        }
    ],
    "4": [
        {
            "F1": [
                47.25769143724373
            ]
        }
    ],
    "5": [
        {
            "F1": [
                51.982830237332955
            ]
        }
    ],
    "6": [
        {
            "F1": [
                48.91636576775566
            ]
        }
    ],
    "7": [
        {
            "F1": [
                48.217020196983384
            ]
        }
    ],
    "8": [
        {
            "F1": [
                48.92540737225123
            ]
        }
    ],
    "9": [
        {
            "F1": [
                47.94188978122247
            ]
        }
    ],
    "10": [
        {
            "F1": [
                50.689629757687214
            ]
        }
    ],
    "average f1": [
        48.81877518852934
    ]
}