{
    "1": [
        {
            "F1": [
                44.843125647288424
            ]
        }
    ],
    "2": [
        {
            "F1": [
                45.386141163438204
            ]
        }
    ],
    "3": [
        {
            "F1": [
                46.60829388604058
            ]
        }
    ],
    "4": [
        {
            "F1": [
                45.48467009347402
            ]
        }
    ],
    "5": [
        {
            "F1": [
                47.62827269450482
            ]
        }
    ],
    "6": [
        {
            "F1": [
                49.47300724637681
            ]
        }
    ],
    "7": [
        {
            "F1": [
                47.147711681726314
            ]
        }
    ],
    "8": [
        {
            "F1": [
                48.402075400399994
            ]
        }
    ],
    "9": [
        {
            "F1": [
                46.87047213184614
            ]
        }
    ],
    "10": [
        {
            "F1": [
                49.10107826511804
            ]
        }
    ],
    "average f1": [
        47.09448482102134
    ]
}