{
    "1": [
        {
            "F1": [
                43.09812317543472
            ]
        }
    ],
    "2": [
        {
            "F1": [
                49.78758979388269
            ]
        }
    ],
    "3": [
        {
            "F1": [
                48.4257587210085
            ]
        }
    ],
    "4": [
        {
            "F1": [
                47.8886157642044
            ]
        }
    ],
    "5": [
        {
            "F1": [
                48.97211037013669
            ]
        }
    ],
    "6": [
        {
            "F1": [
                49.006460451624676
            ]
        }
    ],
    "7": [
        {
            "F1": [
                48.3402959562915
            ]
        }
    ],
    "8": [
        {
            "F1": [
                47.651377093162495
            ]
        }
    ],
    "9": [
        {
            "F1": [
                48.516762992947164
            ]
        }
    ],
    "10": [
        {
            "F1": [
                49.35606232104408
            ]
        }
    ],
    "average f1": [
        48.10431566397369
    ]
}