{
    "1": [
        {
            "F1": [
                48.43284732722142
            ]
        }
    ],
    "2": [
        {
            "F1": [
                41.82026094134883
            ]
        }
    ],
    "3": [
        {
            "F1": [
                44.90223814250481
            ]
        }
    ],
    "4": [
        {
            "F1": [
                42.951877505614185
            ]
        }
    ],
    "5": [
        {
            "F1": [
                48.51622779459645
            ]
        }
    ],
    "6": [
        {
            "F1": [
                48.28427072984954
            ]
        }
    ],
    "7": [
        {
            "F1": [
                43.68719492364357
            ]
        }
    ],
    "8": [
        {
            "F1": [
                48.45414155951176
            ]
        }
    ],
    "9": [
        {
            "F1": [
                46.8926326978787
            ]
        }
    ],
    "10": [
        {
            "F1": [
                50.63218010384949
            ]
        }
    ],
    "average f1": [
        46.45738717260188
    ]
}