{
    "1": [
        {
            "F1": [
                44.16713557440958
            ]
        }
    ],
    "2": [
        {
            "F1": [
                45.524474373149246
            ]
        }
    ],
    "3": [
        {
            "F1": [
                46.11899167413978
            ]
        }
    ],
    "4": [
        {
            "F1": [
                48.32244352775618
            ]
        }
    ],
    "5": [
        {
            "F1": [
                43.80728146729944
            ]
        }
    ],
    "6": [
        {
            "F1": [
                47.22596556450729
            ]
        }
    ],
    "7": [
        {
            "F1": [
                48.061443200762085
            ]
        }
    ],
    "8": [
        {
            "F1": [
                46.742454390906566
            ]
        }
    ],
    "9": [
        {
            "F1": [
                48.0485026978728
            ]
        }
    ],
    "10": [
        {
            "F1": [
                49.45047667841996
            ]
        }
    ],
    "average f1": [
        46.746916914922295
    ]
}