{
    "1": [
        {
            "F1": [
                43.332770153184995
            ]
        }
    ],
    "2": [
        {
            "F1": [
                49.3640824527354
            ]
        }
    ],
    "3": [
        {
            "F1": [
                47.37952093664543
            ]
        }
    ],
    "4": [
        {
            "F1": [
                47.190050185982656
            ]
        }
    ],
    "5": [
        {
            "F1": [
                49.606120207308166
            ]
        }
    ],
    "6": [
        {
            "F1": [
                48.32475709822426
            ]
        }
    ],
    "7": [
        {
            "F1": [
                47.87363390875288
            ]
        }
    ],
    "8": [
        {
            "F1": [
                47.06630546850819
            ]
        }
    ],
    "9": [
        {
            "F1": [
                49.4336874504177
            ]
        }
    ],
    "10": [
        {
            "F1": [
                50.21510903426595
            ]
        }
    ],
    "average f1": [
        47.978603689602565
    ]
}