{
    "1": [
        {
            "F1": [
                46.47645947861764
            ]
        }
    ],
    "2": [
        {
            "F1": [
                46.24283962319066
            ]
        }
    ],
    "3": [
        {
            "F1": [
                49.13570417989054
            ]
        }
    ],
    "4": [
        {
            "F1": [
                46.267517830856555
            ]
        }
    ],
    "5": [
        {
            "F1": [
                51.973093440143515
            ]
        }
    ],
    "6": [
        {
            "F1": [
                50.11685483647258
            ]
        }
    ],
    "7": [
        {
            "F1": [
                49.249170390935085
            ]
        }
    ],
    "8": [
        {
            "F1": [
                48.536865730311064
            ]
        }
    ],
    "9": [
        {
            "F1": [
                47.253652516185035
            ]
        }
    ],
    "10": [
        {
            "F1": [
                51.97398546137598
            ]
        }
    ],
    "average f1": [
        48.72261434879787
    ]
}