{
    "1": [
        {
            "F1": [
                44.38538609843895
            ]
        }
    ],
    "2": [
        {
            "F1": [
                47.25988457231459
            ]
        }
    ],
    "3": [
        {
            "F1": [
                46.04796576031857
            ]
        }
    ],
    "4": [
        {
            "F1": [
                45.330462214115364
            ]
        }
    ],
    "5": [
        {
            "F1": [
                50.76477643081595
            ]
        }
    ],
    "6": [
        {
            "F1": [
                50.28376409905356
            ]
        }
    ],
    "7": [
        {
            "F1": [
                48.6585905048897
            ]
        }
    ],
    "8": [
        {
            "F1": [
                48.078490057107686
            ]
        }
    ],
    "9": [
        {
            "F1": [
                46.92808622623414
            ]
        }
    ],
    "10": [
        {
            "F1": [
                51.209063568466185
            ]
        }
    ],
    "average f1": [
        47.89464695317547
    ]
}