{
    "1": [
        {
            "F1": [
                44.92600408153192
            ]
        }
    ],
    "2": [
        {
            "F1": [
                44.55440797940797
            ]
        }
    ],
    "3": [
        {
            "F1": [
                46.881327622645564
            ]
        }
    ],
    "4": [
        {
            "F1": [
                46.37846901955459
            ]
        }
    ],
    "5": [
        {
            "F1": [
                46.057853182605726
            ]
        }
    ],
    "6": [
        {
            "F1": [
                47.92713158901829
            ]
        }
    ],
    "7": [
        {
            "F1": [
                46.49532926796098
            ]
        }
    ],
    "8": [
        {
            "F1": [
                47.96095617603628
            ]
        }
    ],
    "9": [
        {
            "F1": [
                50.35852438639762
            ]
        }
    ],
    "10": [
        {
            "F1": [
                49.002824429403624
            ]
        }
    ],
    "average f1": [
        47.05428277345626
    ]
}