{
    "1": [
        {
            "F1": [
                44.13650673476158
            ]
        }
    ],
    "2": [
        {
            "F1": [
                46.61017018816168
            ]
        }
    ],
    "3": [
        {
            "F1": [
                46.17164043274503
            ]
        }
    ],
    "4": [
        {
            "F1": [
                44.51674832315443
            ]
        }
    ],
    "5": [
        {
            "F1": [
                46.47379561783793
            ]
        }
    ],
    "6": [
        {
            "F1": [
                47.03513898781025
            ]
        }
    ],
    "7": [
        {
            "F1": [
                47.846606271525594
            ]
        }
    ],
    "8": [
        {
            "F1": [
                45.098766772153965
            ]
        }
    ],
    "9": [
        {
            "F1": [
                47.51079449047215
            ]
        }
    ],
    "10": [
        {
            "F1": [
                45.32292775263888
            ]
        }
    ],
    "average f1": [
        46.07230955712615
    ]
}