{
    "1": [
        {
            "F1": [
                45.51922694115127
            ]
        }
    ],
    "2": [
        {
            "F1": [
                43.97869974729903
            ]
        }
    ],
    "3": [
        {
            "F1": [
                48.78327138142875
            ]
        }
    ],
    "4": [
        {
            "F1": [
                49.81033260408972
            ]
        }
    ],
    "5": [
        {
            "F1": [
                48.320723968599786
            ]
        }
    ],
    "6": [
        {
            "F1": [
                47.65433511335922
            ]
        }
    ],
    "7": [
        {
            "F1": [
                47.07864821226504
            ]
        }
    ],
    "8": [
        {
            "F1": [
                48.25437702326581
            ]
        }
    ],
    "9": [
        {
            "F1": [
                49.6239258784542
            ]
        }
    ],
    "10": [
        {
            "F1": [
                51.48917318146955
            ]
        }
    ],
    "average f1": [
        48.05127140513824
    ]
}