{
    "1": [
        {
            "F1": [
                45.08726504382386
            ]
        }
    ],
    "2": [
        {
            "F1": [
                45.22541678958791
            ]
        }
    ],
    "3": [
        {
            "F1": [
                45.79632170204601
            ]
        }
    ],
    "4": [
        {
            "F1": [
                45.79912134665187
            ]
        }
    ],
    "5": [
        {
            "F1": [
                42.94310759740807
            ]
        }
    ],
    "6": [
        {
            "F1": [
                44.716045104934
            ]
        }
    ],
    "7": [
        {
            "F1": [
                47.00544080813677
            ]
        }
    ],
    "8": [
        {
            "F1": [
                43.45229398950676
            ]
        }
    ],
    "9": [
        {
            "F1": [
                47.10065330360892
            ]
        }
    ],
    "10": [
        {
            "F1": [
                48.734898758111726
            ]
        }
    ],
    "average f1": [
        45.58605644438159
    ]
}