{
    "1": [
        {
            "F1": [
                44.72018027091175
            ]
        }
    ],
    "2": [
        {
            "F1": [
                43.52504632725292
            ]
        }
    ],
    "3": [
        {
            "F1": [
                48.88979120546725
            ]
        }
    ],
    "4": [
        {
            "F1": [
                49.629995323995864
            ]
        }
    ],
    "5": [
        {
            "F1": [
                46.40306247454946
            ]
        }
    ],
    "6": [
        {
            "F1": [
                46.70755607740389
            ]
        }
    ],
    "7": [
        {
            "F1": [
                47.33865293164714
            ]
        }
    ],
    "8": [
        {
            "F1": [
                46.70318958899147
            ]
        }
    ],
    "9": [
        {
            "F1": [
                50.727457587955506
            ]
        }
    ],
    "10": [
        {
            "F1": [
                52.24238813808797
            ]
        }
    ],
    "average f1": [
        47.688731992626316
    ]
}