{
    "1": [
        {
            "F1": [
                44.68006394284602
            ]
        }
    ],
    "2": [
        {
            "F1": [
                46.61597451863378
            ]
        }
    ],
    "3": [
        {
            "F1": [
                47.71192866012884
            ]
        }
    ],
    "4": [
        {
            "F1": [
                47.7229468147216
            ]
        }
    ],
    "5": [
        {
            "F1": [
                46.389537913143066
            ]
        }
    ],
    "6": [
        {
            "F1": [
                48.046032363231
            ]
        }
    ],
    "7": [
        {
            "F1": [
                48.04580330176289
            ]
        }
    ],
    "8": [
        {
            "F1": [
                47.15144528972331
            ]
        }
    ],
    "9": [
        {
            "F1": [
                47.12541912682388
            ]
        }
    ],
    "10": [
        {
            "F1": [
                49.73243668900092
            ]
        }
    ],
    "average f1": [
        47.32215886200153
    ]
}