{
    "1": [
        {
            "F1": [
                42.57499042417697
            ]
        }
    ],
    "2": [
        {
            "F1": [
                48.01522728049428
            ]
        }
    ],
    "3": [
        {
            "F1": [
                49.38339518797568
            ]
        }
    ],
    "4": [
        {
            "F1": [
                48.19225920102493
            ]
        }
    ],
    "5": [
        {
            "F1": [
                47.29406958939632
            ]
        }
    ],
    "6": [
        {
            "F1": [
                46.818941716784416
            ]
        }
    ],
    "7": [
        {
            "F1": [
                49.79096203991371
            ]
        }
    ],
    "8": [
        {
            "F1": [
                46.103803153180834
            ]
        }
    ],
    "9": [
        {
            "F1": [
                50.950164597775114
            ]
        }
    ],
    "10": [
        {
            "F1": [
                49.613518170403225
            ]
        }
    ],
    "average f1": [
        47.87373313611254
    ]
}