{
    "1": [
        {
            "F1": [
                43.68736312204026
            ]
        }
    ],
    "2": [
        {
            "F1": [
                46.954218890628596
            ]
        }
    ],
    "3": [
        {
            "F1": [
                48.22667626251415
            ]
        }
    ],
    "4": [
        {
            "F1": [
                47.7566150848324
            ]
        }
    ],
    "5": [
        {
            "F1": [
                45.864119166902704
            ]
        }
    ],
    "6": [
        {
            "F1": [
                46.6369360682562
            ]
        }
    ],
    "7": [
        {
            "F1": [
                47.99035593706629
            ]
        }
    ],
    "8": [
        {
            "F1": [
                46.965828869529844
            ]
        }
    ],
    "9": [
        {
            "F1": [
                49.157908274131046
            ]
        }
    ],
    "10": [
        {
            "F1": [
                49.68037339999454
            ]
        }
    ],
    "average f1": [
        47.2920395075896
    ]
}