{
    "1": [
        {
            "F1": [
                46.67967426732184
            ]
        }
    ],
    "2": [
        {
            "F1": [
                51.7098105352049
            ]
        }
    ],
    "3": [
        {
            "F1": [
                47.5975240782696
            ]
        }
    ],
    "4": [
        {
            "F1": [
                47.49577104153205
            ]
        }
    ],
    "5": [
        {
            "F1": [
                52.214509399663235
            ]
        }
    ],
    "6": [
        {
            "F1": [
                49.50088930127595
            ]
        }
    ],
    "7": [
        {
            "F1": [
                46.867898879823436
            ]
        }
    ],
    "8": [
        {
            "F1": [
                48.40812337681454
            ]
        }
    ],
    "9": [
        {
            "F1": [
                47.40310702574854
            ]
        }
    ],
    "10": [
        {
            "F1": [
                50.70513296300594
            ]
        }
    ],
    "average f1": [
        48.85824408686601
    ]
}