{
    "1": [
        {
            "F1": [
                45.357478993889124
            ]
        }
    ],
    "2": [
        {
            "F1": [
                41.900285992586824
            ]
        }
    ],
    "3": [
        {
            "F1": [
                47.56417073519866
            ]
        }
    ],
    "4": [
        {
            "F1": [
                48.2852544507635
            ]
        }
    ],
    "5": [
        {
            "F1": [
                42.84544654529705
            ]
        }
    ],
    "6": [
        {
            "F1": [
                46.32414369256475
            ]
        }
    ],
    "7": [
        {
            "F1": [
                46.07877042734195
            ]
        }
    ],
    "8": [
        {
            "F1": [
                45.21104034202493
            ]
        }
    ],
    "9": [
        {
            "F1": [
                48.20663940499724
            ]
        }
    ],
    "10": [
        {
            "F1": [
                50.829479925300404
            ]
        }
    ],
    "average f1": [
        46.26027105099645
    ]
}