{"loss": 0.15817396242786036, "accuracy": 40.331491712707184, "precision": 40.8864326900321, "recall": 40.19660053842346, "F1_measure": 40.04037732761151, "_runtime": 334, "_timestamp": 1643472618, "_step": 3, "e_loss": 0.1466631045100817, "e_accuracy": 48.26498422712934, "e_precision": 55.34811079331627, "e_recall": 47.95204281156735, "e_F1_measure": 47.64301023272315, "_wandb": {"runtime": 335}}