{
    "1": [
        {
            "F1": [
                21.70954045954046
            ]
        }
    ],
    "2": [
        {
            "F1": [
                27.45078995078995
            ]
        }
    ],
    "3": [
        {
            "F1": [
                20.22058823529412
            ]
        }
    ],
    "4": [
        {
            "F1": [
                23.710317460317462
            ]
        }
    ],
    "5": [
        {
            "F1": [
                28.22227375798804
            ]
        }
    ],
    "6": [
        {
            "F1": [
                26.32276978919447
            ]
        }
    ],
    "7": [
        {
            "F1": [
                24.55152979066023
            ]
        }
    ],
    "8": [
        {
            "F1": [
                32.11835678940942
            ]
        }
    ],
    "9": [
        {
            "F1": [
                29.05286879019598
            ]
        }
    ],
    "10": [
        {
            "F1": [
                28.84809831220347
            ]
        }
    ],
    "average f1": [
        26.22071333355936
    ]
}