{
    "1": [
        {
            "F1": [
                24.922299922299924
            ]
        }
    ],
    "2": [
        {
            "F1": [
                37.3670988709765
            ]
        }
    ],
    "3": [
        {
            "F1": [
                23.149595687331537
            ]
        }
    ],
    "4": [
        {
            "F1": [
                23.71788990825688
            ]
        }
    ],
    "5": [
        {
            "F1": [
                36.04032258064516
            ]
        }
    ],
    "6": [
        {
            "F1": [
                28.897648215366
            ]
        }
    ],
    "7": [
        {
            "F1": [
                27.93053109997441
            ]
        }
    ],
    "8": [
        {
            "F1": [
                37.3328043050101
            ]
        }
    ],
    "9": [
        {
            "F1": [
                31.554352510234864
            ]
        }
    ],
    "10": [
        {
            "F1": [
                36.10248447204969
            ]
        }
    ],
    "average f1": [
        30.701502757214506
    ]
}