{
    "1": [
        {
            "F1": [
                45.2020202020202
            ]
        }
    ],
    "2": [
        {
            "F1": [
                40.84867306606438
            ]
        }
    ],
    "3": [
        {
            "F1": [
                38.196194049852586
            ]
        }
    ],
    "4": [
        {
            "F1": [
                48.001200480192075
            ]
        }
    ],
    "5": [
        {
            "F1": [
                49.93932411674348
            ]
        }
    ],
    "6": [
        {
            "F1": [
                37.19735760351548
            ]
        }
    ],
    "7": [
        {
            "F1": [
                38.9744494635799
            ]
        }
    ],
    "8": [
        {
            "F1": [
                48.44341245270038
            ]
        }
    ],
    "9": [
        {
            "F1": [
                53.58266583291149
            ]
        }
    ],
    "10": [
        {
            "F1": [
                41.19581807081806
            ]
        }
    ],
    "average f1": [
        44.1581115338398
    ]
}