{
    "1": [
        {
            "F1": [
                32.764550264550266
            ]
        }
    ],
    "2": [
        {
            "F1": [
                38.36268910318753
            ]
        }
    ],
    "3": [
        {
            "F1": [
                30.916396405526843
            ]
        }
    ],
    "4": [
        {
            "F1": [
                29.479227173401934
            ]
        }
    ],
    "5": [
        {
            "F1": [
                38.72784690799397
            ]
        }
    ],
    "6": [
        {
            "F1": [
                37.48561846711219
            ]
        }
    ],
    "7": [
        {
            "F1": [
                32.0568783068783
            ]
        }
    ],
    "8": [
        {
            "F1": [
                40.926550091704364
            ]
        }
    ],
    "9": [
        {
            "F1": [
                38.16076165214096
            ]
        }
    ],
    "10": [
        {
            "F1": [
                38.960640213075536
            ]
        }
    ],
    "average f1": [
        35.784115858557186
    ]
}