{
    "1": [
        {
            "F1": [
                15.50925925925926
            ]
        }
    ],
    "2": [
        {
            "F1": [
                25.02613857877016
            ]
        }
    ],
    "3": [
        {
            "F1": [
                20.54245283018868
            ]
        }
    ],
    "4": [
        {
            "F1": [
                17.78126764539808
            ]
        }
    ],
    "5": [
        {
            "F1": [
                22.21268315018315
            ]
        }
    ],
    "6": [
        {
            "F1": [
                21.306471306471305
            ]
        }
    ],
    "7": [
        {
            "F1": [
                22.365999443981096
            ]
        }
    ],
    "8": [
        {
            "F1": [
                30.038269693842444
            ]
        }
    ],
    "9": [
        {
            "F1": [
                26.112398471094124
            ]
        }
    ],
    "10": [
        {
            "F1": [
                25.494071146245062
            ]
        }
    ],
    "average f1": [
        22.638901152543337
    ]
}