{
    "1": [
        {
            "F1": [
                35.278879015721124
            ]
        }
    ],
    "2": [
        {
            "F1": [
                37.05059419345134
            ]
        }
    ],
    "3": [
        {
            "F1": [
                36.65240752277386
            ]
        }
    ],
    "4": [
        {
            "F1": [
                38.34595959595959
            ]
        }
    ],
    "5": [
        {
            "F1": [
                41.6061659525157
            ]
        }
    ],
    "6": [
        {
            "F1": [
                38.90067207820547
            ]
        }
    ],
    "7": [
        {
            "F1": [
                37.30713730713731
            ]
        }
    ],
    "8": [
        {
            "F1": [
                48.562653562653566
            ]
        }
    ],
    "9": [
        {
            "F1": [
                42.71978021978022
            ]
        }
    ],
    "10": [
        {
            "F1": [
                37.04818530905487
            ]
        }
    ],
    "average f1": [
        39.34724347572531
    ]
}