{
    "1": [
        {
            "F1": [
                19.926605504587155
            ]
        }
    ],
    "2": [
        {
            "F1": [
                33.33029923768346
            ]
        }
    ],
    "3": [
        {
            "F1": [
                18.805075551086293
            ]
        }
    ],
    "4": [
        {
            "F1": [
                19.685174304739522
            ]
        }
    ],
    "5": [
        {
            "F1": [
                26.351402220967437
            ]
        }
    ],
    "6": [
        {
            "F1": [
                22.52747252747253
            ]
        }
    ],
    "7": [
        {
            "F1": [
                21.68440255396777
            ]
        }
    ],
    "8": [
        {
            "F1": [
                32.19326725905673
            ]
        }
    ],
    "9": [
        {
            "F1": [
                27.053601911915333
            ]
        }
    ],
    "10": [
        {
            "F1": [
                27.650709219858154
            ]
        }
    ],
    "average f1": [
        24.92080102913344
    ]
}