{
    "1": [
        {
            "F1": [
                39.669586370017115
            ]
        }
    ],
    "2": [
        {
            "F1": [
                39.35010451028758
            ]
        }
    ],
    "3": [
        {
            "F1": [
                34.12260086173129
            ]
        }
    ],
    "4": [
        {
            "F1": [
                35.72230929989551
            ]
        }
    ],
    "5": [
        {
            "F1": [
                44.085144927536234
            ]
        }
    ],
    "6": [
        {
            "F1": [
                35.902622409682735
            ]
        }
    ],
    "7": [
        {
            "F1": [
                28.16156335573811
            ]
        }
    ],
    "8": [
        {
            "F1": [
                42.107371794871796
            ]
        }
    ],
    "9": [
        {
            "F1": [
                43.09612807580298
            ]
        }
    ],
    "10": [
        {
            "F1": [
                37.86596917247912
            ]
        }
    ],
    "average f1": [
        38.00834007780425
    ]
}