{
    "1": [
        {
            "F1": [
                19.926605504587155
            ]
        }
    ],
    "2": [
        {
            "F1": [
                27.968460111317256
            ]
        }
    ],
    "3": [
        {
            "F1": [
                18.920400910655783
            ]
        }
    ],
    "4": [
        {
            "F1": [
                19.685174304739522
            ]
        }
    ],
    "5": [
        {
            "F1": [
                23.854908532327887
            ]
        }
    ],
    "6": [
        {
            "F1": [
                24.450549450549453
            ]
        }
    ],
    "7": [
        {
            "F1": [
                19.885624755189976
            ]
        }
    ],
    "8": [
        {
            "F1": [
                34.88050617548368
            ]
        }
    ],
    "9": [
        {
            "F1": [
                21.149595687331534
            ]
        }
    ],
    "10": [
        {
            "F1": [
                25.25478595747056
            ]
        }
    ],
    "average f1": [
        23.597661138965282
    ]
}