{
    "1": [
        {
            "F1": [
                48.19785987166647
            ]
        }
    ],
    "2": [
        {
            "F1": [
                40.030010247401556
            ]
        }
    ],
    "3": [
        {
            "F1": [
                41.744664881531975
            ]
        }
    ],
    "4": [
        {
            "F1": [
                53.109236816246316
            ]
        }
    ],
    "5": [
        {
            "F1": [
                50.30516979810946
            ]
        }
    ],
    "6": [
        {
            "F1": [
                38.49999999999999
            ]
        }
    ],
    "7": [
        {
            "F1": [
                40.40584415584415
            ]
        }
    ],
    "8": [
        {
            "F1": [
                48.86212624584718
            ]
        }
    ],
    "9": [
        {
            "F1": [
                55.543083059762075
            ]
        }
    ],
    "10": [
        {
            "F1": [
                40.31771501925545
            ]
        }
    ],
    "average f1": [
        45.701571009566464
    ]
}