{
    "1": [
        {
            "F1": [
                51.42036485602508
            ]
        }
    ],
    "2": [
        {
            "F1": [
                46.49802637912776
            ]
        }
    ],
    "3": [
        {
            "F1": [
                38.628279014308426
            ]
        }
    ],
    "4": [
        {
            "F1": [
                49.29410294852573
            ]
        }
    ],
    "5": [
        {
            "F1": [
                52.25725389218701
            ]
        }
    ],
    "6": [
        {
            "F1": [
                35.97006097006096
            ]
        }
    ],
    "7": [
        {
            "F1": [
                42.01936696054344
            ]
        }
    ],
    "8": [
        {
            "F1": [
                43.15747636181072
            ]
        }
    ],
    "9": [
        {
            "F1": [
                51.78275290215589
            ]
        }
    ],
    "10": [
        {
            "F1": [
                38.46856631740352
            ]
        }
    ],
    "average f1": [
        44.949625060214856
    ]
}