{
    "1": [
        {
            "F1": [
                44.682970910504324
            ]
        }
    ],
    "2": [
        {
            "F1": [
                41.55364372469636
            ]
        }
    ],
    "3": [
        {
            "F1": [
                34.68523802614821
            ]
        }
    ],
    "4": [
        {
            "F1": [
                40.192369520951665
            ]
        }
    ],
    "5": [
        {
            "F1": [
                51.60948828561225
            ]
        }
    ],
    "6": [
        {
            "F1": [
                40.88301716350497
            ]
        }
    ],
    "7": [
        {
            "F1": [
                34.32142857142858
            ]
        }
    ],
    "8": [
        {
            "F1": [
                41.73099256080636
            ]
        }
    ],
    "9": [
        {
            "F1": [
                49.33346223668804
            ]
        }
    ],
    "10": [
        {
            "F1": [
                41.07740086000956
            ]
        }
    ],
    "average f1": [
        42.00700118603503
    ]
}