{
    "1": [
        {
            "F1": [
                52.93370995423341
            ]
        }
    ],
    "2": [
        {
            "F1": [
                42.53255855442567
            ]
        }
    ],
    "3": [
        {
            "F1": [
                42.719404663273764
            ]
        }
    ],
    "4": [
        {
            "F1": [
                53.52446528013066
            ]
        }
    ],
    "5": [
        {
            "F1": [
                57.073276799304196
            ]
        }
    ],
    "6": [
        {
            "F1": [
                46.59603626396795
            ]
        }
    ],
    "7": [
        {
            "F1": [
                45.714285714285715
            ]
        }
    ],
    "8": [
        {
            "F1": [
                47.849673202614376
            ]
        }
    ],
    "9": [
        {
            "F1": [
                49.31046271241651
            ]
        }
    ],
    "10": [
        {
            "F1": [
                42.62261520074365
            ]
        }
    ],
    "average f1": [
        48.08764883453959
    ]
}