{
    "1": [
        {
            "F1": [
                32.69192071012091
            ]
        }
    ],
    "2": [
        {
            "F1": [
                32.73509217305612
            ]
        }
    ],
    "3": [
        {
            "F1": [
                33.07340068300819
            ]
        }
    ],
    "4": [
        {
            "F1": [
                37.511614093888554
            ]
        }
    ],
    "5": [
        {
            "F1": [
                43.23113129916724
            ]
        }
    ],
    "6": [
        {
            "F1": [
                38.586621327001545
            ]
        }
    ],
    "7": [
        {
            "F1": [
                34.34065934065934
            ]
        }
    ],
    "8": [
        {
            "F1": [
                41.446488294314385
            ]
        }
    ],
    "9": [
        {
            "F1": [
                40.493854391948844
            ]
        }
    ],
    "10": [
        {
            "F1": [
                30.04201680672269
            ]
        }
    ],
    "average accuracy": [
        36.41527991198878
    ]
}