{
    "1": [
        {
            "F1": [
                39.446493384849546
            ]
        }
    ],
    "2": [
        {
            "F1": [
                43.45993577490634
            ]
        }
    ],
    "3": [
        {
            "F1": [
                37.569355527102005
            ]
        }
    ],
    "4": [
        {
            "F1": [
                46.40901296752759
            ]
        }
    ],
    "5": [
        {
            "F1": [
                43.83971291866029
            ]
        }
    ],
    "6": [
        {
            "F1": [
                35.307539682539684
            ]
        }
    ],
    "7": [
        {
            "F1": [
                41.32351254796453
            ]
        }
    ],
    "8": [
        {
            "F1": [
                47.06856641123882
            ]
        }
    ],
    "9": [
        {
            "F1": [
                43.685264428351985
            ]
        }
    ],
    "10": [
        {
            "F1": [
                36.36507936507936
            ]
        }
    ],
    "average f1": [
        41.447447300822006
    ]
}