{
    "1": [
        {
            "F1": [
                20.753049539457308
            ]
        }
    ],
    "2": [
        {
            "F1": [
                29.644522699152944
            ]
        }
    ],
    "3": [
        {
            "F1": [
                24.871134020618555
            ]
        }
    ],
    "4": [
        {
            "F1": [
                23.932242990654206
            ]
        }
    ],
    "5": [
        {
            "F1": [
                39.83781983781984
            ]
        }
    ],
    "6": [
        {
            "F1": [
                26.293547813722
            ]
        }
    ],
    "7": [
        {
            "F1": [
                19.939426017407673
            ]
        }
    ],
    "8": [
        {
            "F1": [
                31.716122886401525
            ]
        }
    ],
    "9": [
        {
            "F1": [
                27.950652208077948
            ]
        }
    ],
    "10": [
        {
            "F1": [
                30.699233716475092
            ]
        }
    ],
    "average f1": [
        27.563775172978712
    ]
}