{
    "1": [
        {
            "F1": [
                28.284334023464456
            ]
        }
    ],
    "2": [
        {
            "F1": [
                33.92583199034812
            ]
        }
    ],
    "3": [
        {
            "F1": [
                20.328674948240167
            ]
        }
    ],
    "4": [
        {
            "F1": [
                21.585624633166287
            ]
        }
    ],
    "5": [
        {
            "F1": [
                27.859554043823547
            ]
        }
    ],
    "6": [
        {
            "F1": [
                28.573319400905607
            ]
        }
    ],
    "7": [
        {
            "F1": [
                19.901515151515152
            ]
        }
    ],
    "8": [
        {
            "F1": [
                34.11724769483391
            ]
        }
    ],
    "9": [
        {
            "F1": [
                27.09069604230895
            ]
        }
    ],
    "10": [
        {
            "F1": [
                25.13902932254803
            ]
        }
    ],
    "average f1": [
        26.68058272511542
    ]
}