{
    "1": [
        {
            "F1": [
                33.34660508573552
            ]
        }
    ],
    "2": [
        {
            "F1": [
                31.092363235220375
            ]
        }
    ],
    "3": [
        {
            "F1": [
                29.961369275885403
            ]
        }
    ],
    "4": [
        {
            "F1": [
                29.112200435729847
            ]
        }
    ],
    "5": [
        {
            "F1": [
                43.30902706147873
            ]
        }
    ],
    "6": [
        {
            "F1": [
                36.81070435588508
            ]
        }
    ],
    "7": [
        {
            "F1": [
                26.48904605830602
            ]
        }
    ],
    "8": [
        {
            "F1": [
                40.786456134965405
            ]
        }
    ],
    "9": [
        {
            "F1": [
                37.87671190146809
            ]
        }
    ],
    "10": [
        {
            "F1": [
                35.97586726998492
            ]
        }
    ],
    "average f1": [
        34.47603508146594
    ]
}