{
    "1": [
        {
            "F1": [
                23.687994248741912
            ]
        }
    ],
    "2": [
        {
            "F1": [
                35.71022727272727
            ]
        }
    ],
    "3": [
        {
            "F1": [
                26.292335115864528
            ]
        }
    ],
    "4": [
        {
            "F1": [
                21.585624633166287
            ]
        }
    ],
    "5": [
        {
            "F1": [
                26.661201816481316
            ]
        }
    ],
    "6": [
        {
            "F1": [
                29.02356785317019
            ]
        }
    ],
    "7": [
        {
            "F1": [
                25.742936612501826
            ]
        }
    ],
    "8": [
        {
            "F1": [
                36.174329501915715
            ]
        }
    ],
    "9": [
        {
            "F1": [
                34.72964975328713
            ]
        }
    ],
    "10": [
        {
            "F1": [
                27.50786782061369
            ]
        }
    ],
    "average f1": [
        28.711573462846985
    ]
}