{
    "1": [
        {
            "F1": [
                30.602134146341463
            ]
        }
    ],
    "2": [
        {
            "F1": [
                38.54664765994815
            ]
        }
    ],
    "3": [
        {
            "F1": [
                31.703862232555956
            ]
        }
    ],
    "4": [
        {
            "F1": [
                40.00347691430336
            ]
        }
    ],
    "5": [
        {
            "F1": [
                39.993803349486015
            ]
        }
    ],
    "6": [
        {
            "F1": [
                35.430486900583794
            ]
        }
    ],
    "7": [
        {
            "F1": [
                35.41380583241048
            ]
        }
    ],
    "8": [
        {
            "F1": [
                45.330932487256135
            ]
        }
    ],
    "9": [
        {
            "F1": [
                36.76475423310866
            ]
        }
    ],
    "10": [
        {
            "F1": [
                33.94674755645433
            ]
        }
    ],
    "average accuracy": [
        36.77366513124484
    ]
}