{
    "1": [
        {
            "F1": [
                45.51792539902677
            ]
        }
    ],
    "2": [
        {
            "F1": [
                42.529494341159705
            ]
        }
    ],
    "3": [
        {
            "F1": [
                35.546644825229215
            ]
        }
    ],
    "4": [
        {
            "F1": [
                44.65201465201465
            ]
        }
    ],
    "5": [
        {
            "F1": [
                45.03178426185494
            ]
        }
    ],
    "6": [
        {
            "F1": [
                36.384054895302775
            ]
        }
    ],
    "7": [
        {
            "F1": [
                43.070763658998956
            ]
        }
    ],
    "8": [
        {
            "F1": [
                44.00673400673401
            ]
        }
    ],
    "9": [
        {
            "F1": [
                45.067982456140356
            ]
        }
    ],
    "10": [
        {
            "F1": [
                36.48042494589809
            ]
        }
    ],
    "average f1": [
        41.82878234423595
    ]
}