{
    "1": [
        {
            "F1": [
                39.70923475773288
            ]
        }
    ],
    "2": [
        {
            "F1": [
                37.43609300412894
            ]
        }
    ],
    "3": [
        {
            "F1": [
                34.94318181818182
            ]
        }
    ],
    "4": [
        {
            "F1": [
                36.885395537525355
            ]
        }
    ],
    "5": [
        {
            "F1": [
                40.29814347830599
            ]
        }
    ],
    "6": [
        {
            "F1": [
                36.65158371040723
            ]
        }
    ],
    "7": [
        {
            "F1": [
                24.801313628899834
            ]
        }
    ],
    "8": [
        {
            "F1": [
                40.95456607820492
            ]
        }
    ],
    "9": [
        {
            "F1": [
                43.136574074074076
            ]
        }
    ],
    "10": [
        {
            "F1": [
                37.55411255411256
            ]
        }
    ],
    "average f1": [
        37.23701986415737
    ]
}