{
    "1": [
        {
            "F1": [
                36.213989317877214
            ]
        }
    ],
    "2": [
        {
            "F1": [
                38.501583782071584
            ]
        }
    ],
    "3": [
        {
            "F1": [
                31.050368550368546
            ]
        }
    ],
    "4": [
        {
            "F1": [
                35.47344199917729
            ]
        }
    ],
    "5": [
        {
            "F1": [
                44.79032258064516
            ]
        }
    ],
    "6": [
        {
            "F1": [
                33.62938596491228
            ]
        }
    ],
    "7": [
        {
            "F1": [
                28.26923076923077
            ]
        }
    ],
    "8": [
        {
            "F1": [
                39.63886990202779
            ]
        }
    ],
    "9": [
        {
            "F1": [
                41.102518353080995
            ]
        }
    ],
    "10": [
        {
            "F1": [
                36.081409056237426
            ]
        }
    ],
    "average f1": [
        36.4751120275629
    ]
}