{
    "1": [
        {
            "F1": [
                39.058450510063416
            ]
        }
    ],
    "2": [
        {
            "F1": [
                39.8552036199095
            ]
        }
    ],
    "3": [
        {
            "F1": [
                36.27297410192148
            ]
        }
    ],
    "4": [
        {
            "F1": [
                42.01616497038698
            ]
        }
    ],
    "5": [
        {
            "F1": [
                47.987292277614856
            ]
        }
    ],
    "6": [
        {
            "F1": [
                38.15836940836941
            ]
        }
    ],
    "7": [
        {
            "F1": [
                36.20025556772545
            ]
        }
    ],
    "8": [
        {
            "F1": [
                44.729534911437895
            ]
        }
    ],
    "9": [
        {
            "F1": [
                49.04263220439691
            ]
        }
    ],
    "10": [
        {
            "F1": [
                38.20547331481357
            ]
        }
    ],
    "average f1": [
        41.15263508866395
    ]
}