{
    "1": [
        {
            "F1": [
                17.856092684074337
            ]
        }
    ],
    "2": [
        {
            "F1": [
                24.458204334365323
            ]
        }
    ],
    "3": [
        {
            "F1": [
                18.937990117090987
            ]
        }
    ],
    "4": [
        {
            "F1": [
                15.609087348217782
            ]
        }
    ],
    "5": [
        {
            "F1": [
                24.947151757899423
            ]
        }
    ],
    "6": [
        {
            "F1": [
                19.484760522496373
            ]
        }
    ],
    "7": [
        {
            "F1": [
                17.961711711711715
            ]
        }
    ],
    "8": [
        {
            "F1": [
                24.721153846153847
            ]
        }
    ],
    "9": [
        {
            "F1": [
                17.961711711711715
            ]
        }
    ],
    "10": [
        {
            "F1": [
                23.249534119099337
            ]
        }
    ],
    "average f1": [
        20.518739815282082
    ]
}