{
    "1": [
        {
            "t_F1": [
                96.62012932259184
            ],
            "e_F1": [
                56.53999900356062
            ],
            "epoch": [
                13
            ]
        }
    ],
    "2": [
        {
            "t_F1": [
                97.661107506944
            ],
            "e_F1": [
                54.64460636982312
            ],
            "epoch": [
                14
            ]
        }
    ],
    "3": [
        {
            "t_F1": [
                99.37030679635764
            ],
            "e_F1": [
                57.16958651427563
            ],
            "epoch": [
                13
            ]
        }
    ],
    "4": [
        {
            "t_F1": [
                96.81522787304515
            ],
            "e_F1": [
                55.7446509017362
            ],
            "epoch": [
                13
            ]
        }
    ],
    "5": [
        {
            "t_F1": [
                97.46416901187153
            ],
            "e_F1": [
                58.300752050966345
            ],
            "epoch": [
                14
            ]
        }
    ],
    "6": [
        {
            "t_F1": [
                99.5769878326592
            ],
            "e_F1": [
                58.93874348621082
            ],
            "epoch": [
                13
            ]
        }
    ],
    "7": [
        {
            "t_F1": [
                97.65565030962567
            ],
            "e_F1": [
                59.7970677970678
            ],
            "epoch": [
                14
            ]
        }
    ],
    "8": [
        {
            "t_F1": [
                100.0
            ],
            "e_F1": [
                60.04420261881817
            ],
            "epoch": [
                13
            ]
        }
    ],
    "9": [
        {
            "t_F1": [
                97.8886584936123
            ],
            "e_F1": [
                59.53331344269902
            ],
            "epoch": [
                14
            ]
        }
    ],
    "10": [
        {
            "t_F1": [
                96.82205025571696
            ],
            "e_F1": [
                46.5081677432705
            ],
            "epoch": [
                13
            ]
        }
    ],
    "average f1": [
        56.722108992842834
    ]
}