{
    "1": [
        {
            "t_F1": [
                78.88902411099082
            ],
            "e_F1": [
                58.32364630346035
            ],
            "epoch": [
                28
            ]
        }
    ],
    "2": [
        {
            "t_F1": [
                83.69398260212304
            ],
            "e_F1": [
                58.640302457672
            ],
            "epoch": [
                35
            ]
        }
    ],
    "3": [
        {
            "t_F1": [
                83.28573425324942
            ],
            "e_F1": [
                55.95342242869761
            ],
            "epoch": [
                27
            ]
        }
    ],
    "4": [
        {
            "t_F1": [
                80.67265256888689
            ],
            "e_F1": [
                61.40757443038811
            ],
            "epoch": [
                35
            ]
        }
    ],
    "5": [
        {
            "t_F1": [
                81.13400536426025
            ],
            "e_F1": [
                60.325017457814226
            ],
            "epoch": [
                33
            ]
        }
    ],
    "6": [
        {
            "t_F1": [
                81.3219357151546
            ],
            "e_F1": [
                61.722523018747836
            ],
            "epoch": [
                33
            ]
        }
    ],
    "7": [
        {
            "t_F1": [
                86.64040877155632
            ],
            "e_F1": [
                58.863702579641256
            ],
            "epoch": [
                36
            ]
        }
    ],
    "8": [
        {
            "t_F1": [
                82.08519863307976
            ],
            "e_F1": [
                59.03274025708885
            ],
            "epoch": [
                27
            ]
        }
    ],
    "9": [
        {
            "t_F1": [
                85.58267392606606
            ],
            "e_F1": [
                58.57802902793787
            ],
            "epoch": [
                28
            ]
        }
    ],
    "10": [
        {
            "t_F1": [
                83.27064722244218
            ],
            "e_F1": [
                60.44212856171891
            ],
            "epoch": [
                35
            ]
        }
    ],
    "average f1": [
        59.32890865231671
    ]
}