{
    "1": [
        {
            "t_F1": [
                86.84569918194371
            ],
            "e_F1": [
                56.645326619577155
            ],
            "epoch": [
                36
            ]
        }
    ],
    "2": [
        {
            "t_F1": [
                83.46673335015802
            ],
            "e_F1": [
                62.857859891236004
            ],
            "epoch": [
                32
            ]
        }
    ],
    "3": [
        {
            "t_F1": [
                80.88644597942518
            ],
            "e_F1": [
                58.31477297344807
            ],
            "epoch": [
                28
            ]
        }
    ],
    "4": [
        {
            "t_F1": [
                87.3368794576567
            ],
            "e_F1": [
                61.223811237967695
            ],
            "epoch": [
                29
            ]
        }
    ],
    "5": [
        {
            "t_F1": [
                85.59769532469014
            ],
            "e_F1": [
                63.68025610842469
            ],
            "epoch": [
                35
            ]
        }
    ],
    "6": [
        {
            "t_F1": [
                82.19696388326564
            ],
            "e_F1": [
                57.29300949696532
            ],
            "epoch": [
                30
            ]
        }
    ],
    "7": [
        {
            "t_F1": [
                90.46268912054511
            ],
            "e_F1": [
                60.16864089995002
            ],
            "epoch": [
                36
            ]
        }
    ],
    "8": [
        {
            "t_F1": [
                86.00455524003252
            ],
            "e_F1": [
                61.02871476832787
            ],
            "epoch": [
                28
            ]
        }
    ],
    "9": [
        {
            "t_F1": [
                84.08125549362116
            ],
            "e_F1": [
                60.231834504833245
            ],
            "epoch": [
                28
            ]
        }
    ],
    "10": [
        {
            "t_F1": [
                83.48785429580981
            ],
            "e_F1": [
                61.06244830961906
            ],
            "epoch": [
                34
            ]
        }
    ],
    "average f1": [
        60.25066748103492
    ]
}