{
    "1": [
        {
            "t_F1": [
                82.50321614433345
            ],
            "e_F1": [
                61.15959293615705
            ],
            "epoch": [
                32
            ]
        }
    ],
    "2": [
        {
            "t_F1": [
                86.19494861576321
            ],
            "e_F1": [
                60.540255072418816
            ],
            "epoch": [
                36
            ]
        }
    ],
    "3": [
        {
            "t_F1": [
                87.68391182374819
            ],
            "e_F1": [
                58.30451171360262
            ],
            "epoch": [
                38
            ]
        }
    ],
    "4": [
        {
            "t_F1": [
                87.73706478204181
            ],
            "e_F1": [
                63.45515336530033
            ],
            "epoch": [
                45
            ]
        }
    ],
    "5": [
        {
            "t_F1": [
                86.40478600637964
            ],
            "e_F1": [
                60.422054137495785
            ],
            "epoch": [
                34
            ]
        }
    ],
    "6": [
        {
            "t_F1": [
                85.06595002932774
            ],
            "e_F1": [
                63.376457164968556
            ],
            "epoch": [
                33
            ]
        }
    ],
    "7": [
        {
            "t_F1": [
                87.09831991753211
            ],
            "e_F1": [
                63.19001688946542
            ],
            "epoch": [
                35
            ]
        }
    ],
    "8": [
        {
            "t_F1": [
                87.11466672493262
            ],
            "e_F1": [
                60.11181747866973
            ],
            "epoch": [
                36
            ]
        }
    ],
    "9": [
        {
            "t_F1": [
                90.29238993314475
            ],
            "e_F1": [
                61.32729244530487
            ],
            "epoch": [
                39
            ]
        }
    ],
    "10": [
        {
            "t_F1": [
                86.36893197054103
            ],
            "e_F1": [
                59.65051607657452
            ],
            "epoch": [
                40
            ]
        }
    ],
    "average f1": [
        61.153766727995766
    ]
}