{
    "1": [
        {
            "t_F1": [
                92.98378345499032
            ],
            "e_F1": [
                55.263723855545386
            ],
            "epoch": [
                9
            ]
        }
    ],
    "2": [
        {
            "t_F1": [
                90.53977370970834
            ],
            "e_F1": [
                48.56250240420763
            ],
            "epoch": [
                8
            ]
        }
    ],
    "3": [
        {
            "t_F1": [
                96.41239392521261
            ],
            "e_F1": [
                51.813135953709256
            ],
            "epoch": [
                8
            ]
        }
    ],
    "4": [
        {
            "t_F1": [
                95.97853958178116
            ],
            "e_F1": [
                58.71827853388435
            ],
            "epoch": [
                9
            ]
        }
    ],
    "5": [
        {
            "t_F1": [
                97.2511007778382
            ],
            "e_F1": [
                53.543732654958696
            ],
            "epoch": [
                9
            ]
        }
    ],
    "6": [
        {
            "t_F1": [
                93.84349019832197
            ],
            "e_F1": [
                58.54152642476824
            ],
            "epoch": [
                9
            ]
        }
    ],
    "7": [
        {
            "t_F1": [
                94.26812288073643
            ],
            "e_F1": [
                54.67977855261093
            ],
            "epoch": [
                9
            ]
        }
    ],
    "8": [
        {
            "t_F1": [
                90.894766088041
            ],
            "e_F1": [
                58.11572249638072
            ],
            "epoch": [
                10
            ]
        }
    ],
    "9": [
        {
            "t_F1": [
                92.83860998777618
            ],
            "e_F1": [
                46.25873340191892
            ],
            "epoch": [
                8
            ]
        }
    ],
    "10": [
        {
            "t_F1": [
                94.50215247428872
            ],
            "e_F1": [
                58.45952814403179
            ],
            "epoch": [
                9
            ]
        }
    ],
    "average f1": [
        54.39566624220159
    ]
}