{
    "1": [
        {
            "t_F1": [
                100.0
            ],
            "e_F1": [
                59.88994765494849
            ],
            "epoch": [
                18
            ]
        }
    ],
    "2": [
        {
            "t_F1": [
                100.0
            ],
            "e_F1": [
                59.00043889415717
            ],
            "epoch": [
                19
            ]
        }
    ],
    "3": [
        {
            "t_F1": [
                100.0
            ],
            "e_F1": [
                58.86677189424425
            ],
            "epoch": [
                19
            ]
        }
    ],
    "4": [
        {
            "t_F1": [
                100.0
            ],
            "e_F1": [
                59.9040062867497
            ],
            "epoch": [
                19
            ]
        }
    ],
    "5": [
        {
            "t_F1": [
                100.0
            ],
            "e_F1": [
                59.33137143616547
            ],
            "epoch": [
                23
            ]
        }
    ],
    "6": [
        {
            "t_F1": [
                99.58484931968037
            ],
            "e_F1": [
                58.32219606953119
            ],
            "epoch": [
                18
            ]
        }
    ],
    "7": [
        {
            "t_F1": [
                99.78723404255318
            ],
            "e_F1": [
                62.492724437551075
            ],
            "epoch": [
                19
            ]
        }
    ],
    "8": [
        {
            "t_F1": [
                100.0
            ],
            "e_F1": [
                60.181012884973015
            ],
            "epoch": [
                18
            ]
        }
    ],
    "9": [
        {
            "t_F1": [
                100.0
            ],
            "e_F1": [
                58.886972779635826
            ],
            "epoch": [
                18
            ]
        }
    ],
    "10": [
        {
            "t_F1": [
                100.0
            ],
            "e_F1": [
                58.596823555508074
            ],
            "epoch": [
                19
            ]
        }
    ],
    "average f1": [
        59.54722658934643
    ]
}