{
    "1": [
        {
            "t_F1": [
                93.81387723325909
            ],
            "e_F1": [
                53.12789133360148
            ],
            "epoch": [
                13
            ]
        }
    ],
    "2": [
        {
            "t_F1": [
                100.0
            ],
            "e_F1": [
                58.04629962286255
            ],
            "epoch": [
                14
            ]
        }
    ],
    "3": [
        {
            "t_F1": [
                100.0
            ],
            "e_F1": [
                52.96879935721256
            ],
            "epoch": [
                14
            ]
        }
    ],
    "4": [
        {
            "t_F1": [
                99.79148928776216
            ],
            "e_F1": [
                59.737925607320165
            ],
            "epoch": [
                13
            ]
        }
    ],
    "5": [
        {
            "t_F1": [
                97.66084324152769
            ],
            "e_F1": [
                54.34976249475183
            ],
            "epoch": [
                14
            ]
        }
    ],
    "6": [
        {
            "t_F1": [
                98.07975993781606
            ],
            "e_F1": [
                55.069998020534975
            ],
            "epoch": [
                14
            ]
        }
    ],
    "7": [
        {
            "t_F1": [
                91.9392908678623
            ],
            "e_F1": [
                57.46339248749642
            ],
            "epoch": [
                13
            ]
        }
    ],
    "8": [
        {
            "t_F1": [
                97.2371740958789
            ],
            "e_F1": [
                56.75985945549458
            ],
            "epoch": [
                13
            ]
        }
    ],
    "9": [
        {
            "t_F1": [
                97.66545136809796
            ],
            "e_F1": [
                54.523577048710905
            ],
            "epoch": [
                15
            ]
        }
    ],
    "10": [
        {
            "t_F1": [
                98.09720820281844
            ],
            "e_F1": [
                60.166412646462696
            ],
            "epoch": [
                14
            ]
        }
    ],
    "average f1": [
        56.22139180744482
    ]
}