{
    "1": [
        {
            "t_F1": [
                88.7293761944193
            ],
            "e_F1": [
                56.600789788499995
            ],
            "epoch": [
                37
            ]
        }
    ],
    "2": [
        {
            "t_F1": [
                90.85618793023241
            ],
            "e_F1": [
                57.78111700278642
            ],
            "epoch": [
                39
            ]
        }
    ],
    "3": [
        {
            "t_F1": [
                90.89566852476688
            ],
            "e_F1": [
                59.205527137913464
            ],
            "epoch": [
                36
            ]
        }
    ],
    "4": [
        {
            "t_F1": [
                88.16806571085948
            ],
            "e_F1": [
                60.68523447581449
            ],
            "epoch": [
                40
            ]
        }
    ],
    "5": [
        {
            "t_F1": [
                94.07389237746379
            ],
            "e_F1": [
                59.23993558776167
            ],
            "epoch": [
                38
            ]
        }
    ],
    "6": [
        {
            "t_F1": [
                87.4725579062499
            ],
            "e_F1": [
                59.757465451991585
            ],
            "epoch": [
                42
            ]
        }
    ],
    "7": [
        {
            "t_F1": [
                91.12442027329139
            ],
            "e_F1": [
                58.560964247580905
            ],
            "epoch": [
                44
            ]
        }
    ],
    "8": [
        {
            "t_F1": [
                87.8247162098214
            ],
            "e_F1": [
                60.60933275338971
            ],
            "epoch": [
                36
            ]
        }
    ],
    "9": [
        {
            "t_F1": [
                92.98727749727017
            ],
            "e_F1": [
                58.895322700391695
            ],
            "epoch": [
                43
            ]
        }
    ],
    "10": [
        {
            "t_F1": [
                92.57124289269528
            ],
            "e_F1": [
                56.40513088029835
            ],
            "epoch": [
                42
            ]
        }
    ],
    "average f1": [
        58.77408200264283
    ]
}