{
    "1": [
        {
            "t_F1": [
                77.69343617664852
            ],
            "e_F1": [
                56.73981801178718
            ],
            "epoch": [
                27
            ]
        }
    ],
    "2": [
        {
            "t_F1": [
                79.56107894692437
            ],
            "e_F1": [
                61.261140537369485
            ],
            "epoch": [
                27
            ]
        }
    ],
    "3": [
        {
            "t_F1": [
                85.34986439852022
            ],
            "e_F1": [
                55.82841148009049
            ],
            "epoch": [
                35
            ]
        }
    ],
    "4": [
        {
            "t_F1": [
                83.18473515211906
            ],
            "e_F1": [
                62.26108091769921
            ],
            "epoch": [
                32
            ]
        }
    ],
    "5": [
        {
            "t_F1": [
                85.3571039864132
            ],
            "e_F1": [
                60.176534163178744
            ],
            "epoch": [
                30
            ]
        }
    ],
    "6": [
        {
            "t_F1": [
                82.98014500206376
            ],
            "e_F1": [
                57.94489388382276
            ],
            "epoch": [
                30
            ]
        }
    ],
    "7": [
        {
            "t_F1": [
                81.00344139539054
            ],
            "e_F1": [
                59.799009936295676
            ],
            "epoch": [
                32
            ]
        }
    ],
    "8": [
        {
            "t_F1": [
                81.72515733761317
            ],
            "e_F1": [
                61.09658909983082
            ],
            "epoch": [
                27
            ]
        }
    ],
    "9": [
        {
            "t_F1": [
                83.54419314937635
            ],
            "e_F1": [
                61.62760879254326
            ],
            "epoch": [
                29
            ]
        }
    ],
    "10": [
        {
            "t_F1": [
                81.28172155095265
            ],
            "e_F1": [
                61.944630351990504
            ],
            "epoch": [
                28
            ]
        }
    ],
    "average f1": [
        59.86797171746082
    ]
}