{
    "1": [
        {
            "t_F1": [
                98.08527011115575
            ],
            "e_F1": [
                55.07720922428966
            ],
            "epoch": [
                14
            ]
        }
    ],
    "2": [
        {
            "t_F1": [
                98.29849446310813
            ],
            "e_F1": [
                58.692509707254615
            ],
            "epoch": [
                14
            ]
        }
    ],
    "3": [
        {
            "t_F1": [
                97.88166804238065
            ],
            "e_F1": [
                57.37877278592233
            ],
            "epoch": [
                13
            ]
        }
    ],
    "4": [
        {
            "t_F1": [
                99.15203827104584
            ],
            "e_F1": [
                61.49812748064916
            ],
            "epoch": [
                13
            ]
        }
    ],
    "5": [
        {
            "t_F1": [
                98.0856858770413
            ],
            "e_F1": [
                50.990705758344504
            ],
            "epoch": [
                14
            ]
        }
    ],
    "6": [
        {
            "t_F1": [
                99.78540772532189
            ],
            "e_F1": [
                57.67702630276749
            ],
            "epoch": [
                15
            ]
        }
    ],
    "7": [
        {
            "t_F1": [
                99.15137680535217
            ],
            "e_F1": [
                59.27947530912731
            ],
            "epoch": [
                14
            ]
        }
    ],
    "8": [
        {
            "t_F1": [
                95.780293750327
            ],
            "e_F1": [
                55.016084370114434
            ],
            "epoch": [
                13
            ]
        }
    ],
    "9": [
        {
            "t_F1": [
                99.78632088393753
            ],
            "e_F1": [
                56.02519111157558
            ],
            "epoch": [
                14
            ]
        }
    ],
    "10": [
        {
            "t_F1": [
                97.88760315686685
            ],
            "e_F1": [
                56.13420408400995
            ],
            "epoch": [
                14
            ]
        }
    ],
    "average f1": [
        56.7769306134055
    ]
}