{
    "1": [
        {
            "t_F1": [
                89.62073942020587
            ],
            "e_F1": [
                57.54344419060391
            ],
            "epoch": [
                41
            ]
        }
    ],
    "2": [
        {
            "t_F1": [
                89.42637262016594
            ],
            "e_F1": [
                60.21550300808458
            ],
            "epoch": [
                34
            ]
        }
    ],
    "3": [
        {
            "t_F1": [
                82.27600160041008
            ],
            "e_F1": [
                57.86135119826709
            ],
            "epoch": [
                32
            ]
        }
    ],
    "4": [
        {
            "t_F1": [
                87.4836853806649
            ],
            "e_F1": [
                59.22059638175779
            ],
            "epoch": [
                33
            ]
        }
    ],
    "5": [
        {
            "t_F1": [
                90.19372384500731
            ],
            "e_F1": [
                62.97977736815178
            ],
            "epoch": [
                35
            ]
        }
    ],
    "6": [
        {
            "t_F1": [
                85.15556636089615
            ],
            "e_F1": [
                58.45804204405896
            ],
            "epoch": [
                32
            ]
        }
    ],
    "7": [
        {
            "t_F1": [
                88.32693155937844
            ],
            "e_F1": [
                59.512610092256324
            ],
            "epoch": [
                36
            ]
        }
    ],
    "8": [
        {
            "t_F1": [
                83.24690613604386
            ],
            "e_F1": [
                58.309777411735666
            ],
            "epoch": [
                34
            ]
        }
    ],
    "9": [
        {
            "t_F1": [
                88.11797370880313
            ],
            "e_F1": [
                59.20431732001804
            ],
            "epoch": [
                38
            ]
        }
    ],
    "10": [
        {
            "t_F1": [
                89.183824213141
            ],
            "e_F1": [
                59.52095232122401
            ],
            "epoch": [
                36
            ]
        }
    ],
    "average f1": [
        59.28263713361582
    ]
}