{
    "1": [
        {
            "t_F1": [
                95.10837671319563
            ],
            "e_F1": [
                59.14780118233838
            ],
            "epoch": [
                10
            ]
        }
    ],
    "2": [
        {
            "t_F1": [
                95.55343920387878
            ],
            "e_F1": [
                56.2881495090277
            ],
            "epoch": [
                9
            ]
        }
    ],
    "3": [
        {
            "t_F1": [
                95.32791398313253
            ],
            "e_F1": [
                60.06288567159359
            ],
            "epoch": [
                9
            ]
        }
    ],
    "4": [
        {
            "t_F1": [
                96.19710228013052
            ],
            "e_F1": [
                56.31213945649153
            ],
            "epoch": [
                8
            ]
        }
    ],
    "5": [
        {
            "t_F1": [
                94.89386090294624
            ],
            "e_F1": [
                58.54599809031769
            ],
            "epoch": [
                9
            ]
        }
    ],
    "6": [
        {
            "t_F1": [
                92.41132288519862
            ],
            "e_F1": [
                60.41974125586616
            ],
            "epoch": [
                8
            ]
        }
    ],
    "7": [
        {
            "t_F1": [
                92.10574671377914
            ],
            "e_F1": [
                58.76629819946299
            ],
            "epoch": [
                8
            ]
        }
    ],
    "8": [
        {
            "t_F1": [
                93.23109629226602
            ],
            "e_F1": [
                58.85191575115588
            ],
            "epoch": [
                8
            ]
        }
    ],
    "9": [
        {
            "t_F1": [
                95.1315882895889
            ],
            "e_F1": [
                52.15568380397433
            ],
            "epoch": [
                9
            ]
        }
    ],
    "10": [
        {
            "t_F1": [
                89.38026946123995
            ],
            "e_F1": [
                55.94004063937744
            ],
            "epoch": [
                9
            ]
        }
    ],
    "average f1": [
        57.649065355960566
    ]
}