{
    "1": [
        {
            "t_F1": [
                86.79838811079608
            ],
            "e_F1": [
                62.277448088026034
            ],
            "epoch": [
                40
            ]
        }
    ],
    "2": [
        {
            "t_F1": [
                89.7670511126244
            ],
            "e_F1": [
                62.1067236685507
            ],
            "epoch": [
                39
            ]
        }
    ],
    "3": [
        {
            "t_F1": [
                87.43493985376209
            ],
            "e_F1": [
                58.96584929843023
            ],
            "epoch": [
                39
            ]
        }
    ],
    "4": [
        {
            "t_F1": [
                90.88608693902499
            ],
            "e_F1": [
                63.233035619623514
            ],
            "epoch": [
                46
            ]
        }
    ],
    "5": [
        {
            "t_F1": [
                93.60373231909091
            ],
            "e_F1": [
                60.331498566792696
            ],
            "epoch": [
                41
            ]
        }
    ],
    "6": [
        {
            "t_F1": [
                88.14409230152717
            ],
            "e_F1": [
                60.74172117117143
            ],
            "epoch": [
                41
            ]
        }
    ],
    "7": [
        {
            "t_F1": [
                91.51790001228474
            ],
            "e_F1": [
                62.6351773493532
            ],
            "epoch": [
                40
            ]
        }
    ],
    "8": [
        {
            "t_F1": [
                92.1318456367766
            ],
            "e_F1": [
                62.234122000872375
            ],
            "epoch": [
                38
            ]
        }
    ],
    "9": [
        {
            "t_F1": [
                90.24635303178107
            ],
            "e_F1": [
                64.21448400364896
            ],
            "epoch": [
                42
            ]
        }
    ],
    "10": [
        {
            "t_F1": [
                85.13115606062516
            ],
            "e_F1": [
                63.01756002490288
            ],
            "epoch": [
                37
            ]
        }
    ],
    "average f1": [
        61.975761979137204
    ]
}