{
    "1": [
        {
            "t_F1": [
                63.719249037145985
            ],
            "e_F1": [
                52.390335482531555
            ],
            "epoch": [
                317
            ]
        }
    ],
    "2": [
        {
            "t_F1": [
                67.68447855472145
            ],
            "e_F1": [
                52.21529354308292
            ],
            "epoch": [
                333
            ]
        }
    ],
    "3": [
        {
            "t_F1": [
                65.51619605118833
            ],
            "e_F1": [
                53.026307678438464
            ],
            "epoch": [
                348
            ]
        }
    ],
    "4": [
        {
            "t_F1": [
                65.49768858507001
            ],
            "e_F1": [
                56.06645818410524
            ],
            "epoch": [
                342
            ]
        }
    ],
    "5": [
        {
            "t_F1": [
                63.99265458021812
            ],
            "e_F1": [
                49.928490887708016
            ],
            "epoch": [
                302
            ]
        }
    ],
    "6": [
        {
            "t_F1": [
                65.18587882426705
            ],
            "e_F1": [
                53.97346163933576
            ],
            "epoch": [
                389
            ]
        }
    ],
    "7": [
        {
            "t_F1": [
                63.8034178429081
            ],
            "e_F1": [
                50.198261078118776
            ],
            "epoch": [
                303
            ]
        }
    ],
    "8": [
        {
            "t_F1": [
                67.40719792111965
            ],
            "e_F1": [
                53.397130697670214
            ],
            "epoch": [
                321
            ]
        }
    ],
    "9": [
        {
            "t_F1": [
                64.32833808997016
            ],
            "e_F1": [
                53.458181080565645
            ],
            "epoch": [
                362
            ]
        }
    ],
    "10": [
        {
            "t_F1": [
                64.65848657029267
            ],
            "e_F1": [
                54.78945747649242
            ],
            "epoch": [
                352
            ]
        }
    ],
    "average f1": [
        52.9443377748049
    ]
}