{
    "1": [
        {
            "t_F1": [
                66.09817061660563
            ],
            "e_F1": [
                49.41317542892061
            ],
            "epoch": [
                205
            ]
        }
    ],
    "2": [
        {
            "t_F1": [
                67.23252494000317
            ],
            "e_F1": [
                55.634045123689035
            ],
            "epoch": [
                236
            ]
        }
    ],
    "3": [
        {
            "t_F1": [
                65.356929153808
            ],
            "e_F1": [
                53.44556520834104
            ],
            "epoch": [
                209
            ]
        }
    ],
    "4": [
        {
            "t_F1": [
                70.009706581688
            ],
            "e_F1": [
                54.340366581415175
            ],
            "epoch": [
                218
            ]
        }
    ],
    "5": [
        {
            "t_F1": [
                62.615024882253614
            ],
            "e_F1": [
                50.9705601601788
            ],
            "epoch": [
                189
            ]
        }
    ],
    "6": [
        {
            "t_F1": [
                64.3680213530307
            ],
            "e_F1": [
                57.84377586413624
            ],
            "epoch": [
                219
            ]
        }
    ],
    "7": [
        {
            "t_F1": [
                63.24022202159083
            ],
            "e_F1": [
                50.56616351471644
            ],
            "epoch": [
                216
            ]
        }
    ],
    "8": [
        {
            "t_F1": [
                62.705697444963285
            ],
            "e_F1": [
                49.93408629351196
            ],
            "epoch": [
                152
            ]
        }
    ],
    "9": [
        {
            "t_F1": [
                69.1044196581522
            ],
            "e_F1": [
                56.81422924901185
            ],
            "epoch": [
                230
            ]
        }
    ],
    "10": [
        {
            "t_F1": [
                69.96914882724883
            ],
            "e_F1": [
                57.03944424656277
            ],
            "epoch": [
                238
            ]
        }
    ],
    "average f1": [
        53.6001411670484
    ]
}