{
    "1": [
        {
            "t_F1": [
                62.47174769256746
            ],
            "e_F1": [
                47.83324784236038
            ],
            "epoch": [
                317
            ]
        }
    ],
    "2": [
        {
            "t_F1": [
                64.90239367308554
            ],
            "e_F1": [
                53.99071164877879
            ],
            "epoch": [
                364
            ]
        }
    ],
    "3": [
        {
            "t_F1": [
                65.46136526236045
            ],
            "e_F1": [
                53.54572061509306
            ],
            "epoch": [
                332
            ]
        }
    ],
    "4": [
        {
            "t_F1": [
                57.629796227677886
            ],
            "e_F1": [
                50.74624203049092
            ],
            "epoch": [
                310
            ]
        }
    ],
    "5": [
        {
            "t_F1": [
                56.3105919864293
            ],
            "e_F1": [
                46.28875492742632
            ],
            "epoch": [
                258
            ]
        }
    ],
    "6": [
        {
            "t_F1": [
                64.520122762606
            ],
            "e_F1": [
                51.03296553116549
            ],
            "epoch": [
                355
            ]
        }
    ],
    "7": [
        {
            "t_F1": [
                62.94450457630374
            ],
            "e_F1": [
                51.672154340455
            ],
            "epoch": [
                355
            ]
        }
    ],
    "8": [
        {
            "t_F1": [
                63.784246271557386
            ],
            "e_F1": [
                49.809393221157926
            ],
            "epoch": [
                330
            ]
        }
    ],
    "9": [
        {
            "t_F1": [
                63.40255572611492
            ],
            "e_F1": [
                51.51887234456356
            ],
            "epoch": [
                305
            ]
        }
    ],
    "10": [
        {
            "t_F1": [
                60.97651745448359
            ],
            "e_F1": [
                53.39463572848827
            ],
            "epoch": [
                353
            ]
        }
    ],
    "average f1": [
        50.98326982299797
    ]
}