{
    "1": [
        {
            "t_F1": [
                66.60299415583002
            ],
            "e_F1": [
                50.591609409897046
            ],
            "epoch": [
                205
            ]
        }
    ],
    "2": [
        {
            "t_F1": [
                68.50867221906991
            ],
            "e_F1": [
                56.55211606092342
            ],
            "epoch": [
                240
            ]
        }
    ],
    "3": [
        {
            "t_F1": [
                67.9457683755099
            ],
            "e_F1": [
                53.531369991593046
            ],
            "epoch": [
                257
            ]
        }
    ],
    "4": [
        {
            "t_F1": [
                65.32762357660455
            ],
            "e_F1": [
                55.42911010558069
            ],
            "epoch": [
                221
            ]
        }
    ],
    "5": [
        {
            "t_F1": [
                63.37111307139005
            ],
            "e_F1": [
                54.200853430228
            ],
            "epoch": [
                197
            ]
        }
    ],
    "6": [
        {
            "t_F1": [
                65.3058488034561
            ],
            "e_F1": [
                53.262836125038426
            ],
            "epoch": [
                230
            ]
        }
    ],
    "7": [
        {
            "t_F1": [
                64.16620216504488
            ],
            "e_F1": [
                52.48721949397599
            ],
            "epoch": [
                213
            ]
        }
    ],
    "8": [
        {
            "t_F1": [
                67.20450243718471
            ],
            "e_F1": [
                54.273957638730586
            ],
            "epoch": [
                221
            ]
        }
    ],
    "9": [
        {
            "t_F1": [
                68.48982035306403
            ],
            "e_F1": [
                55.227562880970595
            ],
            "epoch": [
                252
            ]
        }
    ],
    "10": [
        {
            "t_F1": [
                68.4855848808471
            ],
            "e_F1": [
                53.689135645315154
            ],
            "epoch": [
                202
            ]
        }
    ],
    "average f1": [
        53.92457707822528
    ]
}