{
    "1": [
        {
            "t_F1": [
                64.97137337928665
            ],
            "e_F1": [
                51.7939193822778
            ],
            "epoch": [
                298
            ]
        }
    ],
    "2": [
        {
            "t_F1": [
                62.395054973240086
            ],
            "e_F1": [
                53.37163235143686
            ],
            "epoch": [
                299
            ]
        }
    ],
    "3": [
        {
            "t_F1": [
                64.1028118564499
            ],
            "e_F1": [
                49.783340990036415
            ],
            "epoch": [
                301
            ]
        }
    ],
    "4": [
        {
            "t_F1": [
                69.64469969776704
            ],
            "e_F1": [
                57.015382521357616
            ],
            "epoch": [
                318
            ]
        }
    ],
    "5": [
        {
            "t_F1": [
                62.20780776727839
            ],
            "e_F1": [
                50.12116846499662
            ],
            "epoch": [
                269
            ]
        }
    ],
    "6": [
        {
            "t_F1": [
                69.32027063273539
            ],
            "e_F1": [
                51.25066429294816
            ],
            "epoch": [
                363
            ]
        }
    ],
    "7": [
        {
            "t_F1": [
                66.44931580692327
            ],
            "e_F1": [
                53.597542310197476
            ],
            "epoch": [
                264
            ]
        }
    ],
    "8": [
        {
            "t_F1": [
                63.74659306988097
            ],
            "e_F1": [
                51.299713631529386
            ],
            "epoch": [
                268
            ]
        }
    ],
    "9": [
        {
            "t_F1": [
                65.92998864921846
            ],
            "e_F1": [
                52.27765749151975
            ],
            "epoch": [
                284
            ]
        }
    ],
    "10": [
        {
            "t_F1": [
                65.42525191758159
            ],
            "e_F1": [
                53.82005811406992
            ],
            "epoch": [
                285
            ]
        }
    ],
    "average f1": [
        52.433107955036995
    ]
}