{
    "1": [
        {
            "t_F1": [
                63.06631586804
            ],
            "e_F1": [
                49.35385815554526
            ],
            "epoch": [
                268
            ]
        }
    ],
    "2": [
        {
            "t_F1": [
                62.66160234275351
            ],
            "e_F1": [
                52.69654530624609
            ],
            "epoch": [
                307
            ]
        }
    ],
    "3": [
        {
            "t_F1": [
                67.68753577974395
            ],
            "e_F1": [
                52.267388307896724
            ],
            "epoch": [
                359
            ]
        }
    ],
    "4": [
        {
            "t_F1": [
                70.94933943779002
            ],
            "e_F1": [
                54.754209326955674
            ],
            "epoch": [
                343
            ]
        }
    ],
    "5": [
        {
            "t_F1": [
                67.22291424437859
            ],
            "e_F1": [
                49.995446960624825
            ],
            "epoch": [
                325
            ]
        }
    ],
    "6": [
        {
            "t_F1": [
                67.11563943011353
            ],
            "e_F1": [
                55.03528000077886
            ],
            "epoch": [
                348
            ]
        }
    ],
    "7": [
        {
            "t_F1": [
                64.31488868274582
            ],
            "e_F1": [
                49.233343772865894
            ],
            "epoch": [
                277
            ]
        }
    ],
    "8": [
        {
            "t_F1": [
                67.67006226870431
            ],
            "e_F1": [
                54.900299376875125
            ],
            "epoch": [
                363
            ]
        }
    ],
    "9": [
        {
            "t_F1": [
                63.56773204414468
            ],
            "e_F1": [
                51.35573410912973
            ],
            "epoch": [
                306
            ]
        }
    ],
    "10": [
        {
            "t_F1": [
                68.16038299813833
            ],
            "e_F1": [
                52.87514073228359
            ],
            "epoch": [
                337
            ]
        }
    ],
    "average f1": [
        52.246724604920175
    ]
}