{
    "1": [
        {
            "t_F1": [
                63.84441268966386
            ],
            "e_F1": [
                50.81969758310141
            ],
            "epoch": [
                307
            ]
        }
    ],
    "2": [
        {
            "t_F1": [
                62.65770208506889
            ],
            "e_F1": [
                52.06468488406776
            ],
            "epoch": [
                309
            ]
        }
    ],
    "3": [
        {
            "t_F1": [
                61.68183658686153
            ],
            "e_F1": [
                50.95209222327941
            ],
            "epoch": [
                289
            ]
        }
    ],
    "4": [
        {
            "t_F1": [
                60.80267673893173
            ],
            "e_F1": [
                51.715915436588325
            ],
            "epoch": [
                250
            ]
        }
    ],
    "5": [
        {
            "t_F1": [
                64.65261911464444
            ],
            "e_F1": [
                50.022112483760225
            ],
            "epoch": [
                296
            ]
        }
    ],
    "6": [
        {
            "t_F1": [
                64.847110495497
            ],
            "e_F1": [
                52.12908677555143
            ],
            "epoch": [
                316
            ]
        }
    ],
    "7": [
        {
            "t_F1": [
                64.56552448565634
            ],
            "e_F1": [
                48.10572655132076
            ],
            "epoch": [
                293
            ]
        }
    ],
    "8": [
        {
            "t_F1": [
                55.96648217045698
            ],
            "e_F1": [
                51.06672438006772
            ],
            "epoch": [
                265
            ]
        }
    ],
    "9": [
        {
            "t_F1": [
                62.74990816636018
            ],
            "e_F1": [
                47.89201966566542
            ],
            "epoch": [
                328
            ]
        }
    ],
    "10": [
        {
            "t_F1": [
                67.51033831474828
            ],
            "e_F1": [
                52.215720184612415
            ],
            "epoch": [
                325
            ]
        }
    ],
    "average f1": [
        50.698378016801485
    ]
}