{
    "1": [
        {
            "t_F1": [
                58.05770500990456
            ],
            "e_F1": [
                47.69977767562541
            ],
            "epoch": [
                210
            ]
        }
    ],
    "2": [
        {
            "t_F1": [
                65.60572836244573
            ],
            "e_F1": [
                51.36106226893895
            ],
            "epoch": [
                240
            ]
        }
    ],
    "3": [
        {
            "t_F1": [
                62.272231611428175
            ],
            "e_F1": [
                53.4626495616659
            ],
            "epoch": [
                218
            ]
        }
    ],
    "4": [
        {
            "t_F1": [
                61.94106540651742
            ],
            "e_F1": [
                49.96480445502602
            ],
            "epoch": [
                257
            ]
        }
    ],
    "5": [
        {
            "t_F1": [
                52.57325320681117
            ],
            "e_F1": [
                45.17911227734662
            ],
            "epoch": [
                161
            ]
        }
    ],
    "6": [
        {
            "t_F1": [
                68.90188299463578
            ],
            "e_F1": [
                54.29731866181403
            ],
            "epoch": [
                275
            ]
        }
    ],
    "7": [
        {
            "t_F1": [
                64.3360998643938
            ],
            "e_F1": [
                50.23467408293021
            ],
            "epoch": [
                308
            ]
        }
    ],
    "8": [
        {
            "t_F1": [
                59.3892902419477
            ],
            "e_F1": [
                48.51066558662542
            ],
            "epoch": [
                215
            ]
        }
    ],
    "9": [
        {
            "t_F1": [
                65.18602341239091
            ],
            "e_F1": [
                54.07312640251275
            ],
            "epoch": [
                248
            ]
        }
    ],
    "10": [
        {
            "t_F1": [
                57.340662563982136
            ],
            "e_F1": [
                47.60979762751325
            ],
            "epoch": [
                187
            ]
        }
    ],
    "average f1": [
        50.239298859999856
    ]
}