{
    "1": [
        {
            "t_F1": [
                67.56014478172662
            ],
            "e_F1": [
                50.18696224434747
            ],
            "epoch": [
                210
            ]
        }
    ],
    "2": [
        {
            "t_F1": [
                66.724093895975
            ],
            "e_F1": [
                57.19980342914438
            ],
            "epoch": [
                234
            ]
        }
    ],
    "3": [
        {
            "t_F1": [
                70.38250316786812
            ],
            "e_F1": [
                52.37240259167064
            ],
            "epoch": [
                275
            ]
        }
    ],
    "4": [
        {
            "t_F1": [
                62.88070290799194
            ],
            "e_F1": [
                53.03588119327658
            ],
            "epoch": [
                219
            ]
        }
    ],
    "5": [
        {
            "t_F1": [
                71.0992740316024
            ],
            "e_F1": [
                52.9200451422427
            ],
            "epoch": [
                216
            ]
        }
    ],
    "6": [
        {
            "t_F1": [
                69.33816654700959
            ],
            "e_F1": [
                57.98298156851889
            ],
            "epoch": [
                255
            ]
        }
    ],
    "7": [
        {
            "t_F1": [
                70.27594518673912
            ],
            "e_F1": [
                56.066001759426385
            ],
            "epoch": [
                252
            ]
        }
    ],
    "8": [
        {
            "t_F1": [
                66.24670003009034
            ],
            "e_F1": [
                52.09870563015645
            ],
            "epoch": [
                215
            ]
        }
    ],
    "9": [
        {
            "t_F1": [
                69.83285398588305
            ],
            "e_F1": [
                55.34732190582058
            ],
            "epoch": [
                263
            ]
        }
    ],
    "10": [
        {
            "t_F1": [
                71.13349375732301
            ],
            "e_F1": [
                57.646324016693654
            ],
            "epoch": [
                253
            ]
        }
    ],
    "average f1": [
        54.48564294812977
    ]
}