{
    "1": [
        {
            "t_F1": [
                62.634309545428536
            ],
            "e_F1": [
                51.428979481130234
            ],
            "epoch": [
                287
            ]
        }
    ],
    "2": [
        {
            "t_F1": [
                63.478021106047464
            ],
            "e_F1": [
                54.90429369813216
            ],
            "epoch": [
                369
            ]
        }
    ],
    "3": [
        {
            "t_F1": [
                65.48784121395748
            ],
            "e_F1": [
                50.94615485990024
            ],
            "epoch": [
                302
            ]
        }
    ],
    "4": [
        {
            "t_F1": [
                64.7381413097836
            ],
            "e_F1": [
                51.12111262536181
            ],
            "epoch": [
                299
            ]
        }
    ],
    "5": [
        {
            "t_F1": [
                68.93912780556691
            ],
            "e_F1": [
                51.39771595363701
            ],
            "epoch": [
                318
            ]
        }
    ],
    "6": [
        {
            "t_F1": [
                66.12240451407241
            ],
            "e_F1": [
                54.059885768750036
            ],
            "epoch": [
                329
            ]
        }
    ],
    "7": [
        {
            "t_F1": [
                64.12193178107566
            ],
            "e_F1": [
                51.081112045950626
            ],
            "epoch": [
                328
            ]
        }
    ],
    "8": [
        {
            "t_F1": [
                59.53340453102878
            ],
            "e_F1": [
                51.733179319860845
            ],
            "epoch": [
                282
            ]
        }
    ],
    "9": [
        {
            "t_F1": [
                62.13797134899084
            ],
            "e_F1": [
                52.68111200113223
            ],
            "epoch": [
                333
            ]
        }
    ],
    "10": [
        {
            "t_F1": [
                66.83549615949191
            ],
            "e_F1": [
                52.55684669738214
            ],
            "epoch": [
                362
            ]
        }
    ],
    "average f1": [
        52.19103924512374
    ]
}