{
    "1": [
        {
            "t_F1": [
                64.93228968030559
            ],
            "e_F1": [
                52.78418216710771
            ],
            "epoch": [
                312
            ]
        }
    ],
    "2": [
        {
            "t_F1": [
                63.48066559771777
            ],
            "e_F1": [
                53.843892526389816
            ],
            "epoch": [
                353
            ]
        }
    ],
    "3": [
        {
            "t_F1": [
                65.07804309511627
            ],
            "e_F1": [
                51.48244226339405
            ],
            "epoch": [
                272
            ]
        }
    ],
    "4": [
        {
            "t_F1": [
                58.677826376234435
            ],
            "e_F1": [
                51.62900188323918
            ],
            "epoch": [
                264
            ]
        }
    ],
    "5": [
        {
            "t_F1": [
                50.266802390702956
            ],
            "e_F1": [
                46.071234686953105
            ],
            "epoch": [
                171
            ]
        }
    ],
    "6": [
        {
            "t_F1": [
                68.20768407194707
            ],
            "e_F1": [
                55.325598951086974
            ],
            "epoch": [
                353
            ]
        }
    ],
    "7": [
        {
            "t_F1": [
                64.68451304139427
            ],
            "e_F1": [
                49.57765105344517
            ],
            "epoch": [
                285
            ]
        }
    ],
    "8": [
        {
            "t_F1": [
                56.288789408519236
            ],
            "e_F1": [
                48.532552867415255
            ],
            "epoch": [
                234
            ]
        }
    ],
    "9": [
        {
            "t_F1": [
                64.52151879413289
            ],
            "e_F1": [
                50.1990745593602
            ],
            "epoch": [
                312
            ]
        }
    ],
    "10": [
        {
            "t_F1": [
                50.27349519603236
            ],
            "e_F1": [
                46.80253990931858
            ],
            "epoch": [
                206
            ]
        }
    ],
    "average f1": [
        50.624817086770996
    ]
}