{
    "1": [
        {
            "t_F1": [
                68.5954956040022
            ],
            "e_F1": [
                53.800862107689504
            ],
            "epoch": [
                317
            ]
        }
    ],
    "2": [
        {
            "t_F1": [
                67.89986884584343
            ],
            "e_F1": [
                53.550873842566936
            ],
            "epoch": [
                330
            ]
        }
    ],
    "3": [
        {
            "t_F1": [
                70.23611653307448
            ],
            "e_F1": [
                56.52834921688139
            ],
            "epoch": [
                356
            ]
        }
    ],
    "4": [
        {
            "t_F1": [
                70.37575299207984
            ],
            "e_F1": [
                53.92089856775113
            ],
            "epoch": [
                331
            ]
        }
    ],
    "5": [
        {
            "t_F1": [
                66.67176575206275
            ],
            "e_F1": [
                50.05581708563571
            ],
            "epoch": [
                261
            ]
        }
    ],
    "6": [
        {
            "t_F1": [
                71.9665607985481
            ],
            "e_F1": [
                54.7092662553581
            ],
            "epoch": [
                367
            ]
        }
    ],
    "7": [
        {
            "t_F1": [
                69.4975534355639
            ],
            "e_F1": [
                52.6176628368477
            ],
            "epoch": [
                307
            ]
        }
    ],
    "8": [
        {
            "t_F1": [
                65.12842953756473
            ],
            "e_F1": [
                54.94709467232687
            ],
            "epoch": [
                285
            ]
        }
    ],
    "9": [
        {
            "t_F1": [
                65.43973462986436
            ],
            "e_F1": [
                50.24014978045403
            ],
            "epoch": [
                299
            ]
        }
    ],
    "10": [
        {
            "t_F1": [
                65.96713497366535
            ],
            "e_F1": [
                54.25674019637342
            ],
            "epoch": [
                299
            ]
        }
    ],
    "average f1": [
        53.46277145618848
    ]
}