{
    "1": [
        {
            "t_F1": [
                70.45172809555929
            ],
            "e_F1": [
                53.12498567072471
            ],
            "epoch": [
                218
            ]
        }
    ],
    "2": [
        {
            "t_F1": [
                72.87558052992263
            ],
            "e_F1": [
                55.52541343216052
            ],
            "epoch": [
                236
            ]
        }
    ],
    "3": [
        {
            "t_F1": [
                66.67091362608991
            ],
            "e_F1": [
                52.627523596558326
            ],
            "epoch": [
                204
            ]
        }
    ],
    "4": [
        {
            "t_F1": [
                70.2076768207283
            ],
            "e_F1": [
                57.230864932429846
            ],
            "epoch": [
                237
            ]
        }
    ],
    "5": [
        {
            "t_F1": [
                71.91303809317489
            ],
            "e_F1": [
                57.909018970981776
            ],
            "epoch": [
                196
            ]
        }
    ],
    "6": [
        {
            "t_F1": [
                69.61569898023873
            ],
            "e_F1": [
                57.3122726839263
            ],
            "epoch": [
                221
            ]
        }
    ],
    "7": [
        {
            "t_F1": [
                68.3170287286907
            ],
            "e_F1": [
                56.4182096417803
            ],
            "epoch": [
                214
            ]
        }
    ],
    "8": [
        {
            "t_F1": [
                64.69549008910711
            ],
            "e_F1": [
                56.5811255056339
            ],
            "epoch": [
                206
            ]
        }
    ],
    "9": [
        {
            "t_F1": [
                70.32677770659834
            ],
            "e_F1": [
                57.07918671364743
            ],
            "epoch": [
                231
            ]
        }
    ],
    "10": [
        {
            "t_F1": [
                68.44905543410283
            ],
            "e_F1": [
                56.2359687468887
            ],
            "epoch": [
                181
            ]
        }
    ],
    "average f1": [
        56.00445698947319
    ]
}