{
    "1": [
        {
            "t_F1": [
                66.74831534909573
            ],
            "e_F1": [
                50.38895950344446
            ],
            "epoch": [
                210
            ]
        }
    ],
    "2": [
        {
            "t_F1": [
                66.64442569199059
            ],
            "e_F1": [
                56.368810582055026
            ],
            "epoch": [
                228
            ]
        }
    ],
    "3": [
        {
            "t_F1": [
                68.64917745726888
            ],
            "e_F1": [
                53.1673020858198
            ],
            "epoch": [
                238
            ]
        }
    ],
    "4": [
        {
            "t_F1": [
                69.04674855296281
            ],
            "e_F1": [
                56.79921017600432
            ],
            "epoch": [
                269
            ]
        }
    ],
    "5": [
        {
            "t_F1": [
                65.72133410826358
            ],
            "e_F1": [
                54.138718514283454
            ],
            "epoch": [
                209
            ]
        }
    ],
    "6": [
        {
            "t_F1": [
                66.83172923197893
            ],
            "e_F1": [
                58.06859749309907
            ],
            "epoch": [
                258
            ]
        }
    ],
    "7": [
        {
            "t_F1": [
                66.5801100780625
            ],
            "e_F1": [
                52.297006223362054
            ],
            "epoch": [
                218
            ]
        }
    ],
    "8": [
        {
            "t_F1": [
                71.49729501185395
            ],
            "e_F1": [
                53.927776844972676
            ],
            "epoch": [
                241
            ]
        }
    ],
    "9": [
        {
            "t_F1": [
                69.38455320399764
            ],
            "e_F1": [
                55.52303488329709
            ],
            "epoch": [
                297
            ]
        }
    ],
    "10": [
        {
            "t_F1": [
                67.11728522652459
            ],
            "e_F1": [
                56.01104449224952
            ],
            "epoch": [
                269
            ]
        }
    ],
    "average f1": [
        54.66904607985875
    ]
}