{
    "1": [
        {
            "t_F1": [
                63.184003661002485
            ],
            "e_F1": [
                48.140258389639406
            ],
            "epoch": [
                289
            ]
        }
    ],
    "2": [
        {
            "t_F1": [
                64.34754229913945
            ],
            "e_F1": [
                51.261226906155564
            ],
            "epoch": [
                300
            ]
        }
    ],
    "3": [
        {
            "t_F1": [
                65.72980211278085
            ],
            "e_F1": [
                49.47194606345747
            ],
            "epoch": [
                308
            ]
        }
    ],
    "4": [
        {
            "t_F1": [
                65.8271427982884
            ],
            "e_F1": [
                52.76366857133695
            ],
            "epoch": [
                294
            ]
        }
    ],
    "5": [
        {
            "t_F1": [
                59.63840832699447
            ],
            "e_F1": [
                46.802566638475525
            ],
            "epoch": [
                228
            ]
        }
    ],
    "6": [
        {
            "t_F1": [
                62.42036328460555
            ],
            "e_F1": [
                54.06409976140195
            ],
            "epoch": [
                315
            ]
        }
    ],
    "7": [
        {
            "t_F1": [
                69.1727398525553
            ],
            "e_F1": [
                50.42251883909677
            ],
            "epoch": [
                392
            ]
        }
    ],
    "8": [
        {
            "t_F1": [
                54.204277045673244
            ],
            "e_F1": [
                46.290288328024175
            ],
            "epoch": [
                203
            ]
        }
    ],
    "9": [
        {
            "t_F1": [
                61.557205898426126
            ],
            "e_F1": [
                49.92481362242817
            ],
            "epoch": [
                298
            ]
        }
    ],
    "10": [
        {
            "t_F1": [
                61.5791356481733
            ],
            "e_F1": [
                50.58644293327767
            ],
            "epoch": [
                277
            ]
        }
    ],
    "average f1": [
        49.97278300532937
    ]
}