{
    "1": [
        {
            "t_F1": [
                65.1519326866549
            ],
            "e_F1": [
                50.73472124936514
            ],
            "epoch": [
                264
            ]
        }
    ],
    "2": [
        {
            "t_F1": [
                65.24388126828663
            ],
            "e_F1": [
                54.49075542592921
            ],
            "epoch": [
                327
            ]
        }
    ],
    "3": [
        {
            "t_F1": [
                59.47926365420367
            ],
            "e_F1": [
                49.8998806215692
            ],
            "epoch": [
                262
            ]
        }
    ],
    "4": [
        {
            "t_F1": [
                60.63856398084289
            ],
            "e_F1": [
                53.15628725573852
            ],
            "epoch": [
                295
            ]
        }
    ],
    "5": [
        {
            "t_F1": [
                60.87292308250485
            ],
            "e_F1": [
                51.34097279095122
            ],
            "epoch": [
                272
            ]
        }
    ],
    "6": [
        {
            "t_F1": [
                56.5647864295933
            ],
            "e_F1": [
                51.7153288312844
            ],
            "epoch": [
                263
            ]
        }
    ],
    "7": [
        {
            "t_F1": [
                63.75006867926469
            ],
            "e_F1": [
                51.66691678160276
            ],
            "epoch": [
                283
            ]
        }
    ],
    "8": [
        {
            "t_F1": [
                43.50361138853858
            ],
            "e_F1": [
                37.220106966966206
            ],
            "epoch": [
                164
            ]
        }
    ],
    "9": [
        {
            "t_F1": [
                62.518272406529704
            ],
            "e_F1": [
                53.08166876602204
            ],
            "epoch": [
                333
            ]
        }
    ],
    "10": [
        {
            "t_F1": [
                50.522611663689155
            ],
            "e_F1": [
                41.87056891016525
            ],
            "epoch": [
                196
            ]
        }
    ],
    "average f1": [
        49.5177207599594
    ]
}