{
    "1": [
        {
            "t_F1": [
                53.1497268386961
            ],
            "e_F1": [
                43.898389650390314
            ],
            "epoch": [
                189
            ]
        }
    ],
    "2": [
        {
            "t_F1": [
                64.21940347524242
            ],
            "e_F1": [
                54.692304682129325
            ],
            "epoch": [
                328
            ]
        }
    ],
    "3": [
        {
            "t_F1": [
                57.87607182764035
            ],
            "e_F1": [
                44.80617261323576
            ],
            "epoch": [
                225
            ]
        }
    ],
    "4": [
        {
            "t_F1": [
                63.8092513412665
            ],
            "e_F1": [
                54.59814848799358
            ],
            "epoch": [
                333
            ]
        }
    ],
    "5": [
        {
            "t_F1": [
                54.466887487429275
            ],
            "e_F1": [
                48.250829892204386
            ],
            "epoch": [
                235
            ]
        }
    ],
    "6": [
        {
            "t_F1": [
                63.44418803974996
            ],
            "e_F1": [
                52.39685729811006
            ],
            "epoch": [
                323
            ]
        }
    ],
    "7": [
        {
            "t_F1": [
                60.762729518566246
            ],
            "e_F1": [
                45.97422182480596
            ],
            "epoch": [
                243
            ]
        }
    ],
    "8": [
        {
            "t_F1": [
                53.66496980155306
            ],
            "e_F1": [
                47.46867103829129
            ],
            "epoch": [
                195
            ]
        }
    ],
    "9": [
        {
            "t_F1": [
                65.38250327297355
            ],
            "e_F1": [
                52.17380358644736
            ],
            "epoch": [
                314
            ]
        }
    ],
    "10": [
        {
            "t_F1": [
                57.450909418250696
            ],
            "e_F1": [
                48.234650538705715
            ],
            "epoch": [
                256
            ]
        }
    ],
    "average f1": [
        49.24940496123138
    ]
}