{
    "1": [
        {
            "t_F1": [
                60.68643005246439
            ],
            "e_F1": [
                45.13612794832243
            ],
            "epoch": [
                241
            ]
        }
    ],
    "2": [
        {
            "t_F1": [
                56.665911783151
            ],
            "e_F1": [
                50.20936731500112
            ],
            "epoch": [
                232
            ]
        }
    ],
    "3": [
        {
            "t_F1": [
                60.26623607127528
            ],
            "e_F1": [
                45.46972005797558
            ],
            "epoch": [
                230
            ]
        }
    ],
    "4": [
        {
            "t_F1": [
                62.73362565994389
            ],
            "e_F1": [
                54.62208760047027
            ],
            "epoch": [
                292
            ]
        }
    ],
    "5": [
        {
            "t_F1": [
                51.38817581148499
            ],
            "e_F1": [
                42.64064784760039
            ],
            "epoch": [
                175
            ]
        }
    ],
    "6": [
        {
            "t_F1": [
                62.26939469019847
            ],
            "e_F1": [
                49.31189996228145
            ],
            "epoch": [
                309
            ]
        }
    ],
    "7": [
        {
            "t_F1": [
                58.68935553864155
            ],
            "e_F1": [
                47.993785956368185
            ],
            "epoch": [
                218
            ]
        }
    ],
    "8": [
        {
            "t_F1": [
                45.65840292698601
            ],
            "e_F1": [
                35.123846561242864
            ],
            "epoch": [
                110
            ]
        }
    ],
    "9": [
        {
            "t_F1": [
                63.50761132794889
            ],
            "e_F1": [
                50.683602339691824
            ],
            "epoch": [
                283
            ]
        }
    ],
    "10": [
        {
            "t_F1": [
                60.13223944689211
            ],
            "e_F1": [
                52.40949249412616
            ],
            "epoch": [
                251
            ]
        }
    ],
    "average f1": [
        47.360057808308035
    ]
}