{
    "1": [
        {
            "t_F1": [
                55.49575348793747
            ],
            "e_F1": [
                48.501532107647215
            ],
            "epoch": [
                268
            ]
        }
    ],
    "2": [
        {
            "t_F1": [
                61.72819820008784
            ],
            "e_F1": [
                50.09192521387643
            ],
            "epoch": [
                362
            ]
        }
    ],
    "3": [
        {
            "t_F1": [
                61.41222868609375
            ],
            "e_F1": [
                50.778351185417506
            ],
            "epoch": [
                290
            ]
        }
    ],
    "4": [
        {
            "t_F1": [
                63.35689456410583
            ],
            "e_F1": [
                50.931152735311144
            ],
            "epoch": [
                376
            ]
        }
    ],
    "5": [
        {
            "t_F1": [
                63.64865286187853
            ],
            "e_F1": [
                51.23312082666905
            ],
            "epoch": [
                312
            ]
        }
    ],
    "6": [
        {
            "t_F1": [
                64.13500487935141
            ],
            "e_F1": [
                50.658088562458815
            ],
            "epoch": [
                373
            ]
        }
    ],
    "7": [
        {
            "t_F1": [
                63.46879093205287
            ],
            "e_F1": [
                48.71426813592747
            ],
            "epoch": [
                319
            ]
        }
    ],
    "8": [
        {
            "t_F1": [
                61.905520147816105
            ],
            "e_F1": [
                51.323972299108114
            ],
            "epoch": [
                383
            ]
        }
    ],
    "9": [
        {
            "t_F1": [
                62.27081769642824
            ],
            "e_F1": [
                52.85410209595269
            ],
            "epoch": [
                365
            ]
        }
    ],
    "10": [
        {
            "t_F1": [
                63.15416489818866
            ],
            "e_F1": [
                49.724868398050646
            ],
            "epoch": [
                348
            ]
        }
    ],
    "average f1": [
        50.4811381560419
    ]
}