{
    "1": [
        {
            "t_F1": [
                58.660924418791524
            ],
            "e_F1": [
                47.01567472856415
            ],
            "epoch": [
                241
            ]
        }
    ],
    "2": [
        {
            "t_F1": [
                63.14406408588573
            ],
            "e_F1": [
                53.38090961598946
            ],
            "epoch": [
                321
            ]
        }
    ],
    "3": [
        {
            "t_F1": [
                59.113348329272554
            ],
            "e_F1": [
                46.217807181248574
            ],
            "epoch": [
                226
            ]
        }
    ],
    "4": [
        {
            "t_F1": [
                63.70772024032442
            ],
            "e_F1": [
                47.95143482282622
            ],
            "epoch": [
                281
            ]
        }
    ],
    "5": [
        {
            "t_F1": [
                60.68558281378556
            ],
            "e_F1": [
                49.03509800807667
            ],
            "epoch": [
                257
            ]
        }
    ],
    "6": [
        {
            "t_F1": [
                64.7374703353744
            ],
            "e_F1": [
                53.565697442702785
            ],
            "epoch": [
                274
            ]
        }
    ],
    "7": [
        {
            "t_F1": [
                57.720109276867134
            ],
            "e_F1": [
                43.312733441668634
            ],
            "epoch": [
                218
            ]
        }
    ],
    "8": [
        {
            "t_F1": [
                57.931417072027415
            ],
            "e_F1": [
                54.0856672948999
            ],
            "epoch": [
                294
            ]
        }
    ],
    "9": [
        {
            "t_F1": [
                66.90828255357931
            ],
            "e_F1": [
                51.007081471718685
            ],
            "epoch": [
                339
            ]
        }
    ],
    "10": [
        {
            "t_F1": [
                55.6265130362336
            ],
            "e_F1": [
                50.04095370324044
            ],
            "epoch": [
                226
            ]
        }
    ],
    "average f1": [
        49.56130577109356
    ]
}