{
    "1": [
        {
            "t_F1": [
                68.64643032931303
            ],
            "e_F1": [
                50.31792582755398
            ],
            "epoch": [
                252
            ]
        }
    ],
    "2": [
        {
            "t_F1": [
                66.44540488086034
            ],
            "e_F1": [
                56.95461480261545
            ],
            "epoch": [
                243
            ]
        }
    ],
    "3": [
        {
            "t_F1": [
                67.2462104238873
            ],
            "e_F1": [
                51.11386543323888
            ],
            "epoch": [
                227
            ]
        }
    ],
    "4": [
        {
            "t_F1": [
                70.84434614824522
            ],
            "e_F1": [
                55.90448763886554
            ],
            "epoch": [
                259
            ]
        }
    ],
    "5": [
        {
            "t_F1": [
                68.90067394843271
            ],
            "e_F1": [
                51.95491259204231
            ],
            "epoch": [
                261
            ]
        }
    ],
    "6": [
        {
            "t_F1": [
                69.08980845075394
            ],
            "e_F1": [
                55.587759344017165
            ],
            "epoch": [
                268
            ]
        }
    ],
    "7": [
        {
            "t_F1": [
                66.48434697685065
            ],
            "e_F1": [
                55.03484847464628
            ],
            "epoch": [
                273
            ]
        }
    ],
    "8": [
        {
            "t_F1": [
                72.0209727448273
            ],
            "e_F1": [
                52.866918858924336
            ],
            "epoch": [
                263
            ]
        }
    ],
    "9": [
        {
            "t_F1": [
                69.46096201513875
            ],
            "e_F1": [
                57.62276513136643
            ],
            "epoch": [
                281
            ]
        }
    ],
    "10": [
        {
            "t_F1": [
                67.86485246267786
            ],
            "e_F1": [
                53.27257325674011
            ],
            "epoch": [
                270
            ]
        }
    ],
    "average f1": [
        54.06306713600105
    ]
}