{
    "1": [
        {
            "t_F1": [
                65.40255876456543
            ],
            "e_F1": [
                49.22123413690617
            ],
            "epoch": [
                237
            ]
        }
    ],
    "2": [
        {
            "t_F1": [
                69.2523714480095
            ],
            "e_F1": [
                50.71968797433429
            ],
            "epoch": [
                299
            ]
        }
    ],
    "3": [
        {
            "t_F1": [
                71.3206637151295
            ],
            "e_F1": [
                51.903526670111
            ],
            "epoch": [
                291
            ]
        }
    ],
    "4": [
        {
            "t_F1": [
                66.79094727735436
            ],
            "e_F1": [
                51.735325535019264
            ],
            "epoch": [
                274
            ]
        }
    ],
    "5": [
        {
            "t_F1": [
                62.322099011988705
            ],
            "e_F1": [
                50.31537747054988
            ],
            "epoch": [
                233
            ]
        }
    ],
    "6": [
        {
            "t_F1": [
                71.46243790341659
            ],
            "e_F1": [
                54.99337390198558
            ],
            "epoch": [
                333
            ]
        }
    ],
    "7": [
        {
            "t_F1": [
                65.550686637352
            ],
            "e_F1": [
                54.73673084301185
            ],
            "epoch": [
                289
            ]
        }
    ],
    "8": [
        {
            "t_F1": [
                62.46911135751624
            ],
            "e_F1": [
                50.76554086350147
            ],
            "epoch": [
                244
            ]
        }
    ],
    "9": [
        {
            "t_F1": [
                66.05231701917354
            ],
            "e_F1": [
                53.495392258341234
            ],
            "epoch": [
                311
            ]
        }
    ],
    "10": [
        {
            "t_F1": [
                64.70222364069372
            ],
            "e_F1": [
                54.46782115198563
            ],
            "epoch": [
                271
            ]
        }
    ],
    "average f1": [
        52.23540108057464
    ]
}