{
    "1": [
        {
            "t_F1": [
                69.3220955209505
            ],
            "e_F1": [
                54.36622395740102
            ],
            "epoch": [
                204
            ]
        }
    ],
    "2": [
        {
            "t_F1": [
                64.47761810382048
            ],
            "e_F1": [
                56.38746755686832
            ],
            "epoch": [
                217
            ]
        }
    ],
    "3": [
        {
            "t_F1": [
                68.82518715147218
            ],
            "e_F1": [
                55.165689827532916
            ],
            "epoch": [
                243
            ]
        }
    ],
    "4": [
        {
            "t_F1": [
                71.13451642458615
            ],
            "e_F1": [
                58.44089173277567
            ],
            "epoch": [
                262
            ]
        }
    ],
    "5": [
        {
            "t_F1": [
                70.32894039117751
            ],
            "e_F1": [
                54.342176270587075
            ],
            "epoch": [
                220
            ]
        }
    ],
    "6": [
        {
            "t_F1": [
                71.73789162294727
            ],
            "e_F1": [
                57.081672360984214
            ],
            "epoch": [
                252
            ]
        }
    ],
    "7": [
        {
            "t_F1": [
                67.49524864874208
            ],
            "e_F1": [
                54.69768337257608
            ],
            "epoch": [
                242
            ]
        }
    ],
    "8": [
        {
            "t_F1": [
                64.18971900626121
            ],
            "e_F1": [
                54.34196825666289
            ],
            "epoch": [
                174
            ]
        }
    ],
    "9": [
        {
            "t_F1": [
                68.6810420365877
            ],
            "e_F1": [
                55.617873216733585
            ],
            "epoch": [
                229
            ]
        }
    ],
    "10": [
        {
            "t_F1": [
                68.66902813068607
            ],
            "e_F1": [
                56.216383044096084
            ],
            "epoch": [
                210
            ]
        }
    ],
    "average f1": [
        55.665802959621786
    ]
}