{
    "1": [
        {
            "t_F1": [
                62.83418380287495
            ],
            "e_F1": [
                45.731683270047945
            ],
            "epoch": [
                278
            ]
        }
    ],
    "2": [
        {
            "t_F1": [
                62.4915610454823
            ],
            "e_F1": [
                54.2190149879854
            ],
            "epoch": [
                268
            ]
        }
    ],
    "3": [
        {
            "t_F1": [
                60.84448302216063
            ],
            "e_F1": [
                46.98066659008722
            ],
            "epoch": [
                258
            ]
        }
    ],
    "4": [
        {
            "t_F1": [
                65.62763225587851
            ],
            "e_F1": [
                52.58877884475971
            ],
            "epoch": [
                310
            ]
        }
    ],
    "5": [
        {
            "t_F1": [
                56.63630963368305
            ],
            "e_F1": [
                43.25256859467462
            ],
            "epoch": [
                239
            ]
        }
    ],
    "6": [
        {
            "t_F1": [
                63.13866861855723
            ],
            "e_F1": [
                49.35200520065492
            ],
            "epoch": [
                305
            ]
        }
    ],
    "7": [
        {
            "t_F1": [
                63.657206340058096
            ],
            "e_F1": [
                51.24572527623912
            ],
            "epoch": [
                290
            ]
        }
    ],
    "8": [
        {
            "t_F1": [
                64.16195209846003
            ],
            "e_F1": [
                50.484408084195046
            ],
            "epoch": [
                287
            ]
        }
    ],
    "9": [
        {
            "t_F1": [
                64.30045837146844
            ],
            "e_F1": [
                48.210449463535646
            ],
            "epoch": [
                283
            ]
        }
    ],
    "10": [
        {
            "t_F1": [
                67.904841448402
            ],
            "e_F1": [
                53.335793776970256
            ],
            "epoch": [
                297
            ]
        }
    ],
    "average f1": [
        49.54010940891499
    ]
}