{
    "1": [
        {
            "t_F1": [
                64.30199247615195
            ],
            "e_F1": [
                50.322971693468574
            ],
            "epoch": [
                299
            ]
        }
    ],
    "2": [
        {
            "t_F1": [
                64.80161392825795
            ],
            "e_F1": [
                54.352718880913756
            ],
            "epoch": [
                322
            ]
        }
    ],
    "3": [
        {
            "t_F1": [
                63.21395979118718
            ],
            "e_F1": [
                52.47916076135436
            ],
            "epoch": [
                327
            ]
        }
    ],
    "4": [
        {
            "t_F1": [
                62.36135272196509
            ],
            "e_F1": [
                51.2964233454214
            ],
            "epoch": [
                304
            ]
        }
    ],
    "5": [
        {
            "t_F1": [
                61.372033705143366
            ],
            "e_F1": [
                53.02543955212653
            ],
            "epoch": [
                295
            ]
        }
    ],
    "6": [
        {
            "t_F1": [
                64.81094015490815
            ],
            "e_F1": [
                55.95491415048335
            ],
            "epoch": [
                357
            ]
        }
    ],
    "7": [
        {
            "t_F1": [
                63.74072410914698
            ],
            "e_F1": [
                47.829773961663946
            ],
            "epoch": [
                328
            ]
        }
    ],
    "8": [
        {
            "t_F1": [
                59.5641305963878
            ],
            "e_F1": [
                51.40937209547574
            ],
            "epoch": [
                282
            ]
        }
    ],
    "9": [
        {
            "t_F1": [
                62.616775133528655
            ],
            "e_F1": [
                53.35152929247102
            ],
            "epoch": [
                310
            ]
        }
    ],
    "10": [
        {
            "t_F1": [
                64.69125134207066
            ],
            "e_F1": [
                52.303411642307665
            ],
            "epoch": [
                306
            ]
        }
    ],
    "average f1": [
        52.23257153756863
    ]
}