{
    "1": [
        {
            "t_F1": [
                75.89671026561322
            ],
            "e_F1": [
                56.8979476917504
            ],
            "epoch": [
                270
            ]
        }
    ],
    "2": [
        {
            "t_F1": [
                73.6235656913368
            ],
            "e_F1": [
                56.20978289595341
            ],
            "epoch": [
                272
            ]
        }
    ],
    "3": [
        {
            "t_F1": [
                70.49963280775988
            ],
            "e_F1": [
                56.03523508516819
            ],
            "epoch": [
                230
            ]
        }
    ],
    "4": [
        {
            "t_F1": [
                73.11591478049915
            ],
            "e_F1": [
                57.23306203740438
            ],
            "epoch": [
                256
            ]
        }
    ],
    "5": [
        {
            "t_F1": [
                74.12284751928692
            ],
            "e_F1": [
                56.22831308098145
            ],
            "epoch": [
                269
            ]
        }
    ],
    "6": [
        {
            "t_F1": [
                71.26022979721917
            ],
            "e_F1": [
                55.579536770575665
            ],
            "epoch": [
                271
            ]
        }
    ],
    "7": [
        {
            "t_F1": [
                67.4711289448711
            ],
            "e_F1": [
                51.7765086342292
            ],
            "epoch": [
                235
            ]
        }
    ],
    "8": [
        {
            "t_F1": [
                68.2930463756735
            ],
            "e_F1": [
                57.41031586712383
            ],
            "epoch": [
                216
            ]
        }
    ],
    "9": [
        {
            "t_F1": [
                65.73958524597514
            ],
            "e_F1": [
                56.708855472013376
            ],
            "epoch": [
                257
            ]
        }
    ],
    "10": [
        {
            "t_F1": [
                72.66823745257463
            ],
            "e_F1": [
                57.001545275690056
            ],
            "epoch": [
                261
            ]
        }
    ],
    "average f1": [
        56.108110281089
    ]
}