{
    "1": [
        {
            "t_F1": [
                64.05689596430881
            ],
            "e_F1": [
                47.930829930471255
            ],
            "epoch": [
                245
            ]
        }
    ],
    "2": [
        {
            "t_F1": [
                60.40450860514445
            ],
            "e_F1": [
                52.34006667311427
            ],
            "epoch": [
                266
            ]
        }
    ],
    "3": [
        {
            "t_F1": [
                67.3860252648494
            ],
            "e_F1": [
                50.57314223986841
            ],
            "epoch": [
                277
            ]
        }
    ],
    "4": [
        {
            "t_F1": [
                62.09751542224167
            ],
            "e_F1": [
                55.274667076899675
            ],
            "epoch": [
                265
            ]
        }
    ],
    "5": [
        {
            "t_F1": [
                55.752657686815645
            ],
            "e_F1": [
                44.873550595247266
            ],
            "epoch": [
                182
            ]
        }
    ],
    "6": [
        {
            "t_F1": [
                66.74682538245233
            ],
            "e_F1": [
                52.72568352515056
            ],
            "epoch": [
                283
            ]
        }
    ],
    "7": [
        {
            "t_F1": [
                66.63651166386511
            ],
            "e_F1": [
                54.533012656549005
            ],
            "epoch": [
                293
            ]
        }
    ],
    "8": [
        {
            "t_F1": [
                61.33414360505276
            ],
            "e_F1": [
                49.44887959407973
            ],
            "epoch": [
                235
            ]
        }
    ],
    "9": [
        {
            "t_F1": [
                66.00880239724862
            ],
            "e_F1": [
                51.14774378147977
            ],
            "epoch": [
                294
            ]
        }
    ],
    "10": [
        {
            "t_F1": [
                60.40898745332244
            ],
            "e_F1": [
                52.668074756784435
            ],
            "epoch": [
                260
            ]
        }
    ],
    "average f1": [
        51.15156508296444
    ]
}