{
    "1": [
        {
            "t_F1": [
                68.71389515865735
            ],
            "e_F1": [
                51.50546456956584
            ],
            "epoch": [
                263
            ]
        }
    ],
    "2": [
        {
            "t_F1": [
                60.22004692843128
            ],
            "e_F1": [
                49.58950337258376
            ],
            "epoch": [
                268
            ]
        }
    ],
    "3": [
        {
            "t_F1": [
                66.23410156840991
            ],
            "e_F1": [
                53.68742855142719
            ],
            "epoch": [
                255
            ]
        }
    ],
    "4": [
        {
            "t_F1": [
                64.0588918494227
            ],
            "e_F1": [
                53.5423068614293
            ],
            "epoch": [
                266
            ]
        }
    ],
    "5": [
        {
            "t_F1": [
                68.1510763818135
            ],
            "e_F1": [
                50.54408847557502
            ],
            "epoch": [
                288
            ]
        }
    ],
    "6": [
        {
            "t_F1": [
                65.31536045762614
            ],
            "e_F1": [
                50.59290662810524
            ],
            "epoch": [
                277
            ]
        }
    ],
    "7": [
        {
            "t_F1": [
                66.391837218935
            ],
            "e_F1": [
                52.69289880923041
            ],
            "epoch": [
                246
            ]
        }
    ],
    "8": [
        {
            "t_F1": [
                61.42785616590665
            ],
            "e_F1": [
                53.115243820489596
            ],
            "epoch": [
                268
            ]
        }
    ],
    "9": [
        {
            "t_F1": [
                68.72821644206182
            ],
            "e_F1": [
                52.63489287004353
            ],
            "epoch": [
                292
            ]
        }
    ],
    "10": [
        {
            "t_F1": [
                65.94862226020243
            ],
            "e_F1": [
                52.709190806976295
            ],
            "epoch": [
                257
            ]
        }
    ],
    "average f1": [
        52.06139247654262
    ]
}