{
    "1": [
        {
            "t_F1": [
                63.58863305544528
            ],
            "e_F1": [
                52.701431949797964
            ],
            "epoch": [
                317
            ]
        }
    ],
    "2": [
        {
            "t_F1": [
                64.26721482438764
            ],
            "e_F1": [
                53.60561569796779
            ],
            "epoch": [
                313
            ]
        }
    ],
    "3": [
        {
            "t_F1": [
                64.13501345188843
            ],
            "e_F1": [
                48.31554372798318
            ],
            "epoch": [
                274
            ]
        }
    ],
    "4": [
        {
            "t_F1": [
                62.467307697447325
            ],
            "e_F1": [
                52.580440568804356
            ],
            "epoch": [
                325
            ]
        }
    ],
    "5": [
        {
            "t_F1": [
                60.12196842870438
            ],
            "e_F1": [
                45.22955225468889
            ],
            "epoch": [
                259
            ]
        }
    ],
    "6": [
        {
            "t_F1": [
                62.15638315873675
            ],
            "e_F1": [
                51.52520926478752
            ],
            "epoch": [
                346
            ]
        }
    ],
    "7": [
        {
            "t_F1": [
                64.67817364100418
            ],
            "e_F1": [
                49.31415922042396
            ],
            "epoch": [
                321
            ]
        }
    ],
    "8": [
        {
            "t_F1": [
                61.815993457376365
            ],
            "e_F1": [
                52.62787195349776
            ],
            "epoch": [
                303
            ]
        }
    ],
    "9": [
        {
            "t_F1": [
                66.40461722180653
            ],
            "e_F1": [
                47.777566510450434
            ],
            "epoch": [
                320
            ]
        }
    ],
    "10": [
        {
            "t_F1": [
                64.30678067977941
            ],
            "e_F1": [
                51.19760853931229
            ],
            "epoch": [
                352
            ]
        }
    ],
    "average f1": [
        50.48749996877141
    ]
}