{
    "1": [
        {
            "t_F1": [
                64.98516382528177
            ],
            "e_F1": [
                51.49490069779925
            ],
            "epoch": [
                232
            ]
        }
    ],
    "2": [
        {
            "t_F1": [
                67.94359661220528
            ],
            "e_F1": [
                53.89969735210167
            ],
            "epoch": [
                247
            ]
        }
    ],
    "3": [
        {
            "t_F1": [
                72.01409010147948
            ],
            "e_F1": [
                54.328046212272916
            ],
            "epoch": [
                243
            ]
        }
    ],
    "4": [
        {
            "t_F1": [
                69.81037254132877
            ],
            "e_F1": [
                56.42931061080976
            ],
            "epoch": [
                264
            ]
        }
    ],
    "5": [
        {
            "t_F1": [
                70.44146140746795
            ],
            "e_F1": [
                53.11243731235348
            ],
            "epoch": [
                235
            ]
        }
    ],
    "6": [
        {
            "t_F1": [
                69.15926281444698
            ],
            "e_F1": [
                57.46386782327525
            ],
            "epoch": [
                237
            ]
        }
    ],
    "7": [
        {
            "t_F1": [
                70.70861799415007
            ],
            "e_F1": [
                55.4023107076723
            ],
            "epoch": [
                277
            ]
        }
    ],
    "8": [
        {
            "t_F1": [
                73.29216192383558
            ],
            "e_F1": [
                54.57595358504176
            ],
            "epoch": [
                262
            ]
        }
    ],
    "9": [
        {
            "t_F1": [
                69.3268120647722
            ],
            "e_F1": [
                55.52955739597197
            ],
            "epoch": [
                265
            ]
        }
    ],
    "10": [
        {
            "t_F1": [
                72.12762054032507
            ],
            "e_F1": [
                57.844797794749894
            ],
            "epoch": [
                289
            ]
        }
    ],
    "average f1": [
        55.00808794920482
    ]
}