{
    "1": [
        {
            "t_F1": [
                61.75909615504314
            ],
            "e_F1": [
                48.37874789027489
            ],
            "epoch": [
                221
            ]
        }
    ],
    "2": [
        {
            "t_F1": [
                67.65463427389639
            ],
            "e_F1": [
                51.7515277723932
            ],
            "epoch": [
                295
            ]
        }
    ],
    "3": [
        {
            "t_F1": [
                60.93404983813937
            ],
            "e_F1": [
                50.23134091530031
            ],
            "epoch": [
                192
            ]
        }
    ],
    "4": [
        {
            "t_F1": [
                54.57897359394106
            ],
            "e_F1": [
                46.94083654375344
            ],
            "epoch": [
                196
            ]
        }
    ],
    "5": [
        {
            "t_F1": [
                53.663812096071176
            ],
            "e_F1": [
                38.06062304315071
            ],
            "epoch": [
                127
            ]
        }
    ],
    "6": [
        {
            "t_F1": [
                68.7841719847646
            ],
            "e_F1": [
                55.75965762777534
            ],
            "epoch": [
                311
            ]
        }
    ],
    "7": [
        {
            "t_F1": [
                65.04286786743864
            ],
            "e_F1": [
                53.781359787606476
            ],
            "epoch": [
                315
            ]
        }
    ],
    "8": [
        {
            "t_F1": [
                58.311353949861115
            ],
            "e_F1": [
                48.083133654393016
            ],
            "epoch": [
                208
            ]
        }
    ],
    "9": [
        {
            "t_F1": [
                61.183523547159915
            ],
            "e_F1": [
                52.14531046315973
            ],
            "epoch": [
                242
            ]
        }
    ],
    "10": [
        {
            "t_F1": [
                62.34183181114825
            ],
            "e_F1": [
                52.469029248760755
            ],
            "epoch": [
                223
            ]
        }
    ],
    "average f1": [
        49.76015669465678
    ]
}