{
    "1": [
        {
            "t_F1": [
                60.53992017539114
            ],
            "e_F1": [
                45.68021827746803
            ],
            "epoch": [
                227
            ]
        }
    ],
    "2": [
        {
            "t_F1": [
                61.82971393860893
            ],
            "e_F1": [
                50.63684329099011
            ],
            "epoch": [
                306
            ]
        }
    ],
    "3": [
        {
            "t_F1": [
                58.88101692398469
            ],
            "e_F1": [
                49.29690677717939
            ],
            "epoch": [
                218
            ]
        }
    ],
    "4": [
        {
            "t_F1": [
                58.544857907646055
            ],
            "e_F1": [
                45.519371391951786
            ],
            "epoch": [
                233
            ]
        }
    ],
    "5": [
        {
            "t_F1": [
                55.18078567364731
            ],
            "e_F1": [
                42.393539028155224
            ],
            "epoch": [
                166
            ]
        }
    ],
    "6": [
        {
            "t_F1": [
                65.30155871925463
            ],
            "e_F1": [
                53.801045430096615
            ],
            "epoch": [
                282
            ]
        }
    ],
    "7": [
        {
            "t_F1": [
                59.94520892762972
            ],
            "e_F1": [
                45.43842465656214
            ],
            "epoch": [
                224
            ]
        }
    ],
    "8": [
        {
            "t_F1": [
                57.80389146296139
            ],
            "e_F1": [
                50.69770295213431
            ],
            "epoch": [
                229
            ]
        }
    ],
    "9": [
        {
            "t_F1": [
                58.156425116014354
            ],
            "e_F1": [
                45.16386633420565
            ],
            "epoch": [
                222
            ]
        }
    ],
    "10": [
        {
            "t_F1": [
                59.909239878596956
            ],
            "e_F1": [
                47.99229620926385
            ],
            "epoch": [
                223
            ]
        }
    ],
    "average f1": [
        47.66202143480071
    ]
}