{
    "1": [
        {
            "t_F1": [
                64.76513876482421
            ],
            "e_F1": [
                49.26621694837204
            ],
            "epoch": [
                232
            ]
        }
    ],
    "2": [
        {
            "t_F1": [
                58.71615161158166
            ],
            "e_F1": [
                48.82021019751201
            ],
            "epoch": [
                198
            ]
        }
    ],
    "3": [
        {
            "t_F1": [
                64.31176185442928
            ],
            "e_F1": [
                51.584185647275014
            ],
            "epoch": [
                240
            ]
        }
    ],
    "4": [
        {
            "t_F1": [
                62.05096273190133
            ],
            "e_F1": [
                51.5825841782084
            ],
            "epoch": [
                255
            ]
        }
    ],
    "5": [
        {
            "t_F1": [
                58.41797300875308
            ],
            "e_F1": [
                42.35199801439563
            ],
            "epoch": [
                168
            ]
        }
    ],
    "6": [
        {
            "t_F1": [
                64.67934382416182
            ],
            "e_F1": [
                51.50789837058559
            ],
            "epoch": [
                250
            ]
        }
    ],
    "7": [
        {
            "t_F1": [
                65.58772207077291
            ],
            "e_F1": [
                50.052975102270004
            ],
            "epoch": [
                273
            ]
        }
    ],
    "8": [
        {
            "t_F1": [
                60.97306952641491
            ],
            "e_F1": [
                51.786245321343614
            ],
            "epoch": [
                251
            ]
        }
    ],
    "9": [
        {
            "t_F1": [
                65.14104592956444
            ],
            "e_F1": [
                55.86130959509268
            ],
            "epoch": [
                264
            ]
        }
    ],
    "10": [
        {
            "t_F1": [
                57.68092938162046
            ],
            "e_F1": [
                50.53939885788339
            ],
            "epoch": [
                227
            ]
        }
    ],
    "average f1": [
        50.33530222329384
    ]
}