{
    "1": [
        {
            "t_F1": [
                66.12973433069635
            ],
            "e_F1": [
                55.35068487967334
            ],
            "epoch": [
                304
            ]
        }
    ],
    "2": [
        {
            "t_F1": [
                65.50406693365949
            ],
            "e_F1": [
                53.855292313620964
            ],
            "epoch": [
                346
            ]
        }
    ],
    "3": [
        {
            "t_F1": [
                69.66911407160589
            ],
            "e_F1": [
                53.49647276437447
            ],
            "epoch": [
                333
            ]
        }
    ],
    "4": [
        {
            "t_F1": [
                66.95039904726355
            ],
            "e_F1": [
                51.877776105797444
            ],
            "epoch": [
                315
            ]
        }
    ],
    "5": [
        {
            "t_F1": [
                67.55051125127228
            ],
            "e_F1": [
                50.76079419193702
            ],
            "epoch": [
                292
            ]
        }
    ],
    "6": [
        {
            "t_F1": [
                66.57488863671222
            ],
            "e_F1": [
                52.81187474989996
            ],
            "epoch": [
                328
            ]
        }
    ],
    "7": [
        {
            "t_F1": [
                69.63361819887245
            ],
            "e_F1": [
                52.10292190091752
            ],
            "epoch": [
                304
            ]
        }
    ],
    "8": [
        {
            "t_F1": [
                58.095166259318034
            ],
            "e_F1": [
                53.322776325095056
            ],
            "epoch": [
                267
            ]
        }
    ],
    "9": [
        {
            "t_F1": [
                65.54224108995867
            ],
            "e_F1": [
                57.332301573717025
            ],
            "epoch": [
                337
            ]
        }
    ],
    "10": [
        {
            "t_F1": [
                67.50227475533994
            ],
            "e_F1": [
                52.55817546267127
            ],
            "epoch": [
                288
            ]
        }
    ],
    "average f1": [
        53.34690702677041
    ]
}