{
    "1": [
        {
            "t_F1": [
                65.68847998930352
            ],
            "e_F1": [
                50.622839221322344
            ],
            "epoch": [
                244
            ]
        }
    ],
    "2": [
        {
            "t_F1": [
                69.09805735430157
            ],
            "e_F1": [
                55.19084260350298
            ],
            "epoch": [
                306
            ]
        }
    ],
    "3": [
        {
            "t_F1": [
                65.85118505719363
            ],
            "e_F1": [
                54.76324650236044
            ],
            "epoch": [
                271
            ]
        }
    ],
    "4": [
        {
            "t_F1": [
                69.37307815395465
            ],
            "e_F1": [
                55.2903660461647
            ],
            "epoch": [
                303
            ]
        }
    ],
    "5": [
        {
            "t_F1": [
                55.39757764881459
            ],
            "e_F1": [
                44.78061838755089
            ],
            "epoch": [
                206
            ]
        }
    ],
    "6": [
        {
            "t_F1": [
                67.60709314411473
            ],
            "e_F1": [
                55.25770318392404
            ],
            "epoch": [
                319
            ]
        }
    ],
    "7": [
        {
            "t_F1": [
                70.97559564960811
            ],
            "e_F1": [
                55.71152671811402
            ],
            "epoch": [
                323
            ]
        }
    ],
    "8": [
        {
            "t_F1": [
                60.06839192052753
            ],
            "e_F1": [
                49.13882532297523
            ],
            "epoch": [
                217
            ]
        }
    ],
    "9": [
        {
            "t_F1": [
                68.51600831874623
            ],
            "e_F1": [
                55.085359726101025
            ],
            "epoch": [
                288
            ]
        }
    ],
    "10": [
        {
            "t_F1": [
                66.5846705146421
            ],
            "e_F1": [
                54.70907449580436
            ],
            "epoch": [
                309
            ]
        }
    ],
    "average f1": [
        53.055040220782004
    ]
}