{
    "1": [
        {
            "t_F1": [
                69.02253149623546
            ],
            "e_F1": [
                52.18977391172513
            ],
            "epoch": [
                263
            ]
        }
    ],
    "2": [
        {
            "t_F1": [
                59.72009753512902
            ],
            "e_F1": [
                51.2544208305153
            ],
            "epoch": [
                268
            ]
        }
    ],
    "3": [
        {
            "t_F1": [
                64.39096943549758
            ],
            "e_F1": [
                52.99111423084377
            ],
            "epoch": [
                255
            ]
        }
    ],
    "4": [
        {
            "t_F1": [
                62.39541444112997
            ],
            "e_F1": [
                54.005690450776
            ],
            "epoch": [
                266
            ]
        }
    ],
    "5": [
        {
            "t_F1": [
                66.78217437821475
            ],
            "e_F1": [
                51.772797675575454
            ],
            "epoch": [
                301
            ]
        }
    ],
    "6": [
        {
            "t_F1": [
                69.79937400956976
            ],
            "e_F1": [
                54.04745182388832
            ],
            "epoch": [
                328
            ]
        }
    ],
    "7": [
        {
            "t_F1": [
                68.08376804625354
            ],
            "e_F1": [
                53.07882558991892
            ],
            "epoch": [
                314
            ]
        }
    ],
    "8": [
        {
            "t_F1": [
                65.03997520186772
            ],
            "e_F1": [
                54.37033621500104
            ],
            "epoch": [
                268
            ]
        }
    ],
    "9": [
        {
            "t_F1": [
                64.42266596347602
            ],
            "e_F1": [
                52.39082575178832
            ],
            "epoch": [
                276
            ]
        }
    ],
    "10": [
        {
            "t_F1": [
                61.431560489740654
            ],
            "e_F1": [
                52.55599550948272
            ],
            "epoch": [
                233
            ]
        }
    ],
    "average f1": [
        52.8657231989515
    ]
}