{
    "1": [
        {
            "t_F1": [
                58.019067603488935
            ],
            "e_F1": [
                46.74222940297196
            ],
            "epoch": [
                246
            ]
        }
    ],
    "2": [
        {
            "t_F1": [
                57.62864350577984
            ],
            "e_F1": [
                45.11619417021135
            ],
            "epoch": [
                288
            ]
        }
    ],
    "3": [
        {
            "t_F1": [
                52.63706361093321
            ],
            "e_F1": [
                48.58525896440551
            ],
            "epoch": [
                226
            ]
        }
    ],
    "4": [
        {
            "t_F1": [
                57.43051223400568
            ],
            "e_F1": [
                49.90461256476111
            ],
            "epoch": [
                311
            ]
        }
    ],
    "5": [
        {
            "t_F1": [
                59.98318209316395
            ],
            "e_F1": [
                50.78769546937396
            ],
            "epoch": [
                303
            ]
        }
    ],
    "6": [
        {
            "t_F1": [
                59.83032612704173
            ],
            "e_F1": [
                50.76455665045367
            ],
            "epoch": [
                317
            ]
        }
    ],
    "7": [
        {
            "t_F1": [
                63.449013553639745
            ],
            "e_F1": [
                48.28936653229084
            ],
            "epoch": [
                316
            ]
        }
    ],
    "8": [
        {
            "t_F1": [
                56.60044275114179
            ],
            "e_F1": [
                52.77540563448233
            ],
            "epoch": [
                279
            ]
        }
    ],
    "9": [
        {
            "t_F1": [
                63.080824359339026
            ],
            "e_F1": [
                49.70537741084394
            ],
            "epoch": [
                349
            ]
        }
    ],
    "10": [
        {
            "t_F1": [
                57.74565762480055
            ],
            "e_F1": [
                48.65725252859514
            ],
            "epoch": [
                285
            ]
        }
    ],
    "average f1": [
        49.13279493283899
    ]
}