{
    "1": [
        {
            "t_F1": [
                67.44235476754592
            ],
            "e_F1": [
                48.03475064063131
            ],
            "epoch": [
                207
            ]
        }
    ],
    "2": [
        {
            "t_F1": [
                61.93629856908396
            ],
            "e_F1": [
                52.402070342824224
            ],
            "epoch": [
                209
            ]
        }
    ],
    "3": [
        {
            "t_F1": [
                70.99307202025376
            ],
            "e_F1": [
                52.647652270235476
            ],
            "epoch": [
                259
            ]
        }
    ],
    "4": [
        {
            "t_F1": [
                67.57240749771793
            ],
            "e_F1": [
                54.422609206619896
            ],
            "epoch": [
                257
            ]
        }
    ],
    "5": [
        {
            "t_F1": [
                65.42541251110116
            ],
            "e_F1": [
                49.937843785082435
            ],
            "epoch": [
                258
            ]
        }
    ],
    "6": [
        {
            "t_F1": [
                69.76217129957601
            ],
            "e_F1": [
                54.33298961655596
            ],
            "epoch": [
                288
            ]
        }
    ],
    "7": [
        {
            "t_F1": [
                62.709569525302285
            ],
            "e_F1": [
                53.26952971372761
            ],
            "epoch": [
                239
            ]
        }
    ],
    "8": [
        {
            "t_F1": [
                64.62335380763666
            ],
            "e_F1": [
                49.560279870014384
            ],
            "epoch": [
                196
            ]
        }
    ],
    "9": [
        {
            "t_F1": [
                65.83362223997644
            ],
            "e_F1": [
                56.200352431926525
            ],
            "epoch": [
                257
            ]
        }
    ],
    "10": [
        {
            "t_F1": [
                66.61376807166393
            ],
            "e_F1": [
                54.908537701754625
            ],
            "epoch": [
                224
            ]
        }
    ],
    "average f1": [
        52.57166155793725
    ]
}