{
    "1": [
        {
            "t_F1": [
                63.69552820198634
            ],
            "e_F1": [
                47.42894785542165
            ],
            "epoch": [
                231
            ]
        }
    ],
    "2": [
        {
            "t_F1": [
                64.88026512880482
            ],
            "e_F1": [
                52.17254913783728
            ],
            "epoch": [
                277
            ]
        }
    ],
    "3": [
        {
            "t_F1": [
                63.55516705516706
            ],
            "e_F1": [
                50.43160719565265
            ],
            "epoch": [
                246
            ]
        }
    ],
    "4": [
        {
            "t_F1": [
                61.42887657135485
            ],
            "e_F1": [
                54.04467583468372
            ],
            "epoch": [
                257
            ]
        }
    ],
    "5": [
        {
            "t_F1": [
                55.464330422205336
            ],
            "e_F1": [
                42.65065260154035
            ],
            "epoch": [
                161
            ]
        }
    ],
    "6": [
        {
            "t_F1": [
                61.37533360498967
            ],
            "e_F1": [
                49.08891467399172
            ],
            "epoch": [
                214
            ]
        }
    ],
    "7": [
        {
            "t_F1": [
                60.845114800811004
            ],
            "e_F1": [
                50.77441976244798
            ],
            "epoch": [
                245
            ]
        }
    ],
    "8": [
        {
            "t_F1": [
                63.46518881699995
            ],
            "e_F1": [
                50.99081234224925
            ],
            "epoch": [
                251
            ]
        }
    ],
    "9": [
        {
            "t_F1": [
                65.80031208798846
            ],
            "e_F1": [
                51.729921907034424
            ],
            "epoch": [
                305
            ]
        }
    ],
    "10": [
        {
            "t_F1": [
                58.89285252902218
            ],
            "e_F1": [
                51.23836725211839
            ],
            "epoch": [
                229
            ]
        }
    ],
    "average f1": [
        50.055086856297734
    ]
}