{
    "1": [
        {
            "t_F1": [
                64.14553752535497
            ],
            "e_F1": [
                52.12248790789563
            ],
            "epoch": [
                266
            ]
        }
    ],
    "2": [
        {
            "t_F1": [
                62.59523655062211
            ],
            "e_F1": [
                54.91117691660198
            ],
            "epoch": [
                284
            ]
        }
    ],
    "3": [
        {
            "t_F1": [
                64.22727233499687
            ],
            "e_F1": [
                52.64826018965875
            ],
            "epoch": [
                274
            ]
        }
    ],
    "4": [
        {
            "t_F1": [
                62.67125848161877
            ],
            "e_F1": [
                52.45915011834572
            ],
            "epoch": [
                261
            ]
        }
    ],
    "5": [
        {
            "t_F1": [
                58.58050132208889
            ],
            "e_F1": [
                45.52221876404883
            ],
            "epoch": [
                205
            ]
        }
    ],
    "6": [
        {
            "t_F1": [
                59.32634595588022
            ],
            "e_F1": [
                48.216114216276736
            ],
            "epoch": [
                278
            ]
        }
    ],
    "7": [
        {
            "t_F1": [
                60.40530915422099
            ],
            "e_F1": [
                45.802384749753166
            ],
            "epoch": [
                233
            ]
        }
    ],
    "8": [
        {
            "t_F1": [
                63.25741069488012
            ],
            "e_F1": [
                51.27941284101512
            ],
            "epoch": [
                254
            ]
        }
    ],
    "9": [
        {
            "t_F1": [
                68.12501169050782
            ],
            "e_F1": [
                57.75452441104484
            ],
            "epoch": [
                330
            ]
        }
    ],
    "10": [
        {
            "t_F1": [
                64.47925549241891
            ],
            "e_F1": [
                53.209147498172804
            ],
            "epoch": [
                264
            ]
        }
    ],
    "average f1": [
        51.39248776128136
    ]
}