{
    "1": [
        {
            "t_F1": [
                62.58039895259926
            ],
            "e_F1": [
                49.92888693745247
            ],
            "epoch": [
                264
            ]
        }
    ],
    "2": [
        {
            "t_F1": [
                63.21249408479957
            ],
            "e_F1": [
                53.524035925024926
            ],
            "epoch": [
                321
            ]
        }
    ],
    "3": [
        {
            "t_F1": [
                56.96784694892709
            ],
            "e_F1": [
                49.763025141261906
            ],
            "epoch": [
                262
            ]
        }
    ],
    "4": [
        {
            "t_F1": [
                66.07726169665499
            ],
            "e_F1": [
                50.838311042997816
            ],
            "epoch": [
                287
            ]
        }
    ],
    "5": [
        {
            "t_F1": [
                61.927682109962156
            ],
            "e_F1": [
                50.791267036695565
            ],
            "epoch": [
                274
            ]
        }
    ],
    "6": [
        {
            "t_F1": [
                63.369586872098424
            ],
            "e_F1": [
                53.84021397668023
            ],
            "epoch": [
                331
            ]
        }
    ],
    "7": [
        {
            "t_F1": [
                59.1218823938049
            ],
            "e_F1": [
                47.43149013647077
            ],
            "epoch": [
                265
            ]
        }
    ],
    "8": [
        {
            "t_F1": [
                56.17960632527993
            ],
            "e_F1": [
                49.69612634707315
            ],
            "epoch": [
                251
            ]
        }
    ],
    "9": [
        {
            "t_F1": [
                59.13097642561769
            ],
            "e_F1": [
                53.5477612189941
            ],
            "epoch": [
                287
            ]
        }
    ],
    "10": [
        {
            "t_F1": [
                64.28966000733325
            ],
            "e_F1": [
                54.706845745830655
            ],
            "epoch": [
                358
            ]
        }
    ],
    "average f1": [
        51.406796350848154
    ]
}