{
    "1": [
        {
            "t_F1": [
                68.91836323614089
            ],
            "e_F1": [
                53.61447636855985
            ],
            "epoch": [
                322
            ]
        }
    ],
    "2": [
        {
            "t_F1": [
                69.0204527052378
            ],
            "e_F1": [
                53.37303563599779
            ],
            "epoch": [
                268
            ]
        }
    ],
    "3": [
        {
            "t_F1": [
                64.50807378509057
            ],
            "e_F1": [
                54.53340496503946
            ],
            "epoch": [
                268
            ]
        }
    ],
    "4": [
        {
            "t_F1": [
                69.15461095300589
            ],
            "e_F1": [
                52.38042385026726
            ],
            "epoch": [
                266
            ]
        }
    ],
    "5": [
        {
            "t_F1": [
                55.35397786977628
            ],
            "e_F1": [
                44.63122403404377
            ],
            "epoch": [
                206
            ]
        }
    ],
    "6": [
        {
            "t_F1": [
                69.47408504545886
            ],
            "e_F1": [
                56.2163035524912
            ],
            "epoch": [
                301
            ]
        }
    ],
    "7": [
        {
            "t_F1": [
                65.30836084181179
            ],
            "e_F1": [
                52.479538989046404
            ],
            "epoch": [
                300
            ]
        }
    ],
    "8": [
        {
            "t_F1": [
                57.589010290095445
            ],
            "e_F1": [
                51.843237032030245
            ],
            "epoch": [
                210
            ]
        }
    ],
    "9": [
        {
            "t_F1": [
                69.28267702327497
            ],
            "e_F1": [
                56.01209019433318
            ],
            "epoch": [
                298
            ]
        }
    ],
    "10": [
        {
            "t_F1": [
                62.51010011137789
            ],
            "e_F1": [
                53.401872014637995
            ],
            "epoch": [
                230
            ]
        }
    ],
    "average f1": [
        52.84856066364472
    ]
}