{
    "1": [
        {
            "t_F1": [
                75.1074303994643
            ],
            "e_F1": [
                54.74260349683998
            ],
            "epoch": [
                256
            ]
        }
    ],
    "2": [
        {
            "t_F1": [
                73.07826429591687
            ],
            "e_F1": [
                56.35089282333475
            ],
            "epoch": [
                257
            ]
        }
    ],
    "3": [
        {
            "t_F1": [
                72.82486611177842
            ],
            "e_F1": [
                57.968905994702254
            ],
            "epoch": [
                251
            ]
        }
    ],
    "4": [
        {
            "t_F1": [
                72.77139903139795
            ],
            "e_F1": [
                59.12005027136027
            ],
            "epoch": [
                260
            ]
        }
    ],
    "5": [
        {
            "t_F1": [
                66.96850980512824
            ],
            "e_F1": [
                55.52323746182758
            ],
            "epoch": [
                241
            ]
        }
    ],
    "6": [
        {
            "t_F1": [
                74.53406905912531
            ],
            "e_F1": [
                59.338787319235585
            ],
            "epoch": [
                287
            ]
        }
    ],
    "7": [
        {
            "t_F1": [
                70.13005765792036
            ],
            "e_F1": [
                53.16300878254259
            ],
            "epoch": [
                251
            ]
        }
    ],
    "8": [
        {
            "t_F1": [
                70.09837268487509
            ],
            "e_F1": [
                57.37721623954458
            ],
            "epoch": [
                207
            ]
        }
    ],
    "9": [
        {
            "t_F1": [
                68.33302988994147
            ],
            "e_F1": [
                58.266641618738056
            ],
            "epoch": [
                228
            ]
        }
    ],
    "10": [
        {
            "t_F1": [
                71.44492528734119
            ],
            "e_F1": [
                57.39630687253492
            ],
            "epoch": [
                266
            ]
        }
    ],
    "average f1": [
        56.92476508806605
    ]
}