{
    "1": [
        {
            "t_F1": [
                50.12278729382298
            ],
            "e_F1": [
                40.12756553762827
            ],
            "epoch": [
                184
            ]
        }
    ],
    "2": [
        {
            "t_F1": [
                58.97222227797256
            ],
            "e_F1": [
                51.486884978820456
            ],
            "epoch": [
                293
            ]
        }
    ],
    "3": [
        {
            "t_F1": [
                60.51556203567321
            ],
            "e_F1": [
                51.439271927233555
            ],
            "epoch": [
                300
            ]
        }
    ],
    "4": [
        {
            "t_F1": [
                60.43824259842792
            ],
            "e_F1": [
                50.577858465008454
            ],
            "epoch": [
                321
            ]
        }
    ],
    "5": [
        {
            "t_F1": [
                54.72006856922111
            ],
            "e_F1": [
                43.96597779946497
            ],
            "epoch": [
                212
            ]
        }
    ],
    "6": [
        {
            "t_F1": [
                62.98490427921571
            ],
            "e_F1": [
                51.9676680540307
            ],
            "epoch": [
                319
            ]
        }
    ],
    "7": [
        {
            "t_F1": [
                60.9060869071931
            ],
            "e_F1": [
                52.7971122684734
            ],
            "epoch": [
                314
            ]
        }
    ],
    "8": [
        {
            "t_F1": [
                53.203956807369934
            ],
            "e_F1": [
                43.29228175419411
            ],
            "epoch": [
                221
            ]
        }
    ],
    "9": [
        {
            "t_F1": [
                63.065324431795624
            ],
            "e_F1": [
                50.86075865989098
            ],
            "epoch": [
                300
            ]
        }
    ],
    "10": [
        {
            "t_F1": [
                52.46024660142478
            ],
            "e_F1": [
                47.65044870838048
            ],
            "epoch": [
                233
            ]
        }
    ],
    "average f1": [
        48.41658281531254
    ]
}