{
    "1": [
        {
            "t_F1": [
                64.6539382503881
            ],
            "e_F1": [
                52.77188250942236
            ],
            "epoch": [
                304
            ]
        }
    ],
    "2": [
        {
            "t_F1": [
                66.23014986435317
            ],
            "e_F1": [
                51.75874648470135
            ],
            "epoch": [
                330
            ]
        }
    ],
    "3": [
        {
            "t_F1": [
                67.5586557450922
            ],
            "e_F1": [
                51.0286714734608
            ],
            "epoch": [
                302
            ]
        }
    ],
    "4": [
        {
            "t_F1": [
                65.70859961797538
            ],
            "e_F1": [
                51.251524194463386
            ],
            "epoch": [
                269
            ]
        }
    ],
    "5": [
        {
            "t_F1": [
                67.40838159626189
            ],
            "e_F1": [
                53.66479447542798
            ],
            "epoch": [
                344
            ]
        }
    ],
    "6": [
        {
            "t_F1": [
                66.57726450392354
            ],
            "e_F1": [
                49.04984382593491
            ],
            "epoch": [
                330
            ]
        }
    ],
    "7": [
        {
            "t_F1": [
                62.65091567847411
            ],
            "e_F1": [
                47.80276323754585
            ],
            "epoch": [
                245
            ]
        }
    ],
    "8": [
        {
            "t_F1": [
                67.2979575906368
            ],
            "e_F1": [
                54.09859491897221
            ],
            "epoch": [
                328
            ]
        }
    ],
    "9": [
        {
            "t_F1": [
                70.49281707403304
            ],
            "e_F1": [
                58.00207458252229
            ],
            "epoch": [
                382
            ]
        }
    ],
    "10": [
        {
            "t_F1": [
                66.05912614667808
            ],
            "e_F1": [
                54.52457682012153
            ],
            "epoch": [
                307
            ]
        }
    ],
    "average f1": [
        52.39534725225726
    ]
}