{
    "1": [
        {
            "t_F1": [
                62.26811278884898
            ],
            "e_F1": [
                49.85798396529761
            ],
            "epoch": [
                263
            ]
        }
    ],
    "2": [
        {
            "t_F1": [
                59.12050793164575
            ],
            "e_F1": [
                52.482735013364504
            ],
            "epoch": [
                288
            ]
        }
    ],
    "3": [
        {
            "t_F1": [
                65.6378054255069
            ],
            "e_F1": [
                50.87014511047534
            ],
            "epoch": [
                314
            ]
        }
    ],
    "4": [
        {
            "t_F1": [
                62.67504015435452
            ],
            "e_F1": [
                51.24728197017353
            ],
            "epoch": [
                278
            ]
        }
    ],
    "5": [
        {
            "t_F1": [
                63.856574493489504
            ],
            "e_F1": [
                49.639711223314734
            ],
            "epoch": [
                256
            ]
        }
    ],
    "6": [
        {
            "t_F1": [
                59.81497682863439
            ],
            "e_F1": [
                55.09477202896842
            ],
            "epoch": [
                233
            ]
        }
    ],
    "7": [
        {
            "t_F1": [
                56.741110445910515
            ],
            "e_F1": [
                43.288899489847
            ],
            "epoch": [
                190
            ]
        }
    ],
    "8": [
        {
            "t_F1": [
                61.70699753875275
            ],
            "e_F1": [
                52.72987461044912
            ],
            "epoch": [
                255
            ]
        }
    ],
    "9": [
        {
            "t_F1": [
                62.36880363094816
            ],
            "e_F1": [
                50.32911123186607
            ],
            "epoch": [
                260
            ]
        }
    ],
    "10": [
        {
            "t_F1": [
                54.31287717637021
            ],
            "e_F1": [
                48.407068817674684
            ],
            "epoch": [
                196
            ]
        }
    ],
    "average f1": [
        50.3947583461431
    ]
}