{
    "1": [
        {
            "t_F1": [
                64.5052953830508
            ],
            "e_F1": [
                51.30494275225052
            ],
            "epoch": [
                266
            ]
        }
    ],
    "2": [
        {
            "t_F1": [
                62.372394400635734
            ],
            "e_F1": [
                55.074098251980274
            ],
            "epoch": [
                269
            ]
        }
    ],
    "3": [
        {
            "t_F1": [
                66.84897768977052
            ],
            "e_F1": [
                52.663069581210706
            ],
            "epoch": [
                298
            ]
        }
    ],
    "4": [
        {
            "t_F1": [
                67.55449607939131
            ],
            "e_F1": [
                50.74569097925351
            ],
            "epoch": [
                314
            ]
        }
    ],
    "5": [
        {
            "t_F1": [
                65.44003506655945
            ],
            "e_F1": [
                52.0838763784525
            ],
            "epoch": [
                290
            ]
        }
    ],
    "6": [
        {
            "t_F1": [
                60.48180035299199
            ],
            "e_F1": [
                51.63227180450958
            ],
            "epoch": [
                268
            ]
        }
    ],
    "7": [
        {
            "t_F1": [
                58.333566824671635
            ],
            "e_F1": [
                47.69984192466
            ],
            "epoch": [
                203
            ]
        }
    ],
    "8": [
        {
            "t_F1": [
                61.93517080745341
            ],
            "e_F1": [
                48.58886955317131
            ],
            "epoch": [
                237
            ]
        }
    ],
    "9": [
        {
            "t_F1": [
                64.73673405485927
            ],
            "e_F1": [
                54.027867043595336
            ],
            "epoch": [
                333
            ]
        }
    ],
    "10": [
        {
            "t_F1": [
                65.51708261406235
            ],
            "e_F1": [
                53.33756041521247
            ],
            "epoch": [
                248
            ]
        }
    ],
    "average f1": [
        51.71580886842962
    ]
}