{
    "1": [
        {
            "t_F1": [
                64.74242413746335
            ],
            "e_F1": [
                49.7911406228239
            ],
            "epoch": [
                205
            ]
        }
    ],
    "2": [
        {
            "t_F1": [
                67.75386800488221
            ],
            "e_F1": [
                53.91332817875594
            ],
            "epoch": [
                241
            ]
        }
    ],
    "3": [
        {
            "t_F1": [
                67.9563554341408
            ],
            "e_F1": [
                50.4853280785694
            ],
            "epoch": [
                218
            ]
        }
    ],
    "4": [
        {
            "t_F1": [
                66.67277238676446
            ],
            "e_F1": [
                54.08483128769945
            ],
            "epoch": [
                227
            ]
        }
    ],
    "5": [
        {
            "t_F1": [
                66.23543267737931
            ],
            "e_F1": [
                53.04677276126386
            ],
            "epoch": [
                177
            ]
        }
    ],
    "6": [
        {
            "t_F1": [
                72.0388640217877
            ],
            "e_F1": [
                57.146976362817156
            ],
            "epoch": [
                276
            ]
        }
    ],
    "7": [
        {
            "t_F1": [
                67.10359938454572
            ],
            "e_F1": [
                56.64899923151484
            ],
            "epoch": [
                248
            ]
        }
    ],
    "8": [
        {
            "t_F1": [
                69.65887336469929
            ],
            "e_F1": [
                53.532851319875775
            ],
            "epoch": [
                196
            ]
        }
    ],
    "9": [
        {
            "t_F1": [
                68.62143422921858
            ],
            "e_F1": [
                54.45272570645342
            ],
            "epoch": [
                252
            ]
        }
    ],
    "10": [
        {
            "t_F1": [
                63.68700785737265
            ],
            "e_F1": [
                55.13330282666368
            ],
            "epoch": [
                192
            ]
        }
    ],
    "average f1": [
        53.82362563764374
    ]
}