{
    "1": [
        {
            "accuracy": [
                30.0
            ]
        }
    ],
    "2": [
        {
            "accuracy": [
                34.44444444444444
            ]
        }
    ],
    "3": [
        {
            "accuracy": [
                33.33333333333333
            ]
        }
    ],
    "4": [
        {
            "accuracy": [
                31.11111111111111
            ]
        }
    ],
    "5": [
        {
            "accuracy": [
                34.44444444444444
            ]
        }
    ],
    "6": [
        {
            "accuracy": [
                33.33333333333333
            ]
        }
    ],
    "7": [
        {
            "accuracy": [
                34.44444444444444
            ]
        }
    ],
    "8": [
        {
            "accuracy": [
                37.77777777777778
            ]
        }
    ],
    "9": [
        {
            "accuracy": [
                35.55555555555556
            ]
        }
    ],
    "10": [
        {
            "accuracy": [
                36.666666666666664
            ]
        }
    ],
    "average accuracy": [
        34.11111111111111
    ]
}