{
    "1": [
        {
            "accuracy": [
                47.77777777777778
            ]
        }
    ],
    "2": [
        {
            "accuracy": [
                45.55555555555556
            ]
        }
    ],
    "3": [
        {
            "accuracy": [
                42.22222222222222
            ]
        }
    ],
    "4": [
        {
            "accuracy": [
                44.44444444444444
            ]
        }
    ],
    "5": [
        {
            "accuracy": [
                54.44444444444444
            ]
        }
    ],
    "6": [
        {
            "accuracy": [
                44.44444444444444
            ]
        }
    ],
    "7": [
        {
            "accuracy": [
                40.0
            ]
        }
    ],
    "8": [
        {
            "accuracy": [
                45.55555555555556
            ]
        }
    ],
    "9": [
        {
            "accuracy": [
                51.11111111111111
            ]
        }
    ],
    "10": [
        {
            "accuracy": [
                44.44444444444444
            ]
        }
    ],
    "average accuracy": [
        46.0
    ]
}