{
    "1": [
        {
            "accuracy": [
                33.33333333333333
            ]
        }
    ],
    "2": [
        {
            "accuracy": [
                36.666666666666664
            ]
        }
    ],
    "3": [
        {
            "accuracy": [
                32.22222222222222
            ]
        }
    ],
    "4": [
        {
            "accuracy": [
                32.22222222222222
            ]
        }
    ],
    "5": [
        {
            "accuracy": [
                35.55555555555556
            ]
        }
    ],
    "6": [
        {
            "accuracy": [
                34.44444444444444
            ]
        }
    ],
    "7": [
        {
            "accuracy": [
                33.33333333333333
            ]
        }
    ],
    "8": [
        {
            "accuracy": [
                42.22222222222222
            ]
        }
    ],
    "9": [
        {
            "accuracy": [
                33.33333333333333
            ]
        }
    ],
    "10": [
        {
            "accuracy": [
                36.666666666666664
            ]
        }
    ],
    "average accuracy": [
        35.0
    ]
}