{
    "1": [
        {
            "accuracy": [
                41.11111111111111
            ]
        }
    ],
    "2": [
        {
            "accuracy": [
                40.0
            ]
        }
    ],
    "3": [
        {
            "accuracy": [
                41.11111111111111
            ]
        }
    ],
    "4": [
        {
            "accuracy": [
                40.0
            ]
        }
    ],
    "5": [
        {
            "accuracy": [
                47.77777777777778
            ]
        }
    ],
    "6": [
        {
            "accuracy": [
                41.11111111111111
            ]
        }
    ],
    "7": [
        {
            "accuracy": [
                42.22222222222222
            ]
        }
    ],
    "8": [
        {
            "accuracy": [
                50.0
            ]
        }
    ],
    "9": [
        {
            "accuracy": [
                45.55555555555556
            ]
        }
    ],
    "10": [
        {
            "accuracy": [
                41.11111111111111
            ]
        }
    ],
    "average accuracy": [
        42.99999999999999
    ]
}