{
    "1": [
        {
            "accuracy": [
                34.44444444444444
            ]
        }
    ],
    "2": [
        {
            "accuracy": [
                41.11111111111111
            ]
        }
    ],
    "3": [
        {
            "accuracy": [
                34.44444444444444
            ]
        }
    ],
    "4": [
        {
            "accuracy": [
                33.33333333333333
            ]
        }
    ],
    "5": [
        {
            "accuracy": [
                36.666666666666664
            ]
        }
    ],
    "6": [
        {
            "accuracy": [
                36.666666666666664
            ]
        }
    ],
    "7": [
        {
            "accuracy": [
                36.666666666666664
            ]
        }
    ],
    "8": [
        {
            "accuracy": [
                42.22222222222222
            ]
        }
    ],
    "9": [
        {
            "accuracy": [
                38.88888888888889
            ]
        }
    ],
    "10": [
        {
            "accuracy": [
                45.55555555555556
            ]
        }
    ],
    "average accuracy": [
        37.99999999999999
    ]
}