{
    "1": [
        {
            "accuracy": [
                38.88888888888889
            ]
        }
    ],
    "2": [
        {
            "accuracy": [
                43.333333333333336
            ]
        }
    ],
    "3": [
        {
            "accuracy": [
                38.88888888888889
            ]
        }
    ],
    "4": [
        {
            "accuracy": [
                37.77777777777778
            ]
        }
    ],
    "5": [
        {
            "accuracy": [
                44.44444444444444
            ]
        }
    ],
    "6": [
        {
            "accuracy": [
                42.22222222222222
            ]
        }
    ],
    "7": [
        {
            "accuracy": [
                40.0
            ]
        }
    ],
    "8": [
        {
            "accuracy": [
                45.55555555555556
            ]
        }
    ],
    "9": [
        {
            "accuracy": [
                42.22222222222222
            ]
        }
    ],
    "10": [
        {
            "accuracy": [
                45.55555555555556
            ]
        }
    ],
    "average accuracy": [
        41.888888888888886
    ]
}