{
    "1": [
        {
            "accuracy": [
                37.77777777777778
            ]
        }
    ],
    "2": [
        {
            "accuracy": [
                41.11111111111111
            ]
        }
    ],
    "3": [
        {
            "accuracy": [
                33.33333333333333
            ]
        }
    ],
    "4": [
        {
            "accuracy": [
                33.33333333333333
            ]
        }
    ],
    "5": [
        {
            "accuracy": [
                38.88888888888889
            ]
        }
    ],
    "6": [
        {
            "accuracy": [
                36.666666666666664
            ]
        }
    ],
    "7": [
        {
            "accuracy": [
                33.33333333333333
            ]
        }
    ],
    "8": [
        {
            "accuracy": [
                41.11111111111111
            ]
        }
    ],
    "9": [
        {
            "accuracy": [
                36.666666666666664
            ]
        }
    ],
    "10": [
        {
            "accuracy": [
                36.666666666666664
            ]
        }
    ],
    "average accuracy": [
        36.888888888888886
    ]
}