{
    "1": [
        {
            "accuracy": [
                34.44444444444444
            ]
        }
    ],
    "2": [
        {
            "accuracy": [
                42.22222222222222
            ]
        }
    ],
    "3": [
        {
            "accuracy": [
                34.44444444444444
            ]
        }
    ],
    "4": [
        {
            "accuracy": [
                34.44444444444444
            ]
        }
    ],
    "5": [
        {
            "accuracy": [
                42.22222222222222
            ]
        }
    ],
    "6": [
        {
            "accuracy": [
                36.666666666666664
            ]
        }
    ],
    "7": [
        {
            "accuracy": [
                37.77777777777778
            ]
        }
    ],
    "8": [
        {
            "accuracy": [
                43.333333333333336
            ]
        }
    ],
    "9": [
        {
            "accuracy": [
                38.88888888888889
            ]
        }
    ],
    "10": [
        {
            "accuracy": [
                42.22222222222222
            ]
        }
    ],
    "average accuracy": [
        38.66666666666667
    ]
}