{
    "1": [
        {
            "accuracy": [
                45.55555555555556
            ]
        }
    ],
    "2": [
        {
            "accuracy": [
                44.44444444444444
            ]
        }
    ],
    "3": [
        {
            "accuracy": [
                41.11111111111111
            ]
        }
    ],
    "4": [
        {
            "accuracy": [
                41.11111111111111
            ]
        }
    ],
    "5": [
        {
            "accuracy": [
                48.888888888888886
            ]
        }
    ],
    "6": [
        {
            "accuracy": [
                41.11111111111111
            ]
        }
    ],
    "7": [
        {
            "accuracy": [
                37.77777777777778
            ]
        }
    ],
    "8": [
        {
            "accuracy": [
                45.55555555555556
            ]
        }
    ],
    "9": [
        {
            "accuracy": [
                46.666666666666664
            ]
        }
    ],
    "10": [
        {
            "accuracy": [
                44.44444444444444
            ]
        }
    ],
    "average accuracy": [
        43.66666666666667
    ]
}