{
    "1": [
        {
            "accuracy": [
                47.77777777777778
            ]
        }
    ],
    "2": [
        {
            "accuracy": [
                45.55555555555556
            ]
        }
    ],
    "3": [
        {
            "accuracy": [
                40.0
            ]
        }
    ],
    "4": [
        {
            "accuracy": [
                45.55555555555556
            ]
        }
    ],
    "5": [
        {
            "accuracy": [
                50.0
            ]
        }
    ],
    "6": [
        {
            "accuracy": [
                37.77777777777778
            ]
        }
    ],
    "7": [
        {
            "accuracy": [
                47.77777777777778
            ]
        }
    ],
    "8": [
        {
            "accuracy": [
                45.55555555555556
            ]
        }
    ],
    "9": [
        {
            "accuracy": [
                46.666666666666664
            ]
        }
    ],
    "10": [
        {
            "accuracy": [
                40.0
            ]
        }
    ],
    "average accuracy": [
        44.66666666666667
    ]
}