{
    "1": [
        {
            "accuracy": [
                44.44444444444444
            ]
        }
    ],
    "2": [
        {
            "accuracy": [
                42.22222222222222
            ]
        }
    ],
    "3": [
        {
            "accuracy": [
                41.11111111111111
            ]
        }
    ],
    "4": [
        {
            "accuracy": [
                42.22222222222222
            ]
        }
    ],
    "5": [
        {
            "accuracy": [
                45.55555555555556
            ]
        }
    ],
    "6": [
        {
            "accuracy": [
                42.22222222222222
            ]
        }
    ],
    "7": [
        {
            "accuracy": [
                35.55555555555556
            ]
        }
    ],
    "8": [
        {
            "accuracy": [
                44.44444444444444
            ]
        }
    ],
    "9": [
        {
            "accuracy": [
                47.77777777777778
            ]
        }
    ],
    "10": [
        {
            "accuracy": [
                43.333333333333336
            ]
        }
    ],
    "average accuracy": [
        42.888888888888886
    ]
}