{
    "1": [
        {
            "accuracy": [
                30.0
            ]
        }
    ],
    "2": [
        {
            "accuracy": [
                34.44444444444444
            ]
        }
    ],
    "3": [
        {
            "accuracy": [
                33.33333333333333
            ]
        }
    ],
    "4": [
        {
            "accuracy": [
                28.888888888888886
            ]
        }
    ],
    "5": [
        {
            "accuracy": [
                33.33333333333333
            ]
        }
    ],
    "6": [
        {
            "accuracy": [
                34.44444444444444
            ]
        }
    ],
    "7": [
        {
            "accuracy": [
                33.33333333333333
            ]
        }
    ],
    "8": [
        {
            "accuracy": [
                38.88888888888889
            ]
        }
    ],
    "9": [
        {
            "accuracy": [
                33.33333333333333
            ]
        }
    ],
    "10": [
        {
            "accuracy": [
                38.88888888888889
            ]
        }
    ],
    "average accuracy": [
        33.88888888888889
    ]
}