{
    "1": [
        {
            "accuracy": [
                53.333333333333336
            ]
        }
    ],
    "2": [
        {
            "accuracy": [
                43.333333333333336
            ]
        }
    ],
    "3": [
        {
            "accuracy": [
                45.55555555555556
            ]
        }
    ],
    "4": [
        {
            "accuracy": [
                53.333333333333336
            ]
        }
    ],
    "5": [
        {
            "accuracy": [
                58.88888888888889
            ]
        }
    ],
    "6": [
        {
            "accuracy": [
                47.77777777777778
            ]
        }
    ],
    "7": [
        {
            "accuracy": [
                48.888888888888886
            ]
        }
    ],
    "8": [
        {
            "accuracy": [
                50.0
            ]
        }
    ],
    "9": [
        {
            "accuracy": [
                50.0
            ]
        }
    ],
    "10": [
        {
            "accuracy": [
                44.44444444444444
            ]
        }
    ],
    "average accuracy": [
        49.55555555555556
    ]
}