{
    "1": [
        {
            "accuracy": [
                33.33333333333333
            ]
        }
    ],
    "2": [
        {
            "accuracy": [
                38.88888888888889
            ]
        }
    ],
    "3": [
        {
            "accuracy": [
                32.22222222222222
            ]
        }
    ],
    "4": [
        {
            "accuracy": [
                31.11111111111111
            ]
        }
    ],
    "5": [
        {
            "accuracy": [
                34.44444444444444
            ]
        }
    ],
    "6": [
        {
            "accuracy": [
                33.33333333333333
            ]
        }
    ],
    "7": [
        {
            "accuracy": [
                34.44444444444444
            ]
        }
    ],
    "8": [
        {
            "accuracy": [
                38.88888888888889
            ]
        }
    ],
    "9": [
        {
            "accuracy": [
                33.33333333333333
            ]
        }
    ],
    "10": [
        {
            "accuracy": [
                37.77777777777778
            ]
        }
    ],
    "average accuracy": [
        34.77777777777778
    ]
}