{
    "1": [
        {
            "accuracy": [
                35.55555555555556
            ]
        }
    ],
    "2": [
        {
            "accuracy": [
                42.22222222222222
            ]
        }
    ],
    "3": [
        {
            "accuracy": [
                36.666666666666664
            ]
        }
    ],
    "4": [
        {
            "accuracy": [
                33.33333333333333
            ]
        }
    ],
    "5": [
        {
            "accuracy": [
                37.77777777777778
            ]
        }
    ],
    "6": [
        {
            "accuracy": [
                36.666666666666664
            ]
        }
    ],
    "7": [
        {
            "accuracy": [
                36.666666666666664
            ]
        }
    ],
    "8": [
        {
            "accuracy": [
                42.22222222222222
            ]
        }
    ],
    "9": [
        {
            "accuracy": [
                40.0
            ]
        }
    ],
    "10": [
        {
            "accuracy": [
                37.77777777777778
            ]
        }
    ],
    "average accuracy": [
        37.888888888888886
    ]
}