{
    "1": [
        {
            "accuracy": [
                43.333333333333336
            ]
        }
    ],
    "2": [
        {
            "accuracy": [
                42.22222222222222
            ]
        }
    ],
    "3": [
        {
            "accuracy": [
                40.0
            ]
        }
    ],
    "4": [
        {
            "accuracy": [
                44.44444444444444
            ]
        }
    ],
    "5": [
        {
            "accuracy": [
                51.11111111111111
            ]
        }
    ],
    "6": [
        {
            "accuracy": [
                41.11111111111111
            ]
        }
    ],
    "7": [
        {
            "accuracy": [
                43.333333333333336
            ]
        }
    ],
    "8": [
        {
            "accuracy": [
                47.77777777777778
            ]
        }
    ],
    "9": [
        {
            "accuracy": [
                52.22222222222223
            ]
        }
    ],
    "10": [
        {
            "accuracy": [
                41.11111111111111
            ]
        }
    ],
    "average accuracy": [
        44.666666666666664
    ]
}