{
    "1": [
        {
            "accuracy": [
                51.11111111111111
            ]
        }
    ],
    "2": [
        {
            "accuracy": [
                42.22222222222222
            ]
        }
    ],
    "3": [
        {
            "accuracy": [
                44.44444444444444
            ]
        }
    ],
    "4": [
        {
            "accuracy": [
                55.55555555555556
            ]
        }
    ],
    "5": [
        {
            "accuracy": [
                52.22222222222223
            ]
        }
    ],
    "6": [
        {
            "accuracy": [
                41.11111111111111
            ]
        }
    ],
    "7": [
        {
            "accuracy": [
                45.55555555555556
            ]
        }
    ],
    "8": [
        {
            "accuracy": [
                51.11111111111111
            ]
        }
    ],
    "9": [
        {
            "accuracy": [
                56.666666666666664
            ]
        }
    ],
    "10": [
        {
            "accuracy": [
                42.22222222222222
            ]
        }
    ],
    "average accuracy": [
        48.222222222222214
    ]
}