{
    "1": [
        {
            "accuracy": [
                53.333333333333336
            ]
        }
    ],
    "2": [
        {
            "accuracy": [
                48.888888888888886
            ]
        }
    ],
    "3": [
        {
            "accuracy": [
                41.11111111111111
            ]
        }
    ],
    "4": [
        {
            "accuracy": [
                51.11111111111111
            ]
        }
    ],
    "5": [
        {
            "accuracy": [
                54.44444444444444
            ]
        }
    ],
    "6": [
        {
            "accuracy": [
                38.88888888888889
            ]
        }
    ],
    "7": [
        {
            "accuracy": [
                46.666666666666664
            ]
        }
    ],
    "8": [
        {
            "accuracy": [
                45.55555555555556
            ]
        }
    ],
    "9": [
        {
            "accuracy": [
                53.333333333333336
            ]
        }
    ],
    "10": [
        {
            "accuracy": [
                42.22222222222222
            ]
        }
    ],
    "average accuracy": [
        47.55555555555556
    ]
}