{
    "1": [
        {
            "accuracy": [
                32.22222222222222
            ]
        }
    ],
    "2": [
        {
            "accuracy": [
                37.77777777777778
            ]
        }
    ],
    "3": [
        {
            "accuracy": [
                35.55555555555556
            ]
        }
    ],
    "4": [
        {
            "accuracy": [
                34.44444444444444
            ]
        }
    ],
    "5": [
        {
            "accuracy": [
                46.666666666666664
            ]
        }
    ],
    "6": [
        {
            "accuracy": [
                35.55555555555556
            ]
        }
    ],
    "7": [
        {
            "accuracy": [
                33.33333333333333
            ]
        }
    ],
    "8": [
        {
            "accuracy": [
                38.88888888888889
            ]
        }
    ],
    "9": [
        {
            "accuracy": [
                37.77777777777778
            ]
        }
    ],
    "10": [
        {
            "accuracy": [
                40.0
            ]
        }
    ],
    "average accuracy": [
        37.22222222222222
    ]
}