{
    "1": [
        {
            "accuracy": [
                43.333333333333336
            ]
        }
    ],
    "2": [
        {
            "accuracy": [
                45.55555555555556
            ]
        }
    ],
    "3": [
        {
            "accuracy": [
                41.11111111111111
            ]
        }
    ],
    "4": [
        {
            "accuracy": [
                47.77777777777778
            ]
        }
    ],
    "5": [
        {
            "accuracy": [
                47.77777777777778
            ]
        }
    ],
    "6": [
        {
            "accuracy": [
                36.666666666666664
            ]
        }
    ],
    "7": [
        {
            "accuracy": [
                46.666666666666664
            ]
        }
    ],
    "8": [
        {
            "accuracy": [
                48.888888888888886
            ]
        }
    ],
    "9": [
        {
            "accuracy": [
                45.55555555555556
            ]
        }
    ],
    "10": [
        {
            "accuracy": [
                41.11111111111111
            ]
        }
    ],
    "average accuracy": [
        44.44444444444444
    ]
}