{
    "1": [
        {
            "accuracy": [
                32.22222222222222
            ]
        }
    ],
    "2": [
        {
            "accuracy": [
                34.44444444444444
            ]
        }
    ],
    "3": [
        {
            "accuracy": [
                32.22222222222222
            ]
        }
    ],
    "4": [
        {
            "accuracy": [
                30.0
            ]
        }
    ],
    "5": [
        {
            "accuracy": [
                36.666666666666664
            ]
        }
    ],
    "6": [
        {
            "accuracy": [
                32.22222222222222
            ]
        }
    ],
    "7": [
        {
            "accuracy": [
                32.22222222222222
            ]
        }
    ],
    "8": [
        {
            "accuracy": [
                34.44444444444444
            ]
        }
    ],
    "9": [
        {
            "accuracy": [
                32.22222222222222
            ]
        }
    ],
    "10": [
        {
            "accuracy": [
                34.44444444444444
            ]
        }
    ],
    "average accuracy": [
        33.111111111111114
    ]
}