{
    "1": [
        {
            "accuracy": [
                30.0
            ]
        }
    ],
    "2": [
        {
            "accuracy": [
                33.33333333333333
            ]
        }
    ],
    "3": [
        {
            "accuracy": [
                31.11111111111111
            ]
        }
    ],
    "4": [
        {
            "accuracy": [
                27.77777777777778
            ]
        }
    ],
    "5": [
        {
            "accuracy": [
                33.33333333333333
            ]
        }
    ],
    "6": [
        {
            "accuracy": [
                32.22222222222222
            ]
        }
    ],
    "7": [
        {
            "accuracy": [
                31.11111111111111
            ]
        }
    ],
    "8": [
        {
            "accuracy": [
                33.33333333333333
            ]
        }
    ],
    "9": [
        {
            "accuracy": [
                32.22222222222222
            ]
        }
    ],
    "10": [
        {
            "accuracy": [
                34.44444444444444
            ]
        }
    ],
    "average accuracy": [
        31.888888888888893
    ]
}