{
    "1": [
        {
            "accuracy": [
                48.888888888888886
            ]
        }
    ],
    "2": [
        {
            "accuracy": [
                43.333333333333336
            ]
        }
    ],
    "3": [
        {
            "accuracy": [
                41.11111111111111
            ]
        }
    ],
    "4": [
        {
            "accuracy": [
                50.0
            ]
        }
    ],
    "5": [
        {
            "accuracy": [
                52.22222222222223
            ]
        }
    ],
    "6": [
        {
            "accuracy": [
                40.0
            ]
        }
    ],
    "7": [
        {
            "accuracy": [
                45.55555555555556
            ]
        }
    ],
    "8": [
        {
            "accuracy": [
                50.0
            ]
        }
    ],
    "9": [
        {
            "accuracy": [
                55.55555555555556
            ]
        }
    ],
    "10": [
        {
            "accuracy": [
                44.44444444444444
            ]
        }
    ],
    "average accuracy": [
        47.11111111111111
    ]
}