{"loss": 0.005560075915935967, "accuracy": 99.24242424242425, "precision": 99.25270965709586, "recall": 99.22482943771462, "F1_measure": 99.2364688737103, "_runtime": 513, "_timestamp": 1637818012, "_step": 7, "_wandb": {"runtime": 512}}