{
    "1": [
        {
            "F1": [
                52.433031988991864
            ]
        }
    ],
    "2": [
        {
            "F1": [
                52.930831069029324
            ]
        }
    ],
    "3": [
        {
            "F1": [
                52.21390306926325
            ]
        }
    ],
    "4": [
        {
            "F1": [
                56.54809485110477
            ]
        }
    ],
    "5": [
        {
            "F1": [
                55.34442832891072
            ]
        }
    ],
    "6": [
        {
            "F1": [
                52.28917752513678
            ]
        }
    ],
    "7": [
        {
            "F1": [
                50.739324279417666
            ]
        }
    ],
    "8": [
        {
            "F1": [
                52.59550423596612
            ]
        }
    ],
    "9": [
        {
            "F1": [
                56.668259034880094
            ]
        }
    ],
    "10": [
        {
            "F1": [
                49.69304449569365
            ]
        }
    ],
    "average f1": [
        53.14555988783943
    ]
}