{
    "1": [
        {
            "F1": [
                51.4737014876444
            ]
        }
    ],
    "2": [
        {
            "F1": [
                52.490725631203716
            ]
        }
    ],
    "3": [
        {
            "F1": [
                52.44418814908297
            ]
        }
    ],
    "4": [
        {
            "F1": [
                55.250203253109284
            ]
        }
    ],
    "5": [
        {
            "F1": [
                54.67633459436737
            ]
        }
    ],
    "6": [
        {
            "F1": [
                50.609201470864086
            ]
        }
    ],
    "7": [
        {
            "F1": [
                51.03522680195278
            ]
        }
    ],
    "8": [
        {
            "F1": [
                52.499211093345124
            ]
        }
    ],
    "9": [
        {
            "F1": [
                54.65404424400329
            ]
        }
    ],
    "10": [
        {
            "F1": [
                49.77518547965407
            ]
        }
    ],
    "average f1": [
        52.49080222052271
    ]
}