{
    "1": [
        {
            "F1": [
                57.387585335698546
            ]
        }
    ],
    "2": [
        {
            "F1": [
                57.23001837743479
            ]
        }
    ],
    "3": [
        {
            "F1": [
                58.73042863252166
            ]
        }
    ],
    "4": [
        {
            "F1": [
                58.0175934915799
            ]
        }
    ],
    "5": [
        {
            "F1": [
                56.76372158684805
            ]
        }
    ],
    "6": [
        {
            "F1": [
                56.64056332017498
            ]
        }
    ],
    "7": [
        {
            "F1": [
                56.1487938346818
            ]
        }
    ],
    "8": [
        {
            "F1": [
                58.80425448365849
            ]
        }
    ],
    "9": [
        {
            "F1": [
                59.54689617448643
            ]
        }
    ],
    "10": [
        {
            "F1": [
                51.842292440267734
            ]
        }
    ],
    "average f1": [
        57.111214767735234
    ]
}