{
    "1": [
        {
            "F1": [
                53.496499185244836
            ]
        }
    ],
    "2": [
        {
            "F1": [
                52.1288591414603
            ]
        }
    ],
    "3": [
        {
            "F1": [
                51.104060456232425
            ]
        }
    ],
    "4": [
        {
            "F1": [
                51.41665809610005
            ]
        }
    ],
    "5": [
        {
            "F1": [
                51.71479175160806
            ]
        }
    ],
    "6": [
        {
            "F1": [
                53.33663740205796
            ]
        }
    ],
    "7": [
        {
            "F1": [
                47.29832440357444
            ]
        }
    ],
    "8": [
        {
            "F1": [
                53.19415653553483
            ]
        }
    ],
    "9": [
        {
            "F1": [
                51.5008100120712
            ]
        }
    ],
    "10": [
        {
            "F1": [
                48.67024492896228
            ]
        }
    ],
    "average f1": [
        51.38610419128463
    ]
}