{
    "1": [
        {
            "F1": [
                54.212701185750156
            ]
        }
    ],
    "2": [
        {
            "F1": [
                55.931763067427745
            ]
        }
    ],
    "3": [
        {
            "F1": [
                54.56770883753974
            ]
        }
    ],
    "4": [
        {
            "F1": [
                56.825271902308906
            ]
        }
    ],
    "5": [
        {
            "F1": [
                55.94586729604796
            ]
        }
    ],
    "6": [
        {
            "F1": [
                53.99881899233737
            ]
        }
    ],
    "7": [
        {
            "F1": [
                54.02740645280094
            ]
        }
    ],
    "8": [
        {
            "F1": [
                50.864759338517175
            ]
        }
    ],
    "9": [
        {
            "F1": [
                55.92375076793348
            ]
        }
    ],
    "10": [
        {
            "F1": [
                51.62457683955034
            ]
        }
    ],
    "average f1": [
        54.392262468021386
    ]
}