{
    "1": [
        {
            "F1": [
                53.53557775311381
            ]
        }
    ],
    "2": [
        {
            "F1": [
                54.65879845560586
            ]
        }
    ],
    "3": [
        {
            "F1": [
                53.522236359332474
            ]
        }
    ],
    "4": [
        {
            "F1": [
                52.35538750910644
            ]
        }
    ],
    "5": [
        {
            "F1": [
                51.09306389860375
            ]
        }
    ],
    "6": [
        {
            "F1": [
                54.708518450945256
            ]
        }
    ],
    "7": [
        {
            "F1": [
                52.31221375243115
            ]
        }
    ],
    "8": [
        {
            "F1": [
                51.69211997554902
            ]
        }
    ],
    "9": [
        {
            "F1": [
                48.730929714384395
            ]
        }
    ],
    "10": [
        {
            "F1": [
                50.71968114731272
            ]
        }
    ],
    "average f1": [
        52.33285270163849
    ]
}