{
    "1": [
        {
            "F1": [
                56.91040640394088
            ]
        }
    ],
    "2": [
        {
            "F1": [
                56.92585340191722
            ]
        }
    ],
    "3": [
        {
            "F1": [
                58.22704081632652
            ]
        }
    ],
    "4": [
        {
            "F1": [
                59.41598871790935
            ]
        }
    ],
    "5": [
        {
            "F1": [
                60.077139819000934
            ]
        }
    ],
    "6": [
        {
            "F1": [
                55.29804365511218
            ]
        }
    ],
    "7": [
        {
            "F1": [
                57.08247408643112
            ]
        }
    ],
    "8": [
        {
            "F1": [
                59.77873469187103
            ]
        }
    ],
    "9": [
        {
            "F1": [
                61.166560862544394
            ]
        }
    ],
    "10": [
        {
            "F1": [
                51.52320182880844
            ]
        }
    ],
    "average f1": [
        57.64054442838621
    ]
}