{
    "1": [
        {
            "F1": [
                57.39306069273118
            ]
        }
    ],
    "2": [
        {
            "F1": [
                57.59810887135408
            ]
        }
    ],
    "3": [
        {
            "F1": [
                57.093015761582656
            ]
        }
    ],
    "4": [
        {
            "F1": [
                59.14211456649099
            ]
        }
    ],
    "5": [
        {
            "F1": [
                58.54025909894369
            ]
        }
    ],
    "6": [
        {
            "F1": [
                55.66712409015289
            ]
        }
    ],
    "7": [
        {
            "F1": [
                55.51761788654832
            ]
        }
    ],
    "8": [
        {
            "F1": [
                59.734874341009395
            ]
        }
    ],
    "9": [
        {
            "F1": [
                60.61443499019177
            ]
        }
    ],
    "10": [
        {
            "F1": [
                52.57083979074599
            ]
        }
    ],
    "average f1": [
        57.38714500897508
    ]
}