{
    "1": [
        {
            "F1": [
                58.1350211859186
            ]
        }
    ],
    "2": [
        {
            "F1": [
                60.46659437134213
            ]
        }
    ],
    "3": [
        {
            "F1": [
                59.784407675642214
            ]
        }
    ],
    "4": [
        {
            "F1": [
                61.08112359482909
            ]
        }
    ],
    "5": [
        {
            "F1": [
                60.11477187258857
            ]
        }
    ],
    "6": [
        {
            "F1": [
                56.4043828783721
            ]
        }
    ],
    "7": [
        {
            "F1": [
                57.847942625325985
            ]
        }
    ],
    "8": [
        {
            "F1": [
                59.811660461311455
            ]
        }
    ],
    "9": [
        {
            "F1": [
                62.34838913626878
            ]
        }
    ],
    "10": [
        {
            "F1": [
                55.11328584610147
            ]
        }
    ],
    "average f1": [
        59.11075796477004
    ]
}