{
    "1": [
        {
            "F1": [
                57.09332259365234
            ]
        }
    ],
    "2": [
        {
            "F1": [
                56.857726940046184
            ]
        }
    ],
    "3": [
        {
            "F1": [
                53.46984015420999
            ]
        }
    ],
    "4": [
        {
            "F1": [
                57.79850562490731
            ]
        }
    ],
    "5": [
        {
            "F1": [
                58.349342932071636
            ]
        }
    ],
    "6": [
        {
            "F1": [
                53.33179041804181
            ]
        }
    ],
    "7": [
        {
            "F1": [
                53.92466846422922
            ]
        }
    ],
    "8": [
        {
            "F1": [
                54.93049625325908
            ]
        }
    ],
    "9": [
        {
            "F1": [
                58.45762284466212
            ]
        }
    ],
    "10": [
        {
            "F1": [
                51.83096035144112
            ]
        }
    ],
    "average f1": [
        55.60442765765208
    ]
}