{
    "1": [
        {
            "F1": [
                54.884164748295184
            ]
        }
    ],
    "2": [
        {
            "F1": [
                56.24456949778828
            ]
        }
    ],
    "3": [
        {
            "F1": [
                55.83942431228812
            ]
        }
    ],
    "4": [
        {
            "F1": [
                56.31733021077283
            ]
        }
    ],
    "5": [
        {
            "F1": [
                55.68904250889546
            ]
        }
    ],
    "6": [
        {
            "F1": [
                58.611472864555566
            ]
        }
    ],
    "7": [
        {
            "F1": [
                51.08126630428013
            ]
        }
    ],
    "8": [
        {
            "F1": [
                57.05826708130872
            ]
        }
    ],
    "9": [
        {
            "F1": [
                55.02730527524322
            ]
        }
    ],
    "10": [
        {
            "F1": [
                52.01477680112707
            ]
        }
    ],
    "average f1": [
        55.27676196045546
    ]
}