{
    "1": [
        {
            "F1": [
                54.03328921667423
            ]
        }
    ],
    "2": [
        {
            "F1": [
                60.22068680383287
            ]
        }
    ],
    "3": [
        {
            "F1": [
                56.54165967561892
            ]
        }
    ],
    "4": [
        {
            "F1": [
                60.704802921783376
            ]
        }
    ],
    "5": [
        {
            "F1": [
                58.15140732579343
            ]
        }
    ],
    "6": [
        {
            "F1": [
                54.46231470899764
            ]
        }
    ],
    "7": [
        {
            "F1": [
                54.25526878371895
            ]
        }
    ],
    "8": [
        {
            "F1": [
                56.20402342755284
            ]
        }
    ],
    "9": [
        {
            "F1": [
                58.761685861688726
            ]
        }
    ],
    "10": [
        {
            "F1": [
                52.085083337705015
            ]
        }
    ],
    "average f1": [
        56.5420222063366
    ]
}