{
    "1": [
        {
            "F1": [
                51.37428408553134
            ]
        }
    ],
    "2": [
        {
            "F1": [
                53.21593915343915
            ]
        }
    ],
    "3": [
        {
            "F1": [
                53.06029101591954
            ]
        }
    ],
    "4": [
        {
            "F1": [
                51.71179832179313
            ]
        }
    ],
    "5": [
        {
            "F1": [
                52.32569567682145
            ]
        }
    ],
    "6": [
        {
            "F1": [
                52.50257269356633
            ]
        }
    ],
    "7": [
        {
            "F1": [
                47.42551745902857
            ]
        }
    ],
    "8": [
        {
            "F1": [
                54.83293048434713
            ]
        }
    ],
    "9": [
        {
            "F1": [
                50.933278923938744
            ]
        }
    ],
    "10": [
        {
            "F1": [
                51.65791723446351
            ]
        }
    ],
    "average f1": [
        51.90402250488489
    ]
}