{
    "1": [
        {
            "F1": [
                54.51265238409303
            ]
        }
    ],
    "2": [
        {
            "F1": [
                55.18094529358609
            ]
        }
    ],
    "3": [
        {
            "F1": [
                52.44277445259231
            ]
        }
    ],
    "4": [
        {
            "F1": [
                57.59487971239407
            ]
        }
    ],
    "5": [
        {
            "F1": [
                57.367842970521544
            ]
        }
    ],
    "6": [
        {
            "F1": [
                53.58865914786968
            ]
        }
    ],
    "7": [
        {
            "F1": [
                54.459071130982494
            ]
        }
    ],
    "8": [
        {
            "F1": [
                54.15860919839635
            ]
        }
    ],
    "9": [
        {
            "F1": [
                57.848970863405505
            ]
        }
    ],
    "10": [
        {
            "F1": [
                50.215495812507214
            ]
        }
    ],
    "average f1": [
        54.73699009663483
    ]
}