{
    "1": [
        {
            "F1": [
                54.98373539958108
            ]
        }
    ],
    "2": [
        {
            "F1": [
                57.314308121021625
            ]
        }
    ],
    "3": [
        {
            "F1": [
                57.47850210452866
            ]
        }
    ],
    "4": [
        {
            "F1": [
                60.348298028931914
            ]
        }
    ],
    "5": [
        {
            "F1": [
                58.489047327982334
            ]
        }
    ],
    "6": [
        {
            "F1": [
                57.05367084139221
            ]
        }
    ],
    "7": [
        {
            "F1": [
                54.7798066595059
            ]
        }
    ],
    "8": [
        {
            "F1": [
                58.374160146498454
            ]
        }
    ],
    "9": [
        {
            "F1": [
                61.1337354324269
            ]
        }
    ],
    "10": [
        {
            "F1": [
                53.23026927373428
            ]
        }
    ],
    "average f1": [
        57.31855333356033
    ]
}