{
    "1": [
        {
            "F1": [
                57.478423421135204
            ]
        }
    ],
    "2": [
        {
            "F1": [
                57.17926646958163
            ]
        }
    ],
    "3": [
        {
            "F1": [
                57.242521245342836
            ]
        }
    ],
    "4": [
        {
            "F1": [
                57.27670184653433
            ]
        }
    ],
    "5": [
        {
            "F1": [
                58.22199570280815
            ]
        }
    ],
    "6": [
        {
            "F1": [
                55.69581625381028
            ]
        }
    ],
    "7": [
        {
            "F1": [
                55.968913996833656
            ]
        }
    ],
    "8": [
        {
            "F1": [
                59.18135969369628
            ]
        }
    ],
    "9": [
        {
            "F1": [
                60.60284789845575
            ]
        }
    ],
    "10": [
        {
            "F1": [
                53.15263734047764
            ]
        }
    ],
    "average f1": [
        57.20004838686757
    ]
}