{
    "1": [
        {
            "F1": [
                59.689259964422284
            ]
        }
    ],
    "2": [
        {
            "F1": [
                61.84593619379216
            ]
        }
    ],
    "3": [
        {
            "F1": [
                59.16555184477866
            ]
        }
    ],
    "4": [
        {
            "F1": [
                60.964781095055606
            ]
        }
    ],
    "5": [
        {
            "F1": [
                59.00708308403605
            ]
        }
    ],
    "6": [
        {
            "F1": [
                58.52700781081883
            ]
        }
    ],
    "7": [
        {
            "F1": [
                57.34775824999797
            ]
        }
    ],
    "8": [
        {
            "F1": [
                61.504443230785945
            ]
        }
    ],
    "9": [
        {
            "F1": [
                61.87846517917512
            ]
        }
    ],
    "10": [
        {
            "F1": [
                55.004917859112346
            ]
        }
    ],
    "average f1": [
        59.49352045119749
    ]
}