{
    "1": [
        {
            "F1": [
                53.99902603819642
            ]
        }
    ],
    "2": [
        {
            "F1": [
                54.66773811664568
            ]
        }
    ],
    "3": [
        {
            "F1": [
                53.477736814029555
            ]
        }
    ],
    "4": [
        {
            "F1": [
                57.294311683897384
            ]
        }
    ],
    "5": [
        {
            "F1": [
                57.6550133444226
            ]
        }
    ],
    "6": [
        {
            "F1": [
                53.32464960986384
            ]
        }
    ],
    "7": [
        {
            "F1": [
                52.93261744904947
            ]
        }
    ],
    "8": [
        {
            "F1": [
                54.854567074073344
            ]
        }
    ],
    "9": [
        {
            "F1": [
                58.123264173217606
            ]
        }
    ],
    "10": [
        {
            "F1": [
                49.83291441279697
            ]
        }
    ],
    "average f1": [
        54.616183871619285
    ]
}