{
    "1": [
        {
            "F1": [
                53.54802548559442
            ]
        }
    ],
    "2": [
        {
            "F1": [
                52.08045107706886
            ]
        }
    ],
    "3": [
        {
            "F1": [
                52.01133621441727
            ]
        }
    ],
    "4": [
        {
            "F1": [
                50.49119846359342
            ]
        }
    ],
    "5": [
        {
            "F1": [
                52.16171117209164
            ]
        }
    ],
    "6": [
        {
            "F1": [
                51.54793280561639
            ]
        }
    ],
    "7": [
        {
            "F1": [
                46.949342812877916
            ]
        }
    ],
    "8": [
        {
            "F1": [
                52.71186418073077
            ]
        }
    ],
    "9": [
        {
            "F1": [
                52.79925640837485
            ]
        }
    ],
    "10": [
        {
            "F1": [
                48.847275959390295
            ]
        }
    ],
    "average f1": [
        51.31483945797559
    ]
}