{
    "1": [
        {
            "F1": [
                51.0449455671954
            ]
        }
    ],
    "2": [
        {
            "F1": [
                55.22751105172238
            ]
        }
    ],
    "3": [
        {
            "F1": [
                51.45577461753932
            ]
        }
    ],
    "4": [
        {
            "F1": [
                53.57388860996187
            ]
        }
    ],
    "5": [
        {
            "F1": [
                52.50311428579395
            ]
        }
    ],
    "6": [
        {
            "F1": [
                53.37850427709804
            ]
        }
    ],
    "7": [
        {
            "F1": [
                49.70709063483435
            ]
        }
    ],
    "8": [
        {
            "F1": [
                53.74349272737726
            ]
        }
    ],
    "9": [
        {
            "F1": [
                52.450861809731784
            ]
        }
    ],
    "10": [
        {
            "F1": [
                47.487079918371016
            ]
        }
    ],
    "average f1": [
        52.057226349962534
    ]
}