{
    "1": [
        {
            "F1": [
                55.91809422880589
            ]
        }
    ],
    "2": [
        {
            "F1": [
                59.46426722119653
            ]
        }
    ],
    "3": [
        {
            "F1": [
                55.25156935167729
            ]
        }
    ],
    "4": [
        {
            "F1": [
                56.49413514516088
            ]
        }
    ],
    "5": [
        {
            "F1": [
                58.25578931855083
            ]
        }
    ],
    "6": [
        {
            "F1": [
                56.53850230774323
            ]
        }
    ],
    "7": [
        {
            "F1": [
                52.29048891659298
            ]
        }
    ],
    "8": [
        {
            "F1": [
                56.54992570915701
            ]
        }
    ],
    "9": [
        {
            "F1": [
                55.68496350096649
            ]
        }
    ],
    "10": [
        {
            "F1": [
                51.922648369692716
            ]
        }
    ],
    "average f1": [
        55.83703840695439
    ]
}