{
    "1": [
        {
            "F1": [
                53.94793712728495
            ]
        }
    ],
    "2": [
        {
            "F1": [
                55.84799341607643
            ]
        }
    ],
    "3": [
        {
            "F1": [
                55.959059014796075
            ]
        }
    ],
    "4": [
        {
            "F1": [
                52.54028652818498
            ]
        }
    ],
    "5": [
        {
            "F1": [
                52.46279761904762
            ]
        }
    ],
    "6": [
        {
            "F1": [
                55.06878858484843
            ]
        }
    ],
    "7": [
        {
            "F1": [
                52.22695993058394
            ]
        }
    ],
    "8": [
        {
            "F1": [
                54.40677411958692
            ]
        }
    ],
    "9": [
        {
            "F1": [
                51.89116737760733
            ]
        }
    ],
    "10": [
        {
            "F1": [
                50.40390852771963
            ]
        }
    ],
    "average f1": [
        53.47556722457364
    ]
}