{
    "1": [
        {
            "F1": [
                57.03997638046931
            ]
        }
    ],
    "2": [
        {
            "F1": [
                61.01692782851211
            ]
        }
    ],
    "3": [
        {
            "F1": [
                56.888997003675904
            ]
        }
    ],
    "4": [
        {
            "F1": [
                58.371460301792865
            ]
        }
    ],
    "5": [
        {
            "F1": [
                58.761449633982885
            ]
        }
    ],
    "6": [
        {
            "F1": [
                58.7326594165386
            ]
        }
    ],
    "7": [
        {
            "F1": [
                55.65996503496503
            ]
        }
    ],
    "8": [
        {
            "F1": [
                58.87485744180305
            ]
        }
    ],
    "9": [
        {
            "F1": [
                57.25697215521283
            ]
        }
    ],
    "10": [
        {
            "F1": [
                51.913364574254764
            ]
        }
    ],
    "average f1": [
        57.451662977120726
    ]
}