{
    "1": [
        {
            "F1": [
                56.899113760417016
            ]
        }
    ],
    "2": [
        {
            "F1": [
                55.438936762976795
            ]
        }
    ],
    "3": [
        {
            "F1": [
                56.38972178896009
            ]
        }
    ],
    "4": [
        {
            "F1": [
                56.69833247082128
            ]
        }
    ],
    "5": [
        {
            "F1": [
                58.651476924650815
            ]
        }
    ],
    "6": [
        {
            "F1": [
                53.5607421275617
            ]
        }
    ],
    "7": [
        {
            "F1": [
                53.32086955583976
            ]
        }
    ],
    "8": [
        {
            "F1": [
                54.05298771232698
            ]
        }
    ],
    "9": [
        {
            "F1": [
                59.88717120817832
            ]
        }
    ],
    "10": [
        {
            "F1": [
                52.27129988402264
            ]
        }
    ],
    "average f1": [
        55.71706521957553
    ]
}