{
    "1": [
        {
            "F1": [
                56.05383200993137
            ]
        }
    ],
    "2": [
        {
            "F1": [
                59.207411705838396
            ]
        }
    ],
    "3": [
        {
            "F1": [
                57.01254732450681
            ]
        }
    ],
    "4": [
        {
            "F1": [
                59.390044828929156
            ]
        }
    ],
    "5": [
        {
            "F1": [
                56.73378161910272
            ]
        }
    ],
    "6": [
        {
            "F1": [
                56.13283752338367
            ]
        }
    ],
    "7": [
        {
            "F1": [
                55.06048217606264
            ]
        }
    ],
    "8": [
        {
            "F1": [
                58.897913232278555
            ]
        }
    ],
    "9": [
        {
            "F1": [
                58.3949132903413
            ]
        }
    ],
    "10": [
        {
            "F1": [
                52.70687703124132
            ]
        }
    ],
    "average f1": [
        56.959064074161596
    ]
}