{
    "1": [
        {
            "F1": [
                57.30605691620063
            ]
        }
    ],
    "2": [
        {
            "F1": [
                58.742712341520765
            ]
        }
    ],
    "3": [
        {
            "F1": [
                57.75406109211059
            ]
        }
    ],
    "4": [
        {
            "F1": [
                61.26664371303507
            ]
        }
    ],
    "5": [
        {
            "F1": [
                57.830963491976405
            ]
        }
    ],
    "6": [
        {
            "F1": [
                54.8576461834734
            ]
        }
    ],
    "7": [
        {
            "F1": [
                55.199019371972646
            ]
        }
    ],
    "8": [
        {
            "F1": [
                57.65488454977324
            ]
        }
    ],
    "9": [
        {
            "F1": [
                61.33851440406703
            ]
        }
    ],
    "10": [
        {
            "F1": [
                54.78832955506384
            ]
        }
    ],
    "average f1": [
        57.67388316191936
    ]
}