{
    "1": [
        {
            "F1": [
                54.70327393961816
            ]
        }
    ],
    "2": [
        {
            "F1": [
                55.637501575972856
            ]
        }
    ],
    "3": [
        {
            "F1": [
                55.75257314908168
            ]
        }
    ],
    "4": [
        {
            "F1": [
                57.59737531599768
            ]
        }
    ],
    "5": [
        {
            "F1": [
                54.640648145921986
            ]
        }
    ],
    "6": [
        {
            "F1": [
                56.49185092225545
            ]
        }
    ],
    "7": [
        {
            "F1": [
                52.467073181463384
            ]
        }
    ],
    "8": [
        {
            "F1": [
                57.44583348839909
            ]
        }
    ],
    "9": [
        {
            "F1": [
                53.823530586664205
            ]
        }
    ],
    "10": [
        {
            "F1": [
                51.06866129599609
            ]
        }
    ],
    "average f1": [
        54.962832160137054
    ]
}