{
    "1": [
        {
            "F1": [
                58.247479451984496
            ]
        }
    ],
    "2": [
        {
            "F1": [
                57.34768301788925
            ]
        }
    ],
    "3": [
        {
            "F1": [
                58.84054886669068
            ]
        }
    ],
    "4": [
        {
            "F1": [
                57.61484215744215
            ]
        }
    ],
    "5": [
        {
            "F1": [
                60.63808674985146
            ]
        }
    ],
    "6": [
        {
            "F1": [
                55.192636755373435
            ]
        }
    ],
    "7": [
        {
            "F1": [
                56.26512758412534
            ]
        }
    ],
    "8": [
        {
            "F1": [
                58.190479464216736
            ]
        }
    ],
    "9": [
        {
            "F1": [
                60.64140388625956
            ]
        }
    ],
    "10": [
        {
            "F1": [
                53.92183103437473
            ]
        }
    ],
    "average f1": [
        57.690011896820785
    ]
}