{
    "1": [
        {
            "F1": [
                54.64758951881608
            ]
        }
    ],
    "2": [
        {
            "F1": [
                54.27585854095665
            ]
        }
    ],
    "3": [
        {
            "F1": [
                53.755507955936345
            ]
        }
    ],
    "4": [
        {
            "F1": [
                56.04109905454852
            ]
        }
    ],
    "5": [
        {
            "F1": [
                56.64402723275367
            ]
        }
    ],
    "6": [
        {
            "F1": [
                54.07014988583041
            ]
        }
    ],
    "7": [
        {
            "F1": [
                54.966809227416746
            ]
        }
    ],
    "8": [
        {
            "F1": [
                52.793668954996186
            ]
        }
    ],
    "9": [
        {
            "F1": [
                56.94505098927402
            ]
        }
    ],
    "10": [
        {
            "F1": [
                51.07200136460415
            ]
        }
    ],
    "average f1": [
        54.52117627251327
    ]
}