{
    "1": [
        {
            "F1": [
                55.768565171468985
            ]
        }
    ],
    "2": [
        {
            "F1": [
                59.10199149670674
            ]
        }
    ],
    "3": [
        {
            "F1": [
                57.00543203275033
            ]
        }
    ],
    "4": [
        {
            "F1": [
                59.825770536393996
            ]
        }
    ],
    "5": [
        {
            "F1": [
                58.37125994231103
            ]
        }
    ],
    "6": [
        {
            "F1": [
                55.902340316133426
            ]
        }
    ],
    "7": [
        {
            "F1": [
                53.4379983935476
            ]
        }
    ],
    "8": [
        {
            "F1": [
                58.79502558452393
            ]
        }
    ],
    "9": [
        {
            "F1": [
                57.43902868440601
            ]
        }
    ],
    "10": [
        {
            "F1": [
                52.19934219547222
            ]
        }
    ],
    "average f1": [
        56.78467543537143
    ]
}