{"loss": 0.15579069545161753, "accuracy": 39.77900552486188, "precision": 41.211870141977116, "recall": 39.6088870704419, "F1_measure": 39.44557364242147, "_runtime": 315, "_timestamp": 1643472278, "_step": 3, "e_loss": 0.15508027670887367, "e_accuracy": 43.53312302839117, "e_precision": 50.78056517553061, "e_recall": 44.15990069074587, "e_F1_measure": 39.495389616007145, "_wandb": {"runtime": 316}}