{"loss": 0.0232602171317646, "accuracy": 94.6969696969697, "precision": 94.6629361331745, "recall": 94.5944484924748, "F1_measure": 94.61957971995875, "_runtime": 261, "_timestamp": 1637818308, "_step": 3}