{
    "1": [
        {
            "t_loss": [
                0.1317022763186773,
                0.05122933995372659,
                0.02319217044948332,
                0.010726455729542964,
                0.006915444563508281,
                0.003856632281675488
            ],
            "t_accuracy": [
                54.85398579321231,
                85.71428571428571,
                94.31728492501973,
                98.02683504340963,
                98.73717442778216,
                99.4475138121547
            ],
            "t_precision": [
                54.938240035606626,
                85.69006344702159,
                94.3336581554769,
                98.01101591751835,
                98.73725065324462,
                99.4425261050674
            ],
            "t_recall": [
                54.64186619801317,
                85.63514268423316,
                94.2988934227276,
                98.02390705623176,
                98.72703031174753,
                99.4466224942874
            ],
            "t_F1_measure": [
                54.562353387593134,
                85.64669859797336,
                94.30789722683419,
                98.01639417414295,
                98.73179463303622,
                99.44406047739417
            ],
            "e_loss": [
                0.0742378804115843,
                0.04617204357302904,
                0.035921976522598355,
                0.04914346406065891,
                0.04661209027397473,
                0.04533247233879655
            ],
            "e_accuracy": [
                75.70977917981072,
                86.75078864353313,
                89.58990536277602,
                88.01261829652996,
                88.9589905362776,
                89.27444794952682
            ],
            "e_precision": [
                77.63969326469326,
                87.70342312008978,
                89.8090663126895,
                89.26931475191591,
                89.73325211050803,
                89.48997779336139
            ],
            "e_recall": [
                75.90651500326157,
                86.82974559686889,
                89.64204174820614,
                88.03489889106326,
                88.98727984344423,
                89.3745923026745
            ],
            "e_F1_measure": [
                74.99733604168658,
                86.66640518717408,
                89.5833770267,
                87.86984253035473,
                88.9554355917401,
                89.18749872438924
            ],
            "epoch": [
                6
            ]
        }
    ],
    "2": [
        {
            "t_loss": [
                0.14806259217089146,
                0.06541765316873907,
                0.029463194318015744,
                0.015242270984919926,
                0.007104302391346659,
                0.00373356894115111
            ],
            "t_accuracy": [
                45.85635359116022,
                79.47908445146014,
                91.71270718232044,
                96.2904498816101,
                98.97395422257301,
                99.60536700868192
            ],
            "t_precision": [
                46.458276797829036,
                79.4341527939089,
                91.73276117194436,
                96.30826650012132,
                98.97608945595309,
                99.60210342858974
            ],
            "t_recall": [
                45.79005047006632,
                79.47222115407541,
                91.7319812767542,
                96.3062035521759,
                98.98042864970003,
                99.60856618879532
            ],
            "t_F1_measure": [
                45.88605319246935,
                79.42369479600289,
                91.7237044033021,
                96.30423131014308,
                98.97716192124997,
                99.60408883292534
            ],
            "e_loss": [
                0.08625743817831816,
                0.04573778314545328,
                0.04227728292651545,
                0.04564857448830213,
                0.05150199475571842,
                0.04456512301084982
            ],
            "e_accuracy": [
                74.44794952681389,
                87.06624605678233,
                87.38170347003154,
                87.38170347003154,
                87.06624605678233,
                88.64353312302839
            ],
            "e_precision": [
                76.5057342497809,
                87.56697903880654,
                88.19187763577038,
                88.30670140396585,
                88.10502872590185,
                89.14897141434666
            ],
            "e_recall": [
                73.253280588082,
                86.36796240515561,
                86.74714410016594,
                86.72095631085945,
                86.16822831620173,
                88.04990993284463
            ],
            "e_F1_measure": [
                73.72830261136713,
                86.56002134329354,
                86.82722224568643,
                86.7348721626118,
                86.4962155865421,
                88.26362846491483
            ],
            "epoch": [
                6
            ]
        }
    ],
    "3": [
        {
            "t_loss": [
                0.12914201205606618,
                0.06019000345936608,
                0.029149938528385565,
                0.013146938745817427,
                0.00657674548695424,
                0.0033082016118917536
            ],
            "t_accuracy": [
                53.35438042620363,
                81.53117600631413,
                92.10734017363852,
                97.07971586424625,
                98.73717442778216,
                99.68429360694554
            ],
            "t_precision": [
                54.096681181623815,
                81.63403353514651,
                92.11868711203192,
                97.08273014831477,
                98.7400521776535,
                99.68051118210862
            ],
            "t_recall": [
                53.34378184432914,
                81.47429684672278,
                92.08701191589267,
                97.08924224582363,
                98.73627443892376,
                99.68151890981474
            ],
            "t_F1_measure": [
                53.178332610078805,
                81.50387809201789,
                92.09820733780933,
                97.08369232086326,
                98.73726889727656,
                99.68012636486321
            ],
            "e_loss": [
                0.08123731810587814,
                0.05162219472864073,
                0.04296206079470435,
                0.045419380841453555,
                0.042164489870732326,
                0.04638692372249387
            ],
            "e_accuracy": [
                79.81072555205047,
                85.17350157728707,
                88.64353312302839,
                89.27444794952682,
                89.27444794952682,
                89.90536277602524
            ],
            "e_precision": [
                81.06277473012538,
                85.49411049631121,
                88.66836957897046,
                89.86468309082287,
                89.43130889690023,
                90.20085306850012
            ],
            "e_recall": [
                79.74758890898131,
                85.05590717299579,
                88.59147076552141,
                89.11919831223629,
                89.29581072935503,
                89.90988547317662
            ],
            "e_F1_measure": [
                79.30794637472293,
                85.08993309792035,
                88.591271884377,
                89.17718818847507,
                89.3046271638941,
                89.92838498826524
            ],
            "epoch": [
                6
            ]
        }
    ],