{
    "1": [
        {
            "t_loss": [
                0.13052073980798473,
                0.05296447728161466,
                0.024676902503386763,
                0.01200123215145663,
                0.00611971652255803,
                0.0030435121496191105
            ],
            "t_accuracy": [
                54.301499605367006,
                84.76716653512234,
                94.1594317284925,
                97.47434885556433,
                98.81610102604577,
                99.60536700868192
            ],
            "t_precision": [
                54.21614884656679,
                84.74945143600873,
                94.16806248931151,
                97.47789910974505,
                98.82604165417524,
                99.6049216579508
            ],
            "t_recall": [
                54.31877703265744,
                84.77937383437165,
                94.16119400023808,
                97.47505059323043,
                98.81552319352406,
                99.60517439784135
            ],
            "t_F1_measure": [
                54.179667820536395,
                84.74716593314189,
                94.16238518699956,
                97.47488984163991,
                98.8181878847206,
                99.60492344248382
            ],
            "e_loss": [
                0.06723289318641278,
                0.0477239369923008,
                0.03445070347387332,
                0.03323785423033809,
                0.03078449757370146,
                0.031519416829112815
            ],
            "e_accuracy": [
                78.54889589905363,
                87.06624605678233,
                90.22082018927445,
                92.42902208201893,
                92.42902208201893,
                92.11356466876971
            ],
            "e_precision": [
                80.19316076416291,
                87.94200898917015,
                91.27664624725378,
                92.89158305462654,
                92.59263090177747,
                92.09262875183289
            ],
            "e_recall": [
                77.33968636333454,
                86.7020285674234,
                89.63909834069898,
                92.29409985317879,
                92.14677140896717,
                92.08668722655472
            ],
            "e_F1_measure": [
                77.84336092072539,
                86.58376158062555,
                90.13820106117686,
                92.48023143683703,
                92.33008125283779,
                92.07062352223643
            ],
            "epoch": [
                6
            ]
        }
    ],
    "2": [
        {
            "t_loss": [
                0.13047751092779045,
                0.05198465418820317,
                0.022572884530170093,
                0.011055881611785272,
                0.004902285601629125,
                0.0035244899551254046
            ],
            "t_accuracy": [
                52.80189423835833,
                85.24072612470403,
                95.1854775059195,
                97.79005524861878,
                99.52644041041832,
                99.4475138121547
            ],
            "t_precision": [
                53.88781659020858,
                85.44880604662585,
                95.21156452212585,
                97.77512047161251,
                99.51236039416244,
                99.44963852424905
            ],
            "t_recall": [
                52.55411203695674,
                85.09455229329002,
                95.1236777108254,
                97.79817007295888,
                99.52789472476155,
                99.4461802825862
            ],
            "t_F1_measure": [
                52.65371143727416,
                85.18900877617084,
                95.1587704707546,
                97.7857338209406,
                99.51972766808646,
                99.4477934022128
            ],
            "e_loss": [
                0.08322094944937372,
                0.06054106899992524,
                0.06584519183715623,
                0.06956079026408,
                0.09030825784870597,
                0.10418255181765707
            ],
            "e_accuracy": [
                73.18611987381703,
                81.38801261829653,
                83.59621451104101,
                83.91167192429022,
                80.4416403785489,
                79.17981072555204
            ],
            "e_precision": [
                77.18874007936508,
                82.60928751220014,
                85.6282425107023,
                85.82995487757393,
                82.65609390609391,
                81.91597946479101
            ],
            "e_recall": [
                73.054357379649,
                81.4210087606164,
                83.1177213799165,
                83.50452122323809,
                80.51539078845546,
                79.22279384368463
            ],
            "e_F1_measure": [
                71.73698060320451,
                80.87858183386639,
                82.97288911113625,
                83.43424695056524,
                79.94647527426892,
                78.46842544543759
            ],
            "epoch": [
                6
            ]
        }
    ],
    "3": [
        {
            "t_loss": [
                0.13441593160569057,
                0.05808013676714972,
                0.02654768824547929,
                0.012166041290591859,
                0.005451162761752071,
                0.0033968576868141885
            ],
            "t_accuracy": [
                52.644041041831095,
                83.34648776637727,
                92.81767955801105,
                97.63220205209156,
                99.36858721389108,
                99.60536700868192
            ],
            "t_precision": [
                54.19524378115859,
                83.48096111366645,
                92.80477367334169,
                97.62208996284075,
                99.35756444592462,
                99.59935626944362
            ],
            "t_recall": [
                52.456279916402615,
                83.25813392549017,
                92.79599558983207,
                97.6380949071062,
                99.38043926080736,
                99.61317857330127
            ],
            "t_F1_measure": [
                52.49087020570449,
                83.2896862629438,
                92.79866230750736,
                97.62897109738404,
                99.36666589894715,
                99.60563614359353
            ],
            "e_loss": [
                0.08432820538053001,
                0.05138982926445428,
                0.03411504807250357,
                0.03467852754183466,
                0.03362955123168484,
                0.03358697927592187
            ],
            "e_accuracy": [
                71.60883280757098,
                85.8044164037855,
                89.90536277602524,
                90.53627760252365,
                91.16719242902208,
                91.7981072555205
            ],
            "e_precision": [
                73.61255685372815,
                87.50743824382438,
                90.37311225988522,
                91.03778211621349,
                91.48098443238595,
                92.13856923077242
            ],
            "e_recall": [
                71.73061121246033,
                85.7916762480007,
                89.8317313342838,
                90.50290250545497,
                91.12242900870241,
                91.7935056440445
            ],
            "e_F1_measure": [
                70.67337160875374,
                85.61680443881642,
                89.81650035519327,
                90.48642133384055,
                91.12895229898658,
                91.73854823339873
            ],
            "epoch": [
                6
            ]
        }
    ],